,level,resp_time,time
0,4,2013-03-28 01:02:34,1364407354.0
1,5,2013-03-27 22:04:08,1364396648.0
2,4,2013-03-29 00:00:29,1364490029.0
3,4,2013-03-30 01:00:30,1364580030.0
4,5,2013-04-01 00:04:54,1364749494.0
5,1,2013-04-04 03:04:06,1365019446.0
6,1,2013-04-02 23:23:50,1364919830.0
7,1,2013-04-03 08:11:36,1364951496.0
8,1,2013-04-03 02:21:23,1364930483.0
9,1,2013-04-04 08:03:26,1365037406.0
10,1,2013-04-08 22:04:18,1365433458.0
11,1,2013-04-05 02:16:11,1365102971.0
12,1,2013-04-08 04:10:13,1365369013.0
13,1,2013-04-05 08:30:50,1365125450.0
14,1,2013-04-06 02:57:32,1365191852.0
15,1,2013-04-06 08:17:24,1365211044.0
16,1,2013-04-08 02:03:57,1365361437.0
17,4,2013-04-09 10:09:41,1365476981.0
18,4,2013-04-11 01:03:46,1365617026.0
19,1,2013-04-12 07:02:24,1365724944.0
20,1,2013-04-10 00:13:04,1365527584.0
21,1,2013-04-13 08:03:47,1365815027.0
22,1,2013-04-12 00:03:03,1365699783.0
23,1,2013-04-13 01:41:02,1365792062.0
24,1,2013-04-14 00:02:12,1365872532.0
25,2,2013-04-15 19:26:32,1366028792.0
26,2,2013-04-15 00:54:16,1365962056.0
27,2,2013-04-14 22:06:41,1365952001.0
28,2,2013-04-15 22:11:57,1366038717.0
29,2,2013-04-16 06:07:31,1366067251.0
30,3,2013-04-17 16:25:30,1366190730.0
31,1,2013-04-17 00:24:40,1366133080.0
32,2,2013-04-17 06:00:18,1366153218.0
33,1,2013-04-18 10:45:02,1366256702.0
34,2,2013-04-20 07:00:19,1366416019.0
35,2,2013-04-21 21:38:37,1366555117.0
36,3,2013-04-23 10:21:23,1366687283.0
37,3,2013-04-24 19:37:12,1366807032.0
38,3,2013-04-25 20:28:56,1366896536.0
39,3,2013-04-26 20:02:29,1366981349.0
40,3,2013-04-29 02:01:43,1367175703.0
41,3,2013-04-29 06:22:48,1367191368.0
42,3,2013-04-29 22:09:19,1367248159.0
43,2,2013-04-30 06:03:54,1367276634.0
44,2,2013-05-01 07:25:02,1367367902.0
45,3,2013-05-02 07:14:46,1367453686.0
46,2,2013-05-03 07:00:18,1367539218.0
47,3,2013-05-06 06:00:38,1367794838.0
48,1,2013-05-16 21:14:11,1368713651.0
49,1,2013-05-14 21:16:38,1368540998.0
50,1,2013-05-07 11:33:46,1367901226.0
51,1,2013-05-07 21:00:28,1367935228.0
52,1,2013-05-15 21:14:10,1368627250.0
53,1,2013-05-08 10:00:10,1367982010.0
54,1,2013-05-08 20:03:29,1368018209.0
55,4,2013-05-09 06:03:52,1368054232.0
56,1,2013-05-07 06:23:00,1367882580.0
57,2,2013-05-19 06:21:24,1368919284.0
58,1,2013-05-17 21:24:57,1368800697.0
59,1,2013-05-18 04:02:33,1368824553.0
60,1,2013-05-19 21:48:14,1368974894.0
61,1,2013-05-20 21:15:19,1369059319.0
62,1,2013-05-21 06:13:28,1369091608.0
63,1,2013-05-21 21:15:12,1369145712.0
64,1,2013-05-23 06:01:53,1369263713.0
65,1,2013-05-23 21:28:41,1369319321.0
66,5,2013-06-03 08:13:21,1370222001.0
