,tnv,distance,velocity,accelerate,week_date,date,hour in date,min in date,latitude,longitude,time,moving,active,time_difference,address,type,address_type,hall,nation,count
219,21,0.0,0.0,0.0,1,01:04:2013 ,7,31,43.7081954,-72.2849408,1364776265,False,0.0,,"Anonymous Hall, 64, College Street, Hanover, Grafton County, New Hampshire, 03755, United States",university,building,Anonymous Hall,us,2.0
220,21,0.0274523149923656,2.287692916030472e-05,1.906410763358726e-08,1,01:04:2013 ,10,31,43.7081967,-72.2848902,1364787064,False,0.0,10799.0,"Anonymous Hall, 64, College Street, Hanover, Grafton County, New Hampshire, 03755, United States",university,building,Anonymous Hall,us,2.0
218,21,21.65988690275134,0.0180499057522927,1.504158812691065e-05,1,01:04:2013 ,10,51,43.7080389,-72.284746,1364788264,True,1.0,1200.0,"Anonymous Hall, 64, College Street, Hanover, Grafton County, New Hampshire, 03755, United States",university,building,Anonymous Hall,us,1.0
0,21,339.1485655192901,0.2826238045994084,0.0002355198371661,1,01:04:2013 ,11,11,43.7055681,-72.2832591,1364789464,True,1.0,1200.0,"10, North Park Street, Hanover, Grafton County, New Hampshire, 03755, United States",dormitory,building,,us,117.0
137,21,5.847428145862454,0.0048728567882187,4.06071399018226e-06,1,01:04:2013 ,13,11,43.7056348,-72.2832624,1364796664,False,0.0,7200.0,"10, North Park Street, Hanover, Grafton County, New Hampshire, 03755, United States",dormitory,building,,us,4.0
1,21,20.28756186109303,0.0169063015509108,1.4088584625759051e-05,1,01:04:2013 ,13,31,43.705487,-72.2832408,1364797864,True,1.0,1200.0,"10, North Park Street, Hanover, Grafton County, New Hampshire, 03755, United States",dormitory,building,,us,117.0
2,21,4.172813957711861,0.0034773449647598,2.8977874706332364e-06,1,01:04:2013 ,20,51,43.7055696,-72.2832438,1364824264,False,0.0,26400.0,"10, North Park Street, Hanover, Grafton County, New Hampshire, 03755, United States",dormitory,building,,us,117.0
230,21,422.83687804522816,0.3523640650376901,0.0002936367208647,1,01:04:2013 ,21,11,43.7086501,-72.2836515,1364825464,True,1.0,1200.0,"Class of 1978 Life Sciences Center, 78, College Street, Hanover, Grafton County, New Hampshire, 03755, United States",university,building,Class of 1978 Life Sciences Center,us,9.0
243,21,11.378955598862484,0.0094903716420871,7.915239067628976e-06,1,01:04:2013 ,21,51,43.7086977,-72.2839355,1364827864,False,0.0,2400.0,"Class of 1978 Life Sciences Center, 78, College Street, Hanover, Grafton County, New Hampshire, 03755, United States",university,building,Class of 1978 Life Sciences Center,us,1.0
160,21,411.7184184665701,0.3430986820554751,0.0002859155683795,1,01:04:2013 ,22,11,43.7056982,-72.2832532,1364829064,True,1.0,1200.0,"12, North Park Street, Hanover, Grafton County, New Hampshire, 03755, United States",dormitory,building,,us,1.0
3,21,27.013472948698155,0.0225112274572484,1.875935621437372e-05,1,01:04:2013 ,22,31,43.7055014,-72.2832574,1364830264,True,1.0,1200.0,"10, North Park Street, Hanover, Grafton County, New Hampshire, 03755, United States",dormitory,building,,us,117.0
4,21,1.1941936388239258,0.0009951613656866,8.293011380721706e-07,2,02:04:2013 ,0,51,43.7055247,-72.2832509,1364838664,False,0.0,8400.0,"10, North Park Street, Hanover, Grafton County, New Hampshire, 03755, United States",dormitory,building,,us,117.0
168,21,92.22726565801568,0.015368649501419,2.561014747778544e-06,2,02:04:2013 ,2,31,43.7061966,-72.283279,1364844665,True,1.0,6001.0,"18, North Park Street, Hanover, Grafton County, New Hampshire, 03755, United States",dormitory,building,,us,2.0
197,21,173.3090322887588,0.0722120967869828,3.0088373661242844e-05,2,02:04:2013 ,3,11,43.704934,-72.2885781,1364847065,True,1.0,2400.0,"Dartmouth College, College Street, Hanover, Grafton County, New Hampshire, 03755, United States",university,amenity,Dartmouth College,us,3.0
185,21,2.429573842488821,0.0020246448687406,1.6872040572839031e-06,2,02:04:2013 ,4,11,43.7049725,-72.2885222,1364850664,False,0.0,3599.0,"Baker Memorial Library, 3, Wentworth Street, Hanover, Grafton County, New Hampshire, 03755, United States",library,amenity,Baker Memorial Library,us,4.0
224,21,258.64804769458846,0.2155400397454903,0.0001796166997879,2,02:04:2013 ,4,31,43.7030882,-72.2905074,1364851864,True,1.0,1200.0,"Dartmouth College, College Street, Hanover, Grafton County, New Hampshire, 03755, United States",university,amenity,Dartmouth College,us,6.0
225,21,5.394535470652678,0.0044954462255438,3.746205187953248e-06,2,02:04:2013 ,4,51,43.7030489,-72.290555,1364853064,False,0.0,1200.0,"Dartmouth College, College Street, Hanover, Grafton County, New Hampshire, 03755, United States",university,amenity,Dartmouth College,us,6.0
117,21,348.171584202983,0.2899014023338743,0.0002413833491539,2,02:04:2013 ,5,11,43.7055854,-72.2885511,1364854265,True,1.0,1201.0,"Berry Library, 25, North Main Street, Hanover, Grafton County, New Hampshire, 03755, United States",library,amenity,Berry Library,us,20.0
159,21,12.32625981730174,0.0102718831810847,8.559902650903988e-06,2,02:04:2013 ,7,11,43.705787,-72.2881908,1364861464,False,0.0,7199.0,"Dartmouth College, College Street, Hanover, Grafton County, New Hampshire, 03755, United States",university,amenity,Dartmouth College,us,1.0
118,21,26.01143529240771,0.0216761960770064,1.806349673083869e-05,2,02:04:2013 ,7,31,43.7055975,-72.2885014,1364862664,True,1.0,1200.0,"Berry Library, 25, North Main Street, Hanover, Grafton County, New Hampshire, 03755, United States",library,amenity,Berry Library,us,20.0
119,21,4.85913110457483,0.004049275920479,3.374396600399188e-06,2,02:04:2013 ,8,11,43.7055711,-72.2885603,1364865064,False,0.0,2400.0,"Berry Library, 25, North Main Street, Hanover, Grafton County, New Hampshire, 03755, United States",library,amenity,Berry Library,us,20.0
120,21,22.04452489023032,0.0183704374085252,1.530869784043772e-05,2,02:04:2013 ,8,31,43.7057317,-72.288403,1364866264,True,1.0,1200.0,"Berry Library, 25, North Main Street, Hanover, Grafton County, New Hampshire, 03755, United States",library,amenity,Berry Library,us,20.0
121,21,0.4255167843953372,0.0003545973203294,2.954977669412064e-07,2,02:04:2013 ,8,51,43.7057348,-72.2883662,1364867464,False,0.0,1200.0,"Berry Library, 25, North Main Street, Hanover, Grafton County, New Hampshire, 03755, United States",library,amenity,Berry Library,us,20.0
189,21,113.07739154239378,0.0942311596186614,7.852596634888458e-05,2,02:04:2013 ,9,11,43.7065586,-72.2833984,1364868664,True,1.0,1200.0,"22, North Park Street, Hanover, Grafton County, New Hampshire, 03755, United States",dormitory,building,,us,2.0
5,21,142.6714153132957,0.1188928460944131,9.907737174534424e-05,2,02:04:2013 ,9,31,43.7055192,-72.2832673,1364869864,True,1.0,1200.0,"10, North Park Street, Hanover, Grafton County, New Hampshire, 03755, United States",dormitory,building,,us,117.0
6,21,9.0319492129003,0.0075266243440835,6.2721869534029855e-06,2,02:04:2013 ,17,11,43.7054582,-72.2832465,1364897464,False,0.0,27600.0,"10, North Park Street, Hanover, Grafton County, New Hampshire, 03755, United States",dormitory,building,,us,117.0
7,21,20.49346050805396,0.0170778837567116,1.4231569797259692e-05,2,02:04:2013 ,17,31,43.7056075,-72.283177,1364898664,True,1.0,1200.0,"10, North Park Street, Hanover, Grafton County, New Hampshire, 03755, United States",dormitory,building,,us,117.0
8,21,7.72794626487876,0.0064399552207323,5.36662935061025e-06,3,03:04:2013 ,0,51,43.705476,-72.2832004,1364925064,False,0.0,26400.0,"10, North Park Street, Hanover, Grafton County, New Hampshire, 03755, United States",dormitory,building,,us,117.0
213,21,206.0748278962452,0.0292221820612939,4.143814813002551e-06,3,03:04:2013 ,2,48,43.7039747,-72.2855149,1364932116,True,1.0,7052.0,"Dartmouth College, College Street, Hanover, Grafton County, New Hampshire, 03755, United States",university,amenity,Dartmouth College,us,2.0
9,21,218.96388381318783,0.1624361155884183,0.0001205015694276,3,03:04:2013 ,3,11,43.7055699,-72.283286,1364933464,True,1.0,1348.0,"10, North Park Street, Hanover, Grafton County, New Hampshire, 03755, United States",dormitory,building,,us,117.0
10,21,0.5902335453137516,0.0004918612877614,4.09884406467883e-07,3,03:04:2013 ,3,51,43.7055548,-72.2832757,1364935864,False,0.0,2400.0,"10, North Park Street, Hanover, Grafton County, New Hampshire, 03755, United States",dormitory,building,,us,117.0
260,21,710.1985456327961,0.2959160606803317,0.0001232983586168,3,03:04:2013 ,4,31,43.7003809,-72.2841449,1364938264,True,1.0,2400.0,"Lebanon Street, Hanover, Grafton County, New Hampshire, 03755, United States",track,leisure,,us,2.0
11,21,713.547777648702,0.2973115740202925,0.0001238798225084,3,03:04:2013 ,5,11,43.7055792,-72.2832134,1364940664,True,1.0,2400.0,"10, North Park Street, Hanover, Grafton County, New Hampshire, 03755, United States",dormitory,building,,us,117.0
12,21,4.817953019336667,0.0040183094406477,3.351384020556932e-06,3,03:04:2013 ,6,51,43.7055346,-72.2832423,1364946664,False,0.0,6000.0,"10, North Park Street, Hanover, Grafton County, New Hampshire, 03755, United States",dormitory,building,,us,117.0
122,21,23.705417805352024,0.0098772574188966,4.1155239245402814e-06,3,03:04:2013 ,7,31,43.7057073,-72.2885265,1364949064,True,1.0,2400.0,"Berry Library, 25, North Main Street, Hanover, Grafton County, New Hampshire, 03755, United States",library,amenity,Berry Library,us,20.0
123,21,13.534183892586393,0.0112784865771553,9.398738814296106e-06,3,03:04:2013 ,10,51,43.7056202,-72.2885764,1364961064,False,0.0,12000.0,"Berry Library, 25, North Main Street, Hanover, Grafton County, New Hampshire, 03755, United States",library,amenity,Berry Library,us,20.0
146,21,24.487807965284937,0.0204065066377374,1.700542219811454e-05,3,03:04:2013 ,11,11,43.7057986,-72.2885299,1364962264,True,1.0,1200.0,"Berry Library, 25, North Main Street, Hanover, Grafton County, New Hampshire, 03755, United States",library,amenity,Berry Library,us,5.0
13,21,32.70989697148784,0.0272582474762398,2.2715206230199884e-05,3,03:04:2013 ,11,31,43.7055603,-72.283234,1364963464,True,1.0,1200.0,"10, North Park Street, Hanover, Grafton County, New Hampshire, 03755, United States",dormitory,building,,us,117.0
14,21,13.575373006719476,0.0113033913461444,9.411649746997872e-06,3,03:04:2013 ,20,51,43.7055871,-72.2832647,1364997065,False,0.0,33601.0,"10, North Park Street, Hanover, Grafton County, New Hampshire, 03755, United States",dormitory,building,,us,117.0
231,21,420.9975361095015,0.3511238833273574,0.0002928472755023,3,03:04:2013 ,21,11,43.7086542,-72.2836975,1364998264,True,1.0,1199.0,"Class of 1978 Life Sciences Center, 78, College Street, Hanover, Grafton County, New Hampshire, 03755, United States",university,building,Class of 1978 Life Sciences Center,us,9.0
232,21,6.972871469122977,0.0058107262242691,4.842271853557624e-06,3,03:04:2013 ,22,11,43.7086507,-72.2837831,1365001864,False,0.0,3600.0,"Class of 1978 Life Sciences Center, 78, College Street, Hanover, Grafton County, New Hampshire, 03755, United States",university,building,Class of 1978 Life Sciences Center,us,9.0
15,21,429.7412369187703,0.3581176974323086,0.0002984314145269,3,03:04:2013 ,22,31,43.7055199,-72.2832335,1365003064,True,1.0,1200.0,"10, North Park Street, Hanover, Grafton County, New Hampshire, 03755, United States",dormitory,building,,us,117.0
16,21,12.490990807995408,0.0104091590066628,8.674299172219033e-06,4,04:04:2013 ,5,51,43.7054853,-72.2832474,1365029464,False,0.0,26400.0,"10, North Park Street, Hanover, Grafton County, New Hampshire, 03755, United States",dormitory,building,,us,117.0
124,21,36.44347730228229,0.0151847822092842,6.326992587201786e-06,4,04:04:2013 ,6,31,43.7057508,-72.2885426,1365031864,True,1.0,2400.0,"Berry Library, 25, North Main Street, Hanover, Grafton County, New Hampshire, 03755, United States",library,amenity,Berry Library,us,20.0
125,21,5.916054497259028,0.0049300454143825,4.108371178652103e-06,4,04:04:2013 ,7,31,43.7057555,-72.2883927,1365035464,False,0.0,3600.0,"Berry Library, 25, North Main Street, Hanover, Grafton County, New Hampshire, 03755, United States",library,amenity,Berry Library,us,20.0
222,21,317.3277316934316,0.2644397764111929,0.0002203664803426,4,04:04:2013 ,7,51,43.7034437,-72.2836942,1365036664,True,1.0,1200.0,"Alumni Gymnasium, 16, East Wheelock Street, Hanover, Grafton County, New Hampshire, 03755, United States",sports_centre,leisure,Alumni Gymnasium,us,1.0
241,21,99.39396556638115,0.0828283046386509,6.90235871988758e-05,4,04:04:2013 ,8,11,43.7027196,-72.2844018,1365037864,True,1.0,1200.0,"Alumni Gymnasium, 16, East Wheelock Street, Hanover, Grafton County, New Hampshire, 03755, United States",sports_centre,leisure,Alumni Gymnasium,us,2.0
242,21,5.147467380357816,0.0042895561502981,3.5746301252484834e-06,4,04:04:2013 ,8,51,43.7027459,-72.2844298,1365040264,False,0.0,2400.0,"Alumni Gymnasium, 16, East Wheelock Street, Hanover, Grafton County, New Hampshire, 03755, United States",sports_centre,leisure,Alumni Gymnasium,us,2.0
17,21,380.6213238406592,0.3171844365338826,0.0002643203637782,4,04:04:2013 ,9,11,43.7055188,-72.2832699,1365041464,True,1.0,1200.0,"10, North Park Street, Hanover, Grafton County, New Hampshire, 03755, United States",dormitory,building,,us,117.0
143,21,9.416283384043178,0.0078469028200359,6.5390856833633175e-06,4,04:04:2013 ,9,51,43.7055342,-72.2886323,1365043864,False,0.0,2400.0,"Berry Library, 25, North Main Street, Hanover, Grafton County, New Hampshire, 03755, United States",library,amenity,Berry Library,us,1.0
147,21,36.80035220112007,0.0306669601676,2.555580013966672e-05,4,04:04:2013 ,10,11,43.7058023,-72.28848,1365045064,True,1.0,1200.0,"Berry Library, 25, North Main Street, Hanover, Grafton County, New Hampshire, 03755, United States",library,amenity,Berry Library,us,5.0
18,21,1.8256063428693343,0.0015213386190577,1.2677821825481488e-06,4,04:04:2013 ,22,31,43.7055247,-72.2832448,1365089464,False,0.0,44400.0,"10, North Park Street, Hanover, Grafton County, New Hampshire, 03755, United States",dormitory,building,,us,117.0
233,21,430.6746016508776,0.1794477506878656,7.476989611994401e-05,4,04:04:2013 ,23,11,43.7086623,-72.2838307,1365091864,True,1.0,2400.0,"Class of 1978 Life Sciences Center, 78, College Street, Hanover, Grafton County, New Hampshire, 03755, United States",university,building,Class of 1978 Life Sciences Center,us,9.0
234,21,6.739526178700629,0.0056162718155838,4.680226512986548e-06,4,04:04:2013 ,23,51,43.7086316,-72.2836658,1365094264,False,0.0,2400.0,"Class of 1978 Life Sciences Center, 78, College Street, Hanover, Grafton County, New Hampshire, 03755, United States",university,building,Class of 1978 Life Sciences Center,us,9.0
19,21,416.3718063578306,0.3469765052981922,0.0002891470877484,5,05:04:2013 ,0,11,43.7055982,-72.2832755,1365095464,True,1.0,1200.0,"10, North Park Street, Hanover, Grafton County, New Hampshire, 03755, United States",dormitory,building,,us,117.0
20,21,0.3706116780545022,0.0003088430650454,2.5736922087118213e-07,5,05:04:2013 ,0,31,43.7055955,-72.2832892,1365096664,False,0.0,1200.0,"10, North Park Street, Hanover, Grafton County, New Hampshire, 03755, United States",dormitory,building,,us,117.0
21,21,22.881850395853267,0.019068208663211,1.5890173886009214e-05,5,05:04:2013 ,0,51,43.7054288,-72.2832407,1365097864,True,1.0,1200.0,"10, North Park Street, Hanover, Grafton County, New Hampshire, 03755, United States",dormitory,building,,us,117.0
261,21,700.6314912363302,0.1459648940075688,3.0409352918243498e-05,5,05:04:2013 ,2,11,43.7003246,-72.2840568,1365102664,True,1.0,4800.0,"Lebanon Street, Hanover, Grafton County, New Hampshire, 03755, United States",track,leisure,,us,2.0
22,21,707.3162331804974,0.5894301943170812,0.0004911918285975,5,05:04:2013 ,2,31,43.7054775,-72.2832553,1365103864,True,1.0,1200.0,"10, North Park Street, Hanover, Grafton County, New Hampshire, 03755, United States",dormitory,building,,us,117.0
138,21,12.39490304572178,0.0103290858714348,8.607571559529014e-06,5,05:04:2013 ,14,11,43.7056222,-72.2832266,1365145864,False,0.0,42000.0,"10, North Park Street, Hanover, Grafton County, New Hampshire, 03755, United States",dormitory,building,,us,4.0
23,21,21.509210067882336,0.0179243417232352,1.49369514360294e-05,5,05:04:2013 ,14,31,43.7054655,-72.2832566,1365147064,True,1.0,1200.0,"10, North Park Street, Hanover, Grafton County, New Hampshire, 03755, United States",dormitory,building,,us,117.0
24,21,15.428435620338371,0.0128570296836153,1.071419140301276e-05,5,05:04:2013 ,20,51,43.7054398,-72.2832588,1365169864,False,0.0,22800.0,"10, North Park Street, Hanover, Grafton County, New Hampshire, 03755, United States",dormitory,building,,us,117.0
25,21,20.562094422265947,0.0171350786852216,1.4279232237684688e-05,5,05:04:2013 ,21,11,43.7055896,-72.2831979,1365171064,True,1.0,1200.0,"10, North Park Street, Hanover, Grafton County, New Hampshire, 03755, United States",dormitory,building,,us,117.0
26,21,16.801070154353926,0.0140008917952949,1.1667409829412449e-05,6,06:04:2013 ,4,31,43.7055793,-72.2832798,1365197464,False,0.0,26400.0,"10, North Park Street, Hanover, Grafton County, New Hampshire, 03755, United States",dormitory,building,,us,117.0
27,21,32.36677781150618,0.0269723148429218,2.2476929035768183e-05,6,06:04:2013 ,4,51,43.7053435,-72.2832645,1365198664,True,1.0,1200.0,"10, North Park Street, Hanover, Grafton County, New Hampshire, 03755, United States",dormitory,building,,us,117.0
28,21,26.17618876483444,0.021813490637362,1.817790886446836e-05,6,06:04:2013 ,5,11,43.7055342,-72.2832323,1365199864,True,1.0,1200.0,"10, North Park Street, Hanover, Grafton County, New Hampshire, 03755, United States",dormitory,building,,us,117.0
29,21,10.473221291257197,0.0087276844093809,7.273070341150831e-06,6,06:04:2013 ,6,11,43.705392,-72.2832006,1365203464,False,0.0,3600.0,"10, North Park Street, Hanover, Grafton County, New Hampshire, 03755, United States",dormitory,building,,us,117.0
30,21,20.397383589948813,0.0169978196582906,1.416484971524223e-05,6,06:04:2013 ,6,31,43.7055406,-72.2831992,1365204664,True,1.0,1200.0,"10, North Park Street, Hanover, Grafton County, New Hampshire, 03755, United States",dormitory,building,,us,117.0
31,21,8.01620354136773,0.0066801696178064,5.566808014838702e-06,6,06:04:2013 ,7,11,43.7053408,-72.2831296,1365207064,False,0.0,2400.0,"10, North Park Street, Hanover, Grafton County, New Hampshire, 03755, United States",dormitory,building,,us,117.0
32,21,26.711517330760355,0.0222595977756336,1.8549664813028025e-05,6,06:04:2013 ,7,31,43.7055354,-72.2832392,1365208264,True,1.0,1200.0,"10, North Park Street, Hanover, Grafton County, New Hampshire, 03755, United States",dormitory,building,,us,117.0
139,21,13.012588149742474,0.0108438234581187,9.036519548432272e-06,0,07:04:2013 ,8,31,43.7056394,-72.2832648,1365298264,False,0.0,90000.0,"10, North Park Street, Hanover, Grafton County, New Hampshire, 03755, United States",dormitory,building,,us,4.0
33,21,28.152770635183305,0.023460642195986,1.9550535163321736e-05,0,07:04:2013 ,8,51,43.7054343,-72.2832391,1365299464,True,1.0,1200.0,"10, North Park Street, Hanover, Grafton County, New Hampshire, 03755, United States",dormitory,building,,us,117.0
34,21,1.3040050929310631,0.0010866709107758,9.055590923132384e-07,0,07:04:2013 ,22,11,43.7054498,-72.283208,1365347464,False,0.0,48000.0,"10, North Park Street, Hanover, Grafton County, New Hampshire, 03755, United States",dormitory,building,,us,117.0
35,21,20.82289407113592,0.0173524117259465,1.4460343104955494e-05,0,07:04:2013 ,22,31,43.7056015,-72.2832419,1365348664,True,1.0,1200.0,"10, North Park Street, Hanover, Grafton County, New Hampshire, 03755, United States",dormitory,building,,us,117.0
36,21,32.792291442203044,0.0273269095351692,2.2772424612641e-05,0,07:04:2013 ,22,51,43.7053626,-72.2833215,1365349864,True,1.0,1200.0,"10, North Park Street, Hanover, Grafton County, New Hampshire, 03755, United States",dormitory,building,,us,117.0
37,21,25.84675326949264,0.0215389610579105,1.7949134214925442e-05,0,07:04:2013 ,23,11,43.7055509,-72.2832,1365351064,True,1.0,1200.0,"10, North Park Street, Hanover, Grafton County, New Hampshire, 03755, United States",dormitory,building,,us,117.0
38,21,18.5855008920149,0.0154879174100124,1.2906597841677012e-05,1,08:04:2013 ,11,51,43.7054183,-72.283234,1365396664,False,0.0,45600.0,"10, North Park Street, Hanover, Grafton County, New Hampshire, 03755, United States",dormitory,building,,us,117.0
39,21,23.897602314306152,0.0199146685952551,1.6595557162712607e-05,1,08:04:2013 ,12,11,43.7055924,-72.2832389,1365397864,True,1.0,1200.0,"10, North Park Street, Hanover, Grafton County, New Hampshire, 03755, United States",dormitory,building,,us,117.0
40,21,5.339557523364883,0.0044496312694707,3.70802605789228e-06,1,08:04:2013 ,20,51,43.7054798,-72.2832147,1365429064,False,0.0,31200.0,"10, North Park Street, Hanover, Grafton County, New Hampshire, 03755, United States",dormitory,building,,us,117.0
223,21,410.0443348664624,0.3417036123887186,0.0002847530103239,1,08:04:2013 ,21,11,43.7084671,-72.284321,1365430264,True,1.0,1200.0,"Dana Circle Parking Lot, 64, College Street, Hanover, Grafton County, New Hampshire, 03755, United States",parking,amenity,Dana Circle Parking Lot,us,1.0
235,21,30.3210181277033,0.0252675151064194,2.1056262588682846e-05,1,08:04:2013 ,21,31,43.708688,-72.283785,1365431464,True,1.0,1200.0,"Class of 1978 Life Sciences Center, 78, College Street, Hanover, Grafton County, New Hampshire, 03755, United States",university,building,Class of 1978 Life Sciences Center,us,9.0
236,21,2.8824855224516264,0.0024020712687096,2.001726057258074e-06,1,08:04:2013 ,22,11,43.708659,-72.2837416,1365433864,False,0.0,2400.0,"Class of 1978 Life Sciences Center, 78, College Street, Hanover, Grafton County, New Hampshire, 03755, United States",university,building,Class of 1978 Life Sciences Center,us,9.0
41,21,422.9741205068182,0.3524784337556818,0.0002937320281297,1,08:04:2013 ,22,31,43.7055775,-72.2831928,1365435064,True,1.0,1200.0,"10, North Park Street, Hanover, Grafton County, New Hampshire, 03755, United States",dormitory,building,,us,117.0
42,21,5.84743378411435,0.0048728614867619,4.060717905634965e-06,3,10:04:2013 ,0,31,43.7054205,-72.2832279,1365528664,False,0.0,93600.0,"10, North Park Street, Hanover, Grafton County, New Hampshire, 03755, United States",dormitory,building,,us,117.0
43,21,21.632752744451214,0.0180272939537093,1.5022744961424452e-05,3,10:04:2013 ,0,51,43.7055781,-72.2832355,1365529864,True,1.0,1200.0,"10, North Park Street, Hanover, Grafton County, New Hampshire, 03755, United States",dormitory,building,,us,117.0
144,21,31.59810086962663,0.0263317507246888,2.194312560390738e-05,3,10:04:2013 ,1,11,43.7053479,-72.2863982,1365531064,True,1.0,1200.0,"Dartmouth College, College Street, Hanover, Grafton County, New Hampshire, 03755, United States",university,amenity,Dartmouth College,us,2.0
145,21,0.4941497300409617,0.0004117914417008,3.431595347506679e-07,3,10:04:2013 ,2,11,43.7052974,-72.2863506,1365534664,False,0.0,3600.0,"Dartmouth College, College Street, Hanover, Grafton County, New Hampshire, 03755, United States",university,amenity,Dartmouth College,us,2.0
44,21,31.7079207417809,0.0264232672848174,2.201938940401452e-05,3,10:04:2013 ,2,31,43.7055284,-72.2832048,1365535864,True,1.0,1200.0,"10, North Park Street, Hanover, Grafton County, New Hampshire, 03755, United States",dormitory,building,,us,117.0
45,21,7.05534993038817,0.0058794582753234,4.8995485627695625e-06,3,10:04:2013 ,3,11,43.7055798,-72.2832679,1365538264,False,0.0,2400.0,"10, North Park Street, Hanover, Grafton County, New Hampshire, 03755, United States",dormitory,building,,us,117.0
46,21,21.86610086225108,0.0182217507185425,1.5184792265452134e-05,3,10:04:2013 ,3,31,43.7054205,-72.2832133,1365539464,True,1.0,1200.0,"10, North Park Street, Hanover, Grafton County, New Hampshire, 03755, United States",dormitory,building,,us,117.0
210,21,89.37257170791894,0.074353221054841,6.185792101068307e-05,3,10:04:2013 ,3,51,43.7047694,-72.2836968,1365540666,True,1.0,1202.0,"7, Ivy Lane, Hanover, Grafton County, New Hampshire, 03755, United States",university,building,,us,1.0
244,21,278.79895214842566,0.2325262319836744,0.0001939334712124,3,10:04:2013 ,4,11,43.7027383,-72.2899292,1365541865,True,1.0,1199.0,"Collis Student Center, 2, North Main Street, Hanover, Grafton County, New Hampshire, 03755, United States",university,building,Collis Student Center,us,1.0
254,21,151.3222733974013,0.1261018944978344,0.0001050849120815,3,10:04:2013 ,4,31,43.7016359,-72.2881022,1365543065,True,1.0,1200.0,"Hopkins Center for the Arts, 4, East Wheelock Street, Hanover, Grafton County, New Hampshire, 03755, United States",arts_centre,amenity,Hopkins Center for the Arts,us,2.0
255,21,1.4138463309384304,0.0011791879323923,9.834761738051311e-07,3,10:04:2013 ,4,51,43.7016462,-72.2880808,1365544264,False,0.0,1199.0,"Hopkins Center for the Arts, 4, East Wheelock Street, Hanover, Grafton County, New Hampshire, 03755, United States",arts_centre,amenity,Hopkins Center for the Arts,us,2.0
126,21,540.3852951745887,0.4503210793121572,0.0003752675660934,3,10:04:2013 ,5,11,43.705583,-72.2885461,1365545464,True,1.0,1200.0,"Berry Library, 25, North Main Street, Hanover, Grafton County, New Hampshire, 03755, United States",library,amenity,Berry Library,us,20.0
148,21,28.7155272049832,0.0239296060041526,1.9941338336793885e-05,3,10:04:2013 ,5,31,43.7057922,-72.2883977,1365546664,True,1.0,1200.0,"Berry Library, 25, North Main Street, Hanover, Grafton County, New Hampshire, 03755, United States",library,amenity,Berry Library,us,5.0
149,21,2.3472040431253816,0.0019560033692711,1.6300028077259595e-06,3,10:04:2013 ,7,51,43.7058346,-72.2884052,1365555064,False,0.0,8400.0,"Berry Library, 25, North Main Street, Hanover, Grafton County, New Hampshire, 03755, United States",library,amenity,Berry Library,us,5.0
47,21,45.18715339868503,0.0188279805827854,7.844991909493928e-06,3,10:04:2013 ,8,31,43.7055054,-72.2832468,1365557464,True,1.0,2400.0,"10, North Park Street, Hanover, Grafton County, New Hampshire, 03755, United States",dormitory,building,,us,117.0
48,21,14.330333518740836,0.0119419445989506,9.951620499125582e-06,3,10:04:2013 ,11,51,43.7053544,-72.2832291,1365569464,False,0.0,12000.0,"10, North Park Street, Hanover, Grafton County, New Hampshire, 03755, United States",dormitory,building,,us,117.0
49,21,22.29162628646496,0.0185763552387208,1.5480296032267334e-05,3,10:04:2013 ,12,11,43.7055168,-72.2832633,1365570664,True,1.0,1200.0,"10, North Park Street, Hanover, Grafton County, New Hampshire, 03755, United States",dormitory,building,,us,117.0
50,21,0.1509899720316072,0.000125824976693,1.0485414724417172e-07,3,10:04:2013 ,20,51,43.7055622,-72.2832674,1365601864,False,0.0,31200.0,"10, North Park Street, Hanover, Grafton County, New Hampshire, 03755, United States",dormitory,building,,us,117.0
237,21,420.3524671240982,0.3500020542248944,0.0002914255239174,3,10:04:2013 ,21,11,43.7086246,-72.2836513,1365603065,True,1.0,1201.0,"Class of 1978 Life Sciences Center, 78, College Street, Hanover, Grafton County, New Hampshire, 03755, United States",university,building,Class of 1978 Life Sciences Center,us,9.0
238,21,2.415796953205114,0.0020131641276709,1.6776367730591067e-06,3,10:04:2013 ,21,51,43.7086928,-72.2836395,1365605464,False,0.0,2399.0,"Class of 1978 Life Sciences Center, 78, College Street, Hanover, Grafton County, New Hampshire, 03755, United States",university,building,Class of 1978 Life Sciences Center,us,9.0
140,21,422.3289014192033,0.1759703755913347,7.332098982972278e-05,3,10:04:2013 ,22,31,43.705616,-72.283223,1365607864,True,1.0,2400.0,"10, North Park Street, Hanover, Grafton County, New Hampshire, 03755, United States",dormitory,building,,us,4.0
169,21,91.43119839191804,0.076129224306343,6.338819675798759e-05,4,11:04:2013 ,22,51,43.7060762,-72.2832954,1365695465,True,1.0,87601.0,"18, North Park Street, Hanover, Grafton County, New Hampshire, 03755, United States",dormitory,building,,us,2.0
246,21,394.65600821452654,0.3291543020971864,0.0002745240217657,4,11:04:2013 ,23,11,43.7089514,-72.2840913,1365696664,True,1.0,1199.0,"Life Sciences Greenhouse, 78, College Street, Hanover, Grafton County, New Hampshire, 03755, United States",house,place,Life Sciences Greenhouse,us,8.0
247,21,0.3568786167600542,0.0002973988473,2.478323727500377e-07,4,11:04:2013 ,23,51,43.7089417,-72.2840826,1365699064,False,0.0,2400.0,"Life Sciences Greenhouse, 78, College Street, Hanover, Grafton County, New Hampshire, 03755, United States",house,place,Life Sciences Greenhouse,us,8.0
51,21,488.4893485386848,0.4070744571155706,0.0003392287142629,5,12:04:2013 ,0,11,43.7053829,-72.2831698,1365700264,True,1.0,1200.0,"10, North Park Street, Hanover, Grafton County, New Hampshire, 03755, United States",dormitory,building,,us,117.0
52,21,1.688344074387605,0.001406953395323,1.1724611627691702e-06,5,12:04:2013 ,4,51,43.7053935,-72.2831322,1365717064,False,0.0,16800.0,"10, North Park Street, Hanover, Grafton County, New Hampshire, 03755, United States",dormitory,building,,us,117.0
215,21,235.41990841994345,0.1960199070940411,0.0001632139109858,5,12:04:2013 ,5,11,43.7071086,-72.2877617,1365718265,True,1.0,1201.0,"Dartmouth College, College Street, Hanover, Grafton County, New Hampshire, 03755, United States",university,amenity,Dartmouth College,us,1.0
211,21,3.280573266197138,0.0027338110551642,2.278175879303568e-06,5,12:04:2013 ,7,51,43.7070414,-72.2877511,1365727864,False,0.0,9599.0,"Dartmouth College, College Street, Hanover, Grafton County, New Hampshire, 03755, United States",university,amenity,Dartmouth College,us,1.0
53,21,224.4388963131172,0.1870324135942643,0.0001558603446618,5,12:04:2013 ,8,11,43.7054063,-72.2831634,1365729064,True,1.0,1200.0,"10, North Park Street, Hanover, Grafton County, New Hampshire, 03755, United States",dormitory,building,,us,117.0
54,21,2.964895878885684,0.002470746565738,2.058955471448392e-06,5,12:04:2013 ,20,51,43.7054385,-72.2831549,1365774664,False,0.0,45600.0,"10, North Park Street, Hanover, Grafton County, New Hampshire, 03755, United States",dormitory,building,,us,117.0
248,21,484.2203796764279,0.4035169830636899,0.000336264152553,5,12:04:2013 ,21,11,43.7089662,-72.2840365,1365775864,True,1.0,1200.0,"Life Sciences Greenhouse, 78, College Street, Hanover, Grafton County, New Hampshire, 03755, United States",house,place,Life Sciences Greenhouse,us,8.0
262,21,6.1355682098322015,0.0051087162446562,4.253718771570598e-06,5,12:04:2013 ,22,11,43.7088827,-72.2843971,1365779465,False,0.0,3601.0,"Dewey Field Road, Hanover, Grafton County, New Hampshire, 03755, United States",bicycle_parking,amenity,,us,1.0
55,21,479.01831042392666,0.3995148543986044,0.0003332067175968,5,12:04:2013 ,22,31,43.7053929,-72.2831339,1365780664,True,1.0,1199.0,"10, North Park Street, Hanover, Grafton County, New Hampshire, 03755, United States",dormitory,building,,us,117.0
56,21,6.506300462552229,0.0054219170521268,4.518264210105715e-06,6,13:04:2013 ,8,11,43.7054409,-72.2831509,1365815464,False,0.0,34800.0,"10, North Park Street, Hanover, Grafton County, New Hampshire, 03755, United States",dormitory,building,,us,117.0
192,21,20.1777729023169,0.0168148107519307,1.4012342293275623e-05,6,13:04:2013 ,8,31,43.7052939,-72.283025,1365816664,True,1.0,1200.0,"8, North Park Street, Hanover, Grafton County, New Hampshire, 03755, United States",dormitory,building,,us,1.0
57,21,4.804230852608617,0.0040035257105071,3.3362714254226505e-06,6,13:04:2013 ,19,11,43.7054142,-72.2831375,1365855064,False,0.0,38400.0,"10, North Park Street, Hanover, Grafton County, New Hampshire, 03755, United States",dormitory,building,,us,117.0
239,21,339.52418264644285,0.2827012345099441,0.0002353882052539,6,13:04:2013 ,19,31,43.7029407,-72.290852,1365856265,True,1.0,1201.0,"Dartmouth College, College Street, Hanover, Grafton County, New Hampshire, 03755, United States",university,amenity,Dartmouth College,us,2.0
226,21,3.6238102602346514,0.0030198418835288,2.51653490294073e-06,6,13:04:2013 ,23,11,43.7030468,-72.2906087,1365869464,False,0.0,13199.0,"Dartmouth College, College Street, Hanover, Grafton County, New Hampshire, 03755, United States",university,amenity,Dartmouth College,us,6.0
221,21,51.88632296003093,0.0432026002997759,3.597219009140379e-05,6,13:04:2013 ,23,31,43.7034248,-72.2910915,1365870665,True,1.0,1201.0,"South Fairbanks, 6, Cemetery Lane, Hanover, Grafton County, New Hampshire, 03755, United States",dormitory,building,South Fairbanks,us,1.0
58,21,268.036401236178,0.2233636676968149,0.0001861363897473,6,13:04:2013 ,23,51,43.7053775,-72.2831742,1365871865,True,1.0,1200.0,"10, North Park Street, Hanover, Grafton County, New Hampshire, 03755, United States",dormitory,building,,us,117.0
59,21,2.0040503526215083,0.0016700419605179,1.3917016337649362e-06,0,14:04:2013 ,19,13,43.7054101,-72.2831251,1365941603,False,0.0,69738.0,"10, North Park Street, Hanover, Grafton County, New Hampshire, 03755, United States",dormitory,building,,us,117.0
240,21,337.0122294672338,0.2808435245560282,0.0002340362704633,0,14:04:2013 ,19,33,43.7029549,-72.2909978,1365942803,True,1.0,1200.0,"Dartmouth College, College Street, Hanover, Grafton County, New Hampshire, 03755, United States",university,amenity,Dartmouth College,us,2.0
227,21,0.3843435651060796,0.0003205534321151,2.6735065230622375e-07,0,14:04:2013 ,23,33,43.7030376,-72.2906345,1365957203,False,0.0,14400.0,"Dartmouth College, College Street, Hanover, Grafton County, New Hampshire, 03755, United States",university,amenity,Dartmouth College,us,6.0
60,21,334.2393467430218,0.2785327889525182,0.0002321106574604,0,14:04:2013 ,23,53,43.7054726,-72.2831674,1365958403,True,1.0,1200.0,"10, North Park Street, Hanover, Grafton County, New Hampshire, 03755, United States",dormitory,building,,us,117.0
61,21,0.603960415672779,0.0005033003463939,4.194169553283188e-07,1,15:04:2013 ,18,13,43.7054048,-72.2831816,1366024403,False,0.0,66000.0,"10, North Park Street, Hanover, Grafton County, New Hampshire, 03755, United States",dormitory,building,,us,117.0
249,21,485.4969987173575,0.0013641043039579,3.8327333783577115e-09,5,19:04:2013 ,21,5,43.7089418,-72.2840911,1366380312,True,1.0,355909.0,"Life Sciences Greenhouse, 78, College Street, Hanover, Grafton County, New Hampshire, 03755, United States",house,place,Life Sciences Greenhouse,us,8.0
62,21,488.26972626678247,0.0097455136774336,1.9451346607787482e-07,6,20:04:2013 ,11,0,43.7053846,-72.2831498,1366430414,True,1.0,50102.0,"10, North Park Street, Hanover, Grafton County, New Hampshire, 03755, United States",dormitory,building,,us,117.0
63,21,4.776777502948307,0.0039806479191235,3.3172065992696577e-06,0,21:04:2013 ,20,20,43.7054017,-72.2831743,1366550419,False,0.0,120005.0,"10, North Park Street, Hanover, Grafton County, New Hampshire, 03755, United States",dormitory,building,,us,117.0
173,21,27.38413043419143,0.0227821384643855,1.8953526176693467e-05,0,21:04:2013 ,20,40,43.7052022,-72.283175,1366551621,True,1.0,1202.0,"8, North Park Street, Hanover, Grafton County, New Hampshire, 03755, United States",dormitory,building,,us,1.0
64,21,33.574724089009926,0.0280256461510934,2.339369461693942e-05,0,21:04:2013 ,21,0,43.7054468,-72.2831708,1366552819,True,1.0,1198.0,"10, North Park Street, Hanover, Grafton County, New Hampshire, 03755, United States",dormitory,building,,us,117.0
65,21,0.8647615791348622,0.000720634649279,6.005288743992098e-07,3,24:04:2013 ,0,40,43.7053945,-72.2831512,1366738821,False,0.0,186002.0,"10, North Park Street, Hanover, Grafton County, New Hampshire, 03755, United States",dormitory,building,,us,117.0
203,21,217.23262994415416,0.1808764612357653,0.0001506048802962,3,24:04:2013 ,1,0,43.7069771,-72.2869578,1366740022,True,1.0,1201.0,"Dartmouth College, College Street, Hanover, Grafton County, New Hampshire, 03755, United States",university,amenity,Dartmouth College,us,4.0
204,21,10.92609366008662,0.0091050780500721,7.587565041726819e-06,3,24:04:2013 ,3,0,43.7070649,-72.286911,1366747221,False,0.0,7199.0,"Dartmouth College, College Street, Hanover, Grafton County, New Hampshire, 03755, United States",university,amenity,Dartmouth College,us,4.0
66,21,224.3565084624917,0.1869637570520763,0.0001558031308767,3,24:04:2013 ,3,20,43.7054304,-72.2831666,1366748421,True,1.0,1200.0,"10, North Park Street, Hanover, Grafton County, New Hampshire, 03755, United States",dormitory,building,,us,117.0
67,21,11.804679991988072,0.0098372333266567,8.197694438880606e-06,3,24:04:2013 ,6,20,43.7053768,-72.2831593,1366759221,False,0.0,10800.0,"10, North Park Street, Hanover, Grafton County, New Hampshire, 03755, United States",dormitory,building,,us,117.0
68,21,26.189910227772245,0.0218249251898102,1.818743765817517e-05,3,24:04:2013 ,6,40,43.7055676,-72.2830998,1366760421,True,1.0,1200.0,"10, North Park Street, Hanover, Grafton County, New Hampshire, 03755, United States",dormitory,building,,us,117.0
69,21,5.710170444588195,0.0047584753704901,3.965396142075136e-06,3,24:04:2013 ,7,40,43.7054097,-72.2831522,1366764021,False,0.0,3600.0,"10, North Park Street, Hanover, Grafton County, New Hampshire, 03755, United States",dormitory,building,,us,117.0
141,21,25.39380298774186,0.0210039726945755,1.7373012981452083e-05,3,24:04:2013 ,8,0,43.7052247,-72.2888619,1366765230,True,1.0,1209.0,"Baker Memorial Library, 3, Wentworth Street, Hanover, Grafton County, New Hampshire, 03755, United States",library,amenity,Baker Memorial Library,us,2.0
150,21,81.26007668316434,0.0339858120799516,1.421405774987521e-05,3,24:04:2013 ,8,40,43.7058167,-72.2883816,1366767621,True,1.0,2391.0,"Berry Library, 25, North Main Street, Hanover, Grafton County, New Hampshire, 03755, United States",library,amenity,Berry Library,us,5.0
127,21,6.204308860677969,0.0051702573838983,4.308547819915256e-06,3,24:04:2013 ,10,20,43.7057673,-72.288368,1366773621,False,0.0,6000.0,"Berry Library, 25, North Main Street, Hanover, Grafton County, New Hampshire, 03755, United States",library,amenity,Berry Library,us,20.0
198,21,112.29548883936528,0.0935016559861492,7.785316901427918e-05,3,24:04:2013 ,10,40,43.7049492,-72.2887412,1366774822,True,1.0,1201.0,"Dartmouth College, College Street, Hanover, Grafton County, New Hampshire, 03755, United States",university,amenity,Dartmouth College,us,3.0
70,21,66.49063167328148,0.0554550722879745,4.625110282566685e-05,3,24:04:2013 ,11,0,43.7054336,-72.283156,1366776021,True,1.0,1199.0,"10, North Park Street, Hanover, Grafton County, New Hampshire, 03755, United States",dormitory,building,,us,117.0
71,21,17.501115123357952,0.0145842626027982,1.2153552168998576e-05,3,24:04:2013 ,13,20,43.705578,-72.2830919,1366784421,False,0.0,8400.0,"10, North Park Street, Hanover, Grafton County, New Hampshire, 03755, United States",dormitory,building,,us,117.0
72,21,24.76236578197363,0.0206353048183113,1.71960873485928e-05,3,24:04:2013 ,13,40,43.7053976,-72.2831236,1366785621,True,1.0,1200.0,"10, North Park Street, Hanover, Grafton County, New Hampshire, 03755, United States",dormitory,building,,us,117.0
73,21,4.433618027952048,0.0039585875249571,3.534453147283201e-06,4,25:04:2013 ,4,59,43.7054099,-72.2831384,1366840741,False,0.0,55120.0,"10, North Park Street, Hanover, Grafton County, New Hampshire, 03755, United States",dormitory,building,,us,117.0
172,21,89.05654476158296,0.0359098970812834,1.447979721019494e-05,4,25:04:2013 ,5,40,43.7060587,-72.288686,1366843221,True,1.0,2480.0,"Dartmouth College, College Street, Hanover, Grafton County, New Hampshire, 03755, United States",university,amenity,Dartmouth College,us,1.0
163,21,1.660885665377846,0.0013840713878148,1.1533928231790598e-06,4,25:04:2013 ,9,0,43.705988,-72.2886632,1366855221,False,0.0,12000.0,"Berry Library, 25, North Main Street, Hanover, Grafton County, New Hampshire, 03755, United States",library,amenity,Berry Library,us,2.0
74,21,72.48884713729723,0.0623828288617015,5.368573912366745e-05,4,25:04:2013 ,9,19,43.7054599,-72.283187,1366856383,True,1.0,1162.0,"10, North Park Street, Hanover, Grafton County, New Hampshire, 03755, United States",dormitory,building,,us,117.0
75,21,5.929792123647637,0.0049250765146575,4.090595111841782e-06,4,25:04:2013 ,9,39,43.7054167,-72.2831468,1366857587,False,0.0,1204.0,"10, North Park Street, Hanover, Grafton County, New Hampshire, 03755, United States",dormitory,building,,us,117.0
250,21,482.7517461889813,0.0098174149673394,1.9965051892988885e-07,4,25:04:2013 ,23,19,43.7089337,-72.2841413,1366906760,True,1.0,49173.0,"Life Sciences Greenhouse, 78, College Street, Hanover, Grafton County, New Hampshire, 03755, United States",house,place,Life Sciences Greenhouse,us,8.0
251,21,0.5490440394198719,0.0004354036791592,3.452844402532083e-07,4,25:04:2013 ,23,40,43.7089377,-72.2841367,1366908021,False,0.0,1261.0,"Life Sciences Greenhouse, 78, College Street, Hanover, Grafton County, New Hampshire, 03755, United States",house,place,Life Sciences Greenhouse,us,8.0
205,21,272.02538080422096,0.0566719543342127,1.180665715296098e-05,5,26:04:2013 ,1,0,43.7069559,-72.2869278,1366912821,True,1.0,4800.0,"Dartmouth College, College Street, Hanover, Grafton County, New Hampshire, 03755, United States",university,amenity,Dartmouth College,us,4.0
206,21,4.776736125609843,0.0042085780842377,3.7079983121037418e-06,5,26:04:2013 ,2,19,43.7069439,-72.2869499,1366917556,False,0.0,4735.0,"Dartmouth College, College Street, Hanover, Grafton County, New Hampshire, 03755, United States",university,amenity,Dartmouth College,us,4.0
195,21,31.803752551646184,0.0258147342139985,2.095351803084296e-05,5,26:04:2013 ,2,39,43.7067122,-72.287254,1366918788,True,1.0,1232.0,"Dartmouth College, College Street, Hanover, Grafton County, New Hampshire, 03755, United States",university,amenity,Dartmouth College,us,1.0
76,21,179.69129316396263,0.1457350309521189,0.000118195483335,5,26:04:2013 ,3,0,43.7054031,-72.2831453,1366920021,True,1.0,1233.0,"10, North Park Street, Hanover, Grafton County, New Hampshire, 03755, United States",dormitory,building,,us,117.0
77,21,4.035554076896441,0.0035399597165758,3.105227821557741e-06,5,26:04:2013 ,4,18,43.7053749,-72.2831492,1366924716,False,0.0,4695.0,"10, North Park Street, Hanover, Grafton County, New Hampshire, 03755, United States",dormitory,building,,us,117.0
252,21,488.5717270973733,0.1982035404046139,8.040711578280483e-05,5,26:04:2013 ,4,59,43.7089343,-72.2841119,1366927181,True,1.0,2465.0,"Life Sciences Greenhouse, 78, College Street, Hanover, Grafton County, New Hampshire, 03755, United States",house,place,Life Sciences Greenhouse,us,8.0
253,21,0.8510181756183728,0.0006781021319668,5.403204238779529e-07,5,26:04:2013 ,5,40,43.708951,-72.2840981,1366929621,False,0.0,2440.0,"Life Sciences Greenhouse, 78, College Street, Hanover, Grafton County, New Hampshire, 03755, United States",house,place,Life Sciences Greenhouse,us,8.0
78,21,482.97132121473817,0.4024761010122818,0.0003353967508435,5,26:04:2013 ,6,0,43.7054324,-72.2831444,1366930821,True,1.0,1200.0,"10, North Park Street, Hanover, Grafton County, New Hampshire, 03755, United States",dormitory,building,,us,117.0
79,21,1.0294780826019116,0.0008438344939359,6.916676179803222e-07,6,27:04:2013 ,5,19,43.7053857,-72.2831496,1367014788,False,0.0,83967.0,"10, North Park Street, Hanover, Grafton County, New Hampshire, 03755, United States",dormitory,building,,us,117.0
214,21,191.14051536161216,0.1615727095195369,0.0001365787908026,6,27:04:2013 ,5,39,43.7039932,-72.2854666,1367015971,True,1.0,1183.0,"Dartmouth College, College Street, Hanover, Grafton County, New Hampshire, 03755, United States",university,amenity,Dartmouth College,us,2.0
228,21,121.61693376345806,0.0972935470107664,7.783483760861317e-05,6,27:04:2013 ,6,0,43.7031072,-72.2904615,1367017221,True,1.0,1250.0,"Dartmouth College, College Street, Hanover, Grafton County, New Hampshire, 03755, United States",university,amenity,Dartmouth College,us,6.0
229,21,4.186598510147485,0.003538967464199,2.991519411833523e-06,6,27:04:2013 ,6,40,43.7030645,-72.2905821,1367019604,False,0.0,2383.0,"Dartmouth College, College Street, Hanover, Grafton County, New Hampshire, 03755, United States",university,amenity,Dartmouth College,us,6.0
207,21,251.7162449038441,0.2239468371030641,0.0001992409582767,6,27:04:2013 ,6,58,43.7048983,-72.2892346,1367020728,True,1.0,1124.0,"Sanborn House, 19, North Main Street, Hanover, Grafton County, New Hampshire, 03755, United States",university,building,Sanborn House,us,1.0
186,21,3.074714442475598,0.0025622620353963,2.1352183628302763e-06,6,27:04:2013 ,7,40,43.7050201,-72.2886436,1367023215,False,0.0,2487.0,"Baker Memorial Library, 3, Wentworth Street, Hanover, Grafton County, New Hampshire, 03755, United States",library,amenity,Baker Memorial Library,us,4.0
190,21,219.8959851210968,0.182334979370727,0.0001511898668082,6,27:04:2013 ,8,0,43.7066221,-72.2833965,1367024421,True,1.0,1206.0,"22, North Park Street, Hanover, Grafton County, New Hampshire, 03755, United States",dormitory,building,,us,2.0
80,21,167.0082119792053,0.139173509982671,0.0001159779249855,6,27:04:2013 ,8,20,43.7054054,-72.2831628,1367025621,True,1.0,1200.0,"10, North Park Street, Hanover, Grafton County, New Hampshire, 03755, United States",dormitory,building,,us,117.0
128,21,3.060979140432535,0.0025572089727924,2.136348348197516e-06,6,27:04:2013 ,11,40,43.7055153,-72.288412,1367037618,False,0.0,11997.0,"Berry Library, 25, North Main Street, Hanover, Grafton County, New Hampshire, 03755, United States",library,amenity,Berry Library,us,20.0
129,21,21.728825691381907,0.0181224567901433,1.5114642860836844e-05,6,27:04:2013 ,12,0,43.7056736,-72.288478,1367038817,True,1.0,1199.0,"Berry Library, 25, North Main Street, Hanover, Grafton County, New Hampshire, 03755, United States",library,amenity,Berry Library,us,20.0
151,21,43.93809390267298,0.0386438820603984,3.398758316657731e-05,6,27:04:2013 ,12,19,43.7053535,-72.2890366,1367039954,True,1.0,1137.0,"Dartmouth College, College Street, Hanover, Grafton County, New Hampshire, 03755, United States",university,amenity,Dartmouth College,us,8.0
130,21,28.646932418303063,0.0006822322557347,1.6247493587396327e-08,6,27:04:2013 ,23,59,43.7055622,-72.2885175,1367081944,True,1.0,41990.0,"Berry Library, 25, North Main Street, Hanover, Grafton County, New Hampshire, 03755, United States",library,amenity,Berry Library,us,20.0
131,21,0.1647162270754,0.0001372635225628,1.1438626880236113e-07,0,28:04:2013 ,1,20,43.7056778,-72.288449,1367086821,False,0.0,4877.0,"Berry Library, 25, North Main Street, Hanover, Grafton County, New Hampshire, 03755, United States",library,amenity,Berry Library,us,20.0
174,21,130.3450928031686,0.0155172729527581,1.8472943991378768e-06,0,28:04:2013 ,3,40,43.7066274,-72.2869642,1367095221,True,1.0,8400.0,"Dartmouth College, College Street, Hanover, Grafton County, New Hampshire, 03755, United States",university,amenity,Dartmouth College,us,7.0
142,21,169.03971026568183,0.0156518250246001,1.4492430578333492e-06,0,28:04:2013 ,6,40,43.7053959,-72.2888458,1367106021,True,1.0,10800.0,"Baker Memorial Library, 3, Wentworth Street, Hanover, Grafton County, New Hampshire, 03755, United States",library,amenity,Baker Memorial Library,us,2.0
132,21,26.862499011034217,0.0223854158425285,1.865451320210709e-05,0,28:04:2013 ,7,0,43.7055916,-72.2883395,1367107221,True,1.0,1200.0,"Berry Library, 25, North Main Street, Hanover, Grafton County, New Hampshire, 03755, United States",library,amenity,Berry Library,us,20.0
133,21,4.502244184510789,0.0040451430229207,3.63445015536455e-06,0,28:04:2013 ,9,38,43.7056679,-72.2884846,1367116734,False,0.0,9513.0,"Berry Library, 25, North Main Street, Hanover, Grafton County, New Hampshire, 03755, United States",library,amenity,Berry Library,us,20.0
187,21,76.67552789876008,0.0595306893623913,4.621947931862684e-05,0,28:04:2013 ,10,0,43.7051093,-72.2885955,1367118022,True,1.0,1288.0,"Baker Memorial Library, 3, Wentworth Street, Hanover, Grafton County, New Hampshire, 03755, United States",library,amenity,Baker Memorial Library,us,4.0
170,21,8.75743796199861,0.0072917884779338,6.071430872551121e-06,0,28:04:2013 ,11,20,43.7051961,-72.2884718,1367122822,False,0.0,4800.0,"Baker Memorial Library, 3, Wentworth Street, Hanover, Grafton County, New Hampshire, 03755, United States",library,amenity,Baker Memorial Library,us,2.0
164,21,90.51164362962828,0.0754263696913569,6.285530807613075e-05,0,28:04:2013 ,11,40,43.7058555,-72.288746,1367124022,True,1.0,1200.0,"Berry Library, 25, North Main Street, Hanover, Grafton County, New Hampshire, 03755, United States",library,amenity,Berry Library,us,2.0
161,21,1.7432450497132206,0.0014539158045981,1.2126070096732128e-06,0,28:04:2013 ,12,0,43.7058428,-72.2887917,1367125221,False,0.0,1199.0,"Berry Library, 25, North Main Street, Hanover, Grafton County, New Hampshire, 03755, United States",library,amenity,Berry Library,us,1.0
181,21,110.41492414204532,0.0920124367850377,7.667703065419814e-05,0,28:04:2013 ,12,20,43.7050384,-72.2888304,1367126421,True,1.0,1200.0,"Baker Memorial Library, 3, Wentworth Street, Hanover, Grafton County, New Hampshire, 03755, United States",library,amenity,Baker Memorial Library,us,4.0
81,21,47.67174587607823,0.0397264548967318,3.310537908060989e-05,0,28:04:2013 ,12,40,43.7053857,-72.2831556,1367127621,True,1.0,1200.0,"10, North Park Street, Hanover, Grafton County, New Hampshire, 03755, United States",dormitory,building,,us,117.0
82,21,2.5119261442869094,0.0020640313428816,1.6959994600506175e-06,1,29:04:2013 ,7,39,43.7054252,-72.2831363,1367195940,False,0.0,68319.0,"10, North Park Street, Hanover, Grafton County, New Hampshire, 03755, United States",dormitory,building,,us,117.0
175,21,163.54917114168177,0.1276730453877297,9.966670209814968e-05,1,29:04:2013 ,8,0,43.7066167,-72.2870269,1367197221,True,1.0,1281.0,"Dartmouth College, College Street, Hanover, Grafton County, New Hampshire, 03755, United States",university,amenity,Dartmouth College,us,7.0
176,21,0.1372627983783228,0.000116918908329,9.959021152390584e-08,1,29:04:2013 ,8,19,43.7066157,-72.2870193,1367198395,False,0.0,1174.0,"Dartmouth College, College Street, Hanover, Grafton County, New Hampshire, 03755, United States",university,amenity,Dartmouth College,us,7.0
216,21,46.44968697431784,0.0384517276277465,3.183090035409483e-05,1,29:04:2013 ,8,40,43.7069541,-72.2864372,1367199603,True,1.0,1208.0,"Dartmouth College, College Street, Hanover, Grafton County, New Hampshire, 03755, United States",university,amenity,Dartmouth College,us,1.0
83,21,217.39737451834523,0.1784871711973277,0.0001465411914592,1,29:04:2013 ,9,0,43.7053703,-72.283188,1367200821,True,1.0,1218.0,"10, North Park Street, Hanover, Grafton County, New Hampshire, 03755, United States",dormitory,building,,us,117.0
84,21,13.25968097260423,0.0010045212858033,7.610009740934477e-08,2,30:04:2013 ,4,40,43.7053937,-72.2831774,1367271621,False,0.0,70800.0,"10, North Park Street, Hanover, Grafton County, New Hampshire, 03755, United States",dormitory,building,,us,117.0
256,21,611.7235173369008,0.2547786411232406,0.0001061135531542,2,30:04:2013 ,5,20,43.7009372,-72.2861198,1367274022,True,1.0,2401.0,"25, Lebanon Street, Hanover, Grafton County, New Hampshire, 03755, United States",yes,building,,us,2.0
257,21,0.590248853863422,0.0004922842817876,4.105790506986445e-07,2,30:04:2013 ,5,40,43.7009415,-72.2860806,1367275221,False,0.0,1199.0,"25, Lebanon Street, Hanover, Grafton County, New Hampshire, 03755, United States",yes,building,,us,2.0
85,21,602.8150843744584,0.251172951822691,0.0001046553965927,2,30:04:2013 ,6,20,43.7053331,-72.2831467,1367277621,True,1.0,2400.0,"10, North Park Street, Hanover, Grafton County, New Hampshire, 03755, United States",dormitory,building,,us,117.0
86,21,12.16156856484361,0.0025336601176757,5.27845857849115e-07,2,30:04:2013 ,7,40,43.7054217,-72.283151,1367282421,False,0.0,4800.0,"10, North Park Street, Hanover, Grafton County, New Hampshire, 03755, United States",dormitory,building,,us,117.0
177,21,173.25365243953485,0.1443780436996123,0.0001203150364163,2,30:04:2013 ,8,0,43.7066839,-72.2870334,1367283621,True,1.0,1200.0,"Dartmouth College, College Street, Hanover, Grafton County, New Hampshire, 03755, United States",university,amenity,Dartmouth College,us,7.0
178,21,15.140085600233409,0.0126167380001945,1.0513948333495422e-05,2,30:04:2013 ,8,20,43.7065736,-72.2870319,1367284821,False,0.0,1200.0,"Dartmouth College, College Street, Hanover, Grafton County, New Hampshire, 03755, United States",university,amenity,Dartmouth College,us,7.0
165,21,199.7868675734265,0.083175215476031,3.462748354539177e-05,2,30:04:2013 ,9,0,43.7051181,-72.2887769,1367287223,True,1.0,2402.0,"Baker Memorial Library, 3, Wentworth Street, Hanover, Grafton County, New Hampshire, 03755, United States",library,amenity,Baker Memorial Library,us,3.0
182,21,4.502256803530557,0.0018759403348043,7.816418061684994e-07,2,30:04:2013 ,11,0,43.7051361,-72.2889844,1367294421,False,0.0,7198.0,"Baker Memorial Library, 3, Wentworth Street, Hanover, Grafton County, New Hampshire, 03755, United States",library,amenity,Baker Memorial Library,us,4.0
87,21,48.042331626667696,0.0400352763555564,3.336273029629701e-05,2,30:04:2013 ,11,20,43.7054861,-72.2831275,1367295621,True,1.0,1200.0,"10, North Park Street, Hanover, Grafton County, New Hampshire, 03755, United States",dormitory,building,,us,117.0
88,21,15.538256962318435,0.0129485474685986,1.0790456223832248e-05,2,30:04:2013 ,18,0,43.7053201,-72.2831573,1367319621,False,0.0,24000.0,"10, North Park Street, Hanover, Grafton County, New Hampshire, 03755, United States",dormitory,building,,us,117.0
89,21,23.952520961382,0.0199604341344849,1.663369511207083e-05,2,30:04:2013 ,18,20,43.7054946,-72.2831127,1367320821,True,1.0,1200.0,"10, North Park Street, Hanover, Grafton County, New Hampshire, 03755, United States",dormitory,building,,us,117.0
90,21,0.7137713979230089,0.0005948094982691,4.956745818909785e-07,3,01:05:2013 ,1,40,43.7054102,-72.2831505,1367347221,False,0.0,26400.0,"10, North Park Street, Hanover, Grafton County, New Hampshire, 03755, United States",dormitory,building,,us,117.0
212,21,139.1171845406836,0.0579654935586181,2.4152288982757573e-05,3,01:05:2013 ,2,20,43.7043967,-72.2880977,1367349621,True,1.0,2400.0,"Webster Hall, 5, Wentworth Street, Hanover, Grafton County, New Hampshire, 03755, United States",university,building,Webster Hall,us,1.0
209,21,0.5490579806532994,0.000457548317211,3.81290264342569e-07,3,01:05:2013 ,3,40,43.7044134,-72.2882539,1367354421,False,0.0,4800.0,"Webster Hall, 5, Wentworth Street, Hanover, Grafton County, New Hampshire, 03755, United States",university,building,Webster Hall,us,1.0
199,21,73.20304648212559,0.0609517456137598,5.075082898731046e-05,3,01:05:2013 ,4,0,43.7049467,-72.2886817,1367355622,True,1.0,1201.0,"Dartmouth College, College Street, Hanover, Grafton County, New Hampshire, 03755, United States",university,amenity,Dartmouth College,us,3.0
134,21,87.20371798834147,0.0726697649902845,6.05581374919038e-05,3,01:05:2013 ,4,20,43.705582,-72.2884682,1367356822,True,1.0,1200.0,"Berry Library, 25, North Main Street, Hanover, Grafton County, New Hampshire, 03755, United States",library,amenity,Berry Library,us,20.0
91,21,0.0,0.0,0.0,3,01:05:2013 ,8,20,43.7054929,-72.2831179,1367371221,False,0.0,14399.0,"10, North Park Street, Hanover, Grafton County, New Hampshire, 03755, United States",dormitory,building,,us,117.0
179,21,157.2350218248789,0.1310291848540657,0.0001091909873783,3,01:05:2013 ,8,40,43.7066384,-72.286962,1367372421,True,1.0,1200.0,"Dartmouth College, College Street, Hanover, Grafton County, New Hampshire, 03755, United States",university,amenity,Dartmouth College,us,7.0
183,21,203.0399495841577,0.1691999579867981,0.0001409999649889,3,01:05:2013 ,9,0,43.7051592,-72.2890036,1367373621,True,1.0,1200.0,"Baker Memorial Library, 3, Wentworth Street, Hanover, Grafton County, New Hampshire, 03755, United States",library,amenity,Baker Memorial Library,us,4.0
171,21,0.5078765034856865,0.0004228780212203,3.521049302417889e-07,3,01:05:2013 ,9,20,43.7051629,-72.2884977,1367374822,False,0.0,1201.0,"Baker Memorial Library, 3, Wentworth Street, Hanover, Grafton County, New Hampshire, 03755, United States",library,amenity,Baker Memorial Library,us,2.0
188,21,24.57025383410519,0.0204922884354505,1.7091149654253992e-05,3,01:05:2013 ,9,40,43.7049839,-72.2885297,1367376021,True,1.0,1199.0,"Baker Memorial Library, 3, Wentworth Street, Hanover, Grafton County, New Hampshire, 03755, United States",library,amenity,Baker Memorial Library,us,4.0
184,21,8.222113991973146,0.0068460566128002,5.7002969298919965e-06,3,01:05:2013 ,12,0,43.7050193,-72.288874,1367384422,False,0.0,8401.0,"Baker Memorial Library, 3, Wentworth Street, Hanover, Grafton County, New Hampshire, 03755, United States",library,amenity,Baker Memorial Library,us,4.0
92,21,46.55991449334367,0.0388322889852741,3.238723017954472e-05,3,01:05:2013 ,12,20,43.7053585,-72.2831868,1367385621,True,1.0,1199.0,"10, North Park Street, Hanover, Grafton County, New Hampshire, 03755, United States",dormitory,building,,us,117.0
93,21,29.031269708848285,0.0241927247573735,2.016060396447797e-05,3,01:05:2013 ,12,40,43.70557,-72.2830742,1367386821,True,1.0,1200.0,"10, North Park Street, Hanover, Grafton County, New Hampshire, 03755, United States",dormitory,building,,us,117.0
94,21,23.73288883407671,0.0197774073617305,1.6481172801442162e-05,3,01:05:2013 ,13,0,43.7053971,-72.283159,1367388021,True,1.0,1200.0,"10, North Park Street, Hanover, Grafton County, New Hampshire, 03755, United States",dormitory,building,,us,117.0
95,21,5.792530486530425,0.0048271087387753,4.022590615646128e-06,0,05:05:2013 ,9,39,43.7053958,-72.2832025,1367721576,False,0.0,333555.0,"10, North Park Street, Hanover, Grafton County, New Hampshire, 03755, United States",dormitory,building,,us,117.0
208,21,109.23472789805408,0.091028939915045,7.585744992920422e-05,0,05:05:2013 ,9,59,43.7046,-72.2894766,1367722776,True,1.0,1200.0,"Dartmouth College, College Street, Hanover, Grafton County, New Hampshire, 03755, United States",university,amenity,Dartmouth College,us,1.0
96,21,108.3836926994465,0.0451598719581027,1.8816613315876127e-05,0,05:05:2013 ,10,39,43.7053896,-72.2831973,1367725176,True,1.0,2400.0,"10, North Park Street, Hanover, Grafton County, New Hampshire, 03755, United States",dormitory,building,,us,117.0
97,21,4.15909126350455,0.0034659093862537,2.88825782187816e-06,3,08:05:2013 ,0,19,43.7053823,-72.2831448,1367947176,False,0.0,222000.0,"10, North Park Street, Hanover, Grafton County, New Hampshire, 03755, United States",dormitory,building,,us,117.0
202,21,193.25286915009403,0.1610440576250783,0.0001342033813542,3,08:05:2013 ,0,39,43.7067902,-72.2835189,1367948376,True,1.0,1200.0,"24, North Park Street, Hanover, Grafton County, New Hampshire, 03755, United States",dormitory,building,,us,1.0
180,21,28.52319828319076,0.0118846659513294,4.9519441463872844e-06,3,08:05:2013 ,1,19,43.7065824,-72.2869865,1367950776,True,1.0,2400.0,"Dartmouth College, College Street, Hanover, Grafton County, New Hampshire, 03755, United States",university,amenity,Dartmouth College,us,7.0
98,21,160.43331587779755,0.0446392086471334,1.2420480981394944e-05,3,08:05:2013 ,2,19,43.7054136,-72.2831599,1367954370,True,1.0,3594.0,"10, North Park Street, Hanover, Grafton County, New Hampshire, 03755, United States",dormitory,building,,us,117.0
99,21,9.731995345666183,0.0081032434185397,6.747080281881519e-06,6,11:05:2013 ,1,23,43.7054294,-72.2831825,1368210230,False,0.0,255860.0,"10, North Park Street, Hanover, Grafton County, New Hampshire, 03755, United States",dormitory,building,,us,117.0
162,21,36.82782656686568,0.0307154516821231,2.561755769985252e-05,6,11:05:2013 ,1,43,43.7056977,-72.2829643,1368211429,True,1.0,1199.0,"10, North Park Street, Hanover, Grafton County, New Hampshire, 03755, United States",dormitory,building,,us,1.0
100,21,39.06522519678751,0.0325543543306562,2.712862860888021e-05,6,11:05:2013 ,2,3,43.7054131,-72.2831736,1368212629,True,1.0,1200.0,"10, North Park Street, Hanover, Grafton County, New Hampshire, 03755, United States",dormitory,building,,us,117.0
101,21,3.568857137531827,0.0029740476146098,2.47837301217488e-06,6,11:05:2013 ,7,3,43.705387,-72.28317,1368230629,False,0.0,18000.0,"10, North Park Street, Hanover, Grafton County, New Hampshire, 03755, United States",dormitory,building,,us,117.0
152,21,30.637287340721706,0.002127441659657,1.477287452022142e-07,6,11:05:2013 ,11,3,43.7051638,-72.2892096,1368245030,True,1.0,14401.0,"Dartmouth College, College Street, Hanover, Grafton County, New Hampshire, 03755, United States",university,amenity,Dartmouth College,us,8.0
153,21,2.9923532339803964,0.0024957074511929,2.081490784981644e-06,6,11:05:2013 ,11,23,43.7051856,-72.2892295,1368246229,False,0.0,1199.0,"Dartmouth College, College Street, Hanover, Grafton County, New Hampshire, 03755, United States",university,amenity,Dartmouth College,us,8.0
102,21,33.57472721962952,0.0279789393496912,2.33157827914094e-05,6,11:05:2013 ,11,43,43.7054302,-72.2831487,1368247429,True,1.0,1200.0,"10, North Park Street, Hanover, Grafton County, New Hampshire, 03755, United States",dormitory,building,,us,117.0
103,21,0.9471194695306544,0.0007892662246088,6.577218538407321e-07,0,12:05:2013 ,1,43,43.7054547,-72.2831304,1368297829,False,0.0,50400.0,"10, North Park Street, Hanover, Grafton County, New Hampshire, 03755, United States",dormitory,building,,us,117.0
154,21,29.52543840100838,0.0123022660004201,5.125944166841732e-06,0,12:05:2013 ,2,23,43.7052396,-72.2891623,1368300229,True,1.0,2400.0,"Dartmouth College, College Street, Hanover, Grafton County, New Hampshire, 03755, United States",university,amenity,Dartmouth College,us,8.0
104,21,6.849459998780114,0.0124309618852633,2.2560729374343675e-05,4,16:05:2013 ,3,17,43.7053863,-72.2832038,1368649022,False,0.0,348793.0,"10, North Park Street, Hanover, Grafton County, New Hampshire, 03755, United States",dormitory,building,,us,117.0
135,21,43.27922099972028,0.0141945624794097,4.655481298592895e-06,4,16:05:2013 ,4,7,43.7057016,-72.2884462,1368652071,True,1.0,3049.0,"Berry Library, 25, North Main Street, Hanover, Grafton County, New Hampshire, 03755, United States",library,amenity,Berry Library,us,20.0
136,21,1.0157500453347368,0.0008464583711122,7.053819759269005e-07,4,16:05:2013 ,7,7,43.7056844,-72.2884162,1368662871,False,0.0,10800.0,"Berry Library, 25, North Main Street, Hanover, Grafton County, New Hampshire, 03755, United States",library,amenity,Berry Library,us,20.0
105,21,32.490296033204686,0.0135376233471686,5.640676394653592e-06,4,16:05:2013 ,7,47,43.7054477,-72.2831415,1368665271,True,1.0,2400.0,"10, North Park Street, Hanover, Grafton County, New Hampshire, 03755, United States",dormitory,building,,us,117.0
106,21,2.347210010218004,0.0019560083418483,1.6300069515402804e-06,5,17:05:2013 ,5,27,43.7053993,-72.2831204,1368743271,False,0.0,78000.0,"10, North Park Street, Hanover, Grafton County, New Hampshire, 03755, United States",dormitory,building,,us,117.0
107,21,21.440586257005343,0.0178671552141711,1.4889296011809268e-05,5,17:05:2013 ,5,47,43.7055555,-72.2830602,1368744471,True,1.0,1200.0,"10, North Park Street, Hanover, Grafton County, New Hampshire, 03755, United States",dormitory,building,,us,117.0
108,21,21.02879505189408,0.0175239958765784,1.4603329897148669e-05,5,17:05:2013 ,6,7,43.7054023,-72.2831271,1368745671,True,1.0,1200.0,"10, North Park Street, Hanover, Grafton County, New Hampshire, 03755, United States",dormitory,building,,us,117.0
109,21,0.8235823388823201,0.0006863186157352,5.71932179779389e-07,6,18:05:2013 ,1,47,43.7054196,-72.2831232,1368816471,False,0.0,70800.0,"10, North Park Street, Hanover, Grafton County, New Hampshire, 03755, United States",dormitory,building,,us,117.0
155,21,36.11411167747074,0.0150475465322794,6.269811055116447e-06,6,18:05:2013 ,2,27,43.7051565,-72.2892343,1368818871,True,1.0,2400.0,"Dartmouth College, College Street, Hanover, Grafton County, New Hampshire, 03755, United States",university,amenity,Dartmouth College,us,8.0
156,21,2.786457537499132,0.0023220479479159,1.93503995659662e-06,6,18:05:2013 ,3,27,43.7051741,-72.2892396,1368822471,False,0.0,3600.0,"Dartmouth College, College Street, Hanover, Grafton County, New Hampshire, 03755, United States",university,amenity,Dartmouth College,us,8.0
200,21,241.08914276119745,0.2007403353548688,0.0001671443258575,6,18:05:2013 ,3,47,43.7069305,-72.2876121,1368823672,True,1.0,1201.0,"Parker House, 7, Maynard Street, Hanover, Grafton County, New Hampshire, 03755, United States",educational_institution,office,Parker House,us,2.0
191,21,41.26115919886691,0.034384299332389,2.8653582776990912e-05,6,18:05:2013 ,4,7,43.7066299,-72.2874393,1368824872,True,1.0,1200.0,"Sudikoff Hall, 9, Maynard Street, Hanover, Grafton County, New Hampshire, 03755, United States",university,building,Sudikoff Hall,us,1.0
196,21,0.1784416244059339,0.0001488253748172,1.241245828334384e-07,6,18:05:2013 ,4,27,43.7066286,-72.2876701,1368826071,False,0.0,1199.0,"Dartmouth College, College Street, Hanover, Grafton County, New Hampshire, 03755, United States",university,amenity,Dartmouth College,us,1.0
201,21,21.83849994986973,0.0181987499582247,1.5165624965187313e-05,6,18:05:2013 ,4,47,43.7067877,-72.2875511,1368827271,True,1.0,1200.0,"Parker House, 7, Maynard Street, Hanover, Grafton County, New Hampshire, 03755, United States",educational_institution,office,Parker House,us,2.0
110,21,187.04855107531907,0.1558737925627659,0.0001298948271356,6,18:05:2013 ,5,7,43.705425,-72.2831274,1368828471,True,1.0,1200.0,"10, North Park Street, Hanover, Grafton County, New Hampshire, 03755, United States",dormitory,building,,us,117.0
111,21,7.453420663146463,0.0062111838859553,5.175986571629489e-06,6,18:05:2013 ,7,47,43.7054321,-72.2831378,1368838071,False,0.0,9600.0,"10, North Park Street, Hanover, Grafton County, New Hampshire, 03755, United States",dormitory,building,,us,117.0
157,21,35.592506273773424,0.0296604218948111,2.4717018245675987e-05,6,18:05:2013 ,8,7,43.7051728,-72.2892063,1368839271,True,1.0,1200.0,"Dartmouth College, College Street, Hanover, Grafton County, New Hampshire, 03755, United States",university,amenity,Dartmouth College,us,8.0
158,21,2.6629199958422047,0.0022190999965351,1.8492499971126425e-06,6,18:05:2013 ,12,47,43.7051746,-72.2892552,1368856071,False,0.0,16800.0,"Dartmouth College, College Street, Hanover, Grafton County, New Hampshire, 03755, United States",university,amenity,Dartmouth College,us,8.0
112,21,40.932063648231214,0.0341100530401926,2.8425044200160564e-05,6,18:05:2013 ,13,7,43.7054728,-72.2831193,1368857271,True,1.0,1200.0,"10, North Park Street, Hanover, Grafton County, New Hampshire, 03755, United States",dormitory,building,,us,117.0
113,21,0.1509901050752039,0.0001258250875626,1.048542396355583e-07,0,19:05:2013 ,2,27,43.7054055,-72.2831269,1368905271,False,0.0,48000.0,"10, North Park Street, Hanover, Grafton County, New Hampshire, 03755, United States",dormitory,building,,us,117.0
166,21,34.57675851779698,0.0003799727303654,4.175616281297055e-09,1,20:05:2013 ,3,44,43.7051536,-72.2888827,1368996269,True,1.0,90998.0,"Baker Memorial Library, 3, Wentworth Street, Hanover, Grafton County, New Hampshire, 03755, United States",library,amenity,Baker Memorial Library,us,3.0
167,21,7.316167248883328,0.0060968060407361,5.080671700613423e-06,1,20:05:2013 ,4,24,43.7051272,-72.288849,1368998669,False,0.0,2400.0,"Baker Memorial Library, 3, Wentworth Street, Hanover, Grafton County, New Hampshire, 03755, United States",library,amenity,Baker Memorial Library,us,3.0
114,21,41.23405472019216,0.0343045380367655,2.853954911544553e-05,1,20:05:2013 ,4,44,43.7054276,-72.2832266,1368999871,True,1.0,1202.0,"10, North Park Street, Hanover, Grafton County, New Hampshire, 03755, United States",dormitory,building,,us,117.0
115,21,1.6197117922965367,0.0013497598269137,1.124799855761484e-06,1,20:05:2013 ,6,4,43.7054381,-72.2831745,1369004669,False,0.0,4798.0,"10, North Park Street, Hanover, Grafton County, New Hampshire, 03755, United States",dormitory,building,,us,117.0
193,21,46.86187440741669,0.0195095230672009,8.122199445129457e-06,1,20:05:2013 ,6,44,43.7050967,-72.2892283,1369007071,True,1.0,2402.0,"Dartmouth College, College Street, Hanover, Grafton County, New Hampshire, 03755, United States",university,amenity,Dartmouth College,us,2.0
194,21,0.3294335263500384,0.000274527938625,2.287732821875267e-07,1,20:05:2013 ,8,44,43.7050987,-72.2892268,1369014269,False,0.0,7198.0,"Dartmouth College, College Street, Hanover, Grafton County, New Hampshire, 03755, United States",university,amenity,Dartmouth College,us,2.0
217,21,161.9720194666459,0.1347520960621014,0.0001121065691032,1,20:05:2013 ,9,4,43.7039187,-72.2874354,1369015471,True,1.0,1202.0,"Dartmouth College, College Street, Hanover, Grafton County, New Hampshire, 03755, United States",university,amenity,Dartmouth College,us,1.0
258,21,208.7807714712226,0.1739839762260188,0.000144986646855,1,20:05:2013 ,9,24,43.7023977,-72.286164,1369016671,True,1.0,1200.0,"Dartmouth College, College Street, Hanover, Grafton County, New Hampshire, 03755, United States",university,amenity,Dartmouth College,us,2.0
259,21,3.019853483074796,0.0025165445692289,2.0971204743574968e-06,1,20:05:2013 ,14,4,43.7023651,-72.2861505,1369033469,False,0.0,16798.0,"Dartmouth College, College Street, Hanover, Grafton County, New Hampshire, 03755, United States",university,amenity,Dartmouth College,us,2.0
245,21,55.45543176052678,0.046174381149481,3.844661211447217e-05,1,20:05:2013 ,14,24,43.7027691,-72.2862749,1369034670,True,1.0,1201.0,"Dartmouth College, College Street, Hanover, Grafton County, New Hampshire, 03755, United States",university,amenity,Dartmouth College,us,1.0
116,21,366.3321265389304,0.3055313816004423,0.0002548218361971,1,20:05:2013 ,14,44,43.7054379,-72.2831171,1369035869,True,1.0,1199.0,"10, North Park Street, Hanover, Grafton County, New Hampshire, 03755, United States",dormitory,building,,us,117.0
