,tnv,distance,velocity,accelerate,week_date,date,hour in date,min in date,latitude,longitude,time,moving,active,time_difference,address,type,address_type,hall,nation,count
97,25,0.0,0.0,0.0,4,28:03:2013 ,0,7,43.7066225,-72.2870505,1364404054,False,0.0,,"Dartmouth College, College Street, Hanover, Grafton County, New Hampshire, 03755, United States",university,amenity,Dartmouth College,us,37.0
98,25,2.2922887610596847,0.0019102406342164,1.5918671951803366e-06,4,28:03:2013 ,0,27,43.7066058,-72.2870346,1364405254,False,0.0,1200.0,"Dartmouth College, College Street, Hanover, Grafton County, New Hampshire, 03755, United States",university,amenity,Dartmouth College,us,37.0
266,25,317.0338475024106,0.2639748938404751,0.0002197959149379,4,28:03:2013 ,0,47,43.7089155,-72.2840136,1364406455,True,1.0,1201.0,"Life Sciences Greenhouse, 78, College Street, Hanover, Grafton County, New Hampshire, 03755, United States",house,place,Life Sciences Greenhouse,us,33.0
267,25,2.429519946843686,0.002024599955703,1.6871666297525596e-06,4,28:03:2013 ,1,27,43.7089218,-72.2840783,1364408854,False,0.0,2399.0,"Life Sciences Greenhouse, 78, College Street, Hanover, Grafton County, New Hampshire, 03755, United States",house,place,Life Sciences Greenhouse,us,33.0
327,25,49.46882182866639,0.0411896934460169,3.429616440134636e-05,4,28:03:2013 ,1,47,43.7092822,-72.2837578,1364410055,True,1.0,1201.0,"Class of 1978 Life Sciences Center, 78, College Street, Hanover, Grafton County, New Hampshire, 03755, United States",university,building,Class of 1978 Life Sciences Center,us,1.0
175,25,519.2491809920791,0.4319876713744419,0.000359390741576,4,28:03:2013 ,2,7,43.7054993,-72.2900143,1364411257,True,1.0,1202.0,"Dartmouth College, College Street, Hanover, Grafton County, New Hampshire, 03755, United States",university,amenity,Dartmouth College,us,24.0
176,25,3.81592985239687,0.0031746504595647,2.641140149388339e-06,4,28:03:2013 ,3,7,43.7055077,-72.2900387,1364414856,False,0.0,3599.0,"Dartmouth College, College Street, Hanover, Grafton County, New Hampshire, 03755, United States",university,amenity,Dartmouth College,us,24.0
141,25,84.60916928424862,0.0705664464422423,5.885441738302117e-05,4,28:03:2013 ,3,27,43.7061241,-72.2910005,1364416055,True,1.0,1199.0,"Dartmouth College, College Street, Hanover, Grafton County, New Hampshire, 03755, United States",university,amenity,Dartmouth College,us,5.0
0,25,1.7432410239967835,0.0014527008533306,1.2105840444422107e-06,5,29:03:2013 ,20,27,43.7062668,-72.2908973,1364563654,False,0.0,147599.0,"Dartmouth College, College Street, Hanover, Grafton County, New Hampshire, 03755, United States",university,amenity,Dartmouth College,us,97.0
173,25,54.75429909155933,0.045552661473843,3.789738891334696e-05,5,29:03:2013 ,20,47,43.7058679,-72.2887803,1364564856,True,1.0,1202.0,"Carson Hall, 27, North Main Street, Hanover, Grafton County, New Hampshire, 03755, United States",university,building,Carson Hall,us,2.0
268,25,417.0025763605663,0.3475021469671385,0.0002895851224726,5,29:03:2013 ,21,7,43.7089059,-72.2839809,1364566056,True,1.0,1200.0,"Life Sciences Greenhouse, 78, College Street, Hanover, Grafton County, New Hampshire, 03755, United States",house,place,Life Sciences Greenhouse,us,33.0
231,25,36.3467485880125,0.030339523028391,2.53251444310443e-05,5,29:03:2013 ,21,27,43.7086411,-72.2836808,1364567254,True,1.0,1198.0,"Class of 1978 Life Sciences Center, 78, College Street, Hanover, Grafton County, New Hampshire, 03755, United States",university,building,Class of 1978 Life Sciences Center,us,4.0
320,25,14.343784590202594,0.0119531538251688,9.960961520974025e-06,5,29:03:2013 ,22,7,43.7088758,-72.2838552,1364569654,False,0.0,2400.0,"Life Sciences Greenhouse, 78, College Street, Hanover, Grafton County, New Hampshire, 03755, United States",house,place,Life Sciences Greenhouse,us,1.0
134,25,356.7715418213249,0.2970620664623854,0.000247345600718,5,29:03:2013 ,22,27,43.7062766,-72.28909,1364570855,True,1.0,1201.0,"Haldeman Center, 29, North Main Street, Hanover, Grafton County, New Hampshire, 03755, United States",university,building,Haldeman Center,us,7.0
1,25,0.9608414305959012,0.0008007011921632,6.67250993469376e-07,6,30:03:2013 ,0,7,43.7062786,-72.2908928,1364576854,False,0.0,5999.0,"Dartmouth College, College Street, Hanover, Grafton County, New Hampshire, 03755, United States",university,amenity,Dartmouth College,us,97.0
316,25,364.4444295671649,0.3034508156262822,0.0002526651254173,6,30:03:2013 ,0,27,43.7089337,-72.2842057,1364578055,True,1.0,1201.0,"Life Sciences Greenhouse, 78, College Street, Hanover, Grafton County, New Hampshire, 03755, United States",house,place,Life Sciences Greenhouse,us,2.0
269,25,2.607957756914005,0.0021732981307616,1.8110817756347256e-06,6,30:03:2013 ,1,47,43.7090242,-72.2840174,1364582854,False,0.0,4799.0,"Life Sciences Greenhouse, 78, College Street, Hanover, Grafton County, New Hampshire, 03755, United States",house,place,Life Sciences Greenhouse,us,33.0
177,25,482.5867844056883,0.4021556536714069,0.0003351297113928,6,30:03:2013 ,2,7,43.7055084,-72.2899848,1364584054,True,1.0,1200.0,"Dartmouth College, College Street, Hanover, Grafton County, New Hampshire, 03755, United States",university,amenity,Dartmouth College,us,24.0
178,25,1.9765965891487376,0.0016471638242906,1.372636520242179e-06,6,30:03:2013 ,3,27,43.7055018,-72.289951,1364588854,False,0.0,4800.0,"Dartmouth College, College Street, Hanover, Grafton County, New Hampshire, 03755, United States",university,amenity,Dartmouth College,us,24.0
2,25,103.79855744905272,0.4185425703590835,0.0016876716546737,6,30:03:2013 ,3,31,43.706258,-72.2908746,1364589102,True,1.0,248.0,"Dartmouth College, College Street, Hanover, Grafton County, New Hampshire, 03755, United States",university,amenity,Dartmouth College,us,97.0
3,25,1.4138096278557293,0.0011781746898797,9.818122415664786e-07,0,31:03:2013 ,0,27,43.7062579,-72.2908716,1364664454,False,0.0,75352.0,"Dartmouth College, College Street, Hanover, Grafton County, New Hampshire, 03755, United States",university,amenity,Dartmouth College,us,97.0
301,25,439.808575048172,0.1831009887794221,7.622855486237392e-05,0,31:03:2013 ,1,7,43.7030538,-72.2910739,1364666856,True,1.0,2402.0,"Dartmouth College, College Street, Hanover, Grafton County, New Hampshire, 03755, United States",university,amenity,Dartmouth College,us,3.0
246,25,14.605049622641108,0.0121911933411027,1.0176288264693456e-05,0,31:03:2013 ,1,27,43.7031602,-72.2909094,1364668054,False,0.0,1198.0,"Dartmouth College, College Street, Hanover, Grafton County, New Hampshire, 03755, United States",university,amenity,Dartmouth College,us,20.0
99,25,473.8769632132255,0.3948974693443546,0.0003290812244536,0,31:03:2013 ,1,47,43.7066125,-72.2870629,1364669254,True,1.0,1200.0,"Dartmouth College, College Street, Hanover, Grafton County, New Hampshire, 03755, United States",university,amenity,Dartmouth College,us,37.0
100,25,2.3197412848600383,0.0019331177373833,1.6109314478194709e-06,0,31:03:2013 ,2,27,43.7066254,-72.2870558,1364671654,False,0.0,2400.0,"Dartmouth College, College Street, Hanover, Grafton County, New Hampshire, 03755, United States",university,amenity,Dartmouth College,us,37.0
4,25,52.31090576685916,0.0435924214723826,3.63270178936522e-05,0,31:03:2013 ,2,47,43.7062443,-72.290928,1364672854,True,1.0,1200.0,"Dartmouth College, College Street, Hanover, Grafton County, New Hampshire, 03755, United States",university,amenity,Dartmouth College,us,97.0
5,25,5.1336385935161015,0.0042780321612634,3.565026801052848e-06,0,31:03:2013 ,13,47,43.7062531,-72.2909242,1364712454,False,0.0,39600.0,"Dartmouth College, College Street, Hanover, Grafton County, New Hampshire, 03755, United States",university,amenity,Dartmouth College,us,97.0
235,25,154.8734405687097,0.0305590845636759,6.0298114766527126e-06,0,31:03:2013 ,15,12,43.7073814,-72.2890091,1364717522,True,1.0,5068.0,"Dartmouth College, College Street, Hanover, Grafton County, New Hampshire, 03755, United States",university,amenity,Dartmouth College,us,1.0
6,25,145.51210041693747,0.1212600836807812,0.0001010500697339,0,31:03:2013 ,15,32,43.7063213,-72.2908337,1364718722,True,1.0,1200.0,"Dartmouth College, College Street, Hanover, Grafton County, New Hampshire, 03755, United States",university,amenity,Dartmouth College,us,97.0
7,25,0.1784419844630289,0.0001487016537191,1.2391804476599234e-07,1,01:04:2013 ,20,32,43.7062697,-72.2908959,1364823122,False,0.0,104400.0,"Dartmouth College, College Street, Hanover, Grafton County, New Hampshire, 03755, United States",university,amenity,Dartmouth College,us,97.0
270,25,357.5951220054045,0.1489979675022519,6.208248645927162e-05,1,01:04:2013 ,21,12,43.7088749,-72.2839427,1364825522,True,1.0,2400.0,"Life Sciences Greenhouse, 78, College Street, Hanover, Grafton County, New Hampshire, 03755, United States",house,place,Life Sciences Greenhouse,us,33.0
271,25,0.5215917401913845,0.0004346597834928,3.6221648624401705e-07,1,01:04:2013 ,21,52,43.7089709,-72.2840429,1364827922,False,0.0,2400.0,"Life Sciences Greenhouse, 78, College Street, Hanover, Grafton County, New Hampshire, 03755, United States",house,place,Life Sciences Greenhouse,us,33.0
135,25,372.6115050633946,0.3105095875528288,0.0002587579896273,1,01:04:2013 ,22,12,43.7062563,-72.289118,1364829122,True,1.0,1200.0,"Haldeman Center, 29, North Main Street, Hanover, Grafton County, New Hampshire, 03755, United States",university,building,Haldeman Center,us,7.0
136,25,0.2196209274261192,0.0001830174395217,1.5251453293480505e-07,1,01:04:2013 ,22,52,43.7062503,-72.2891379,1364831522,False,0.0,2400.0,"Haldeman Center, 29, North Main Street, Hanover, Grafton County, New Hampshire, 03755, United States",university,building,Haldeman Center,us,7.0
170,25,37.5277550320414,0.0312731291933678,2.60609409944732e-05,1,01:04:2013 ,23,12,43.7059769,-72.2893947,1364832722,True,1.0,1200.0,"Dartmouth College, College Street, Hanover, Grafton County, New Hampshire, 03755, United States",university,amenity,Dartmouth College,us,2.0
226,25,118.18397960089104,0.0984046457959126,8.193559183672989e-05,1,01:04:2013 ,23,32,43.7051159,-72.2885323,1364833923,True,1.0,1201.0,"Baker Memorial Library, 3, Wentworth Street, Hanover, Grafton County, New Hampshire, 03755, United States",library,amenity,Baker Memorial Library,us,5.0
8,25,150.7428106120588,0.1257237786589314,0.0001048571965462,1,01:04:2013 ,23,52,43.7062141,-72.2909324,1364835122,True,1.0,1199.0,"Dartmouth College, College Street, Hanover, Grafton County, New Hampshire, 03755, United States",university,amenity,Dartmouth College,us,97.0
9,25,6.478817928533056,0.0053990149404442,4.499179117036845e-06,2,02:04:2013 ,0,32,43.7062594,-72.2908991,1364837522,False,0.0,2400.0,"Dartmouth College, College Street, Hanover, Grafton County, New Hampshire, 03755, United States",university,amenity,Dartmouth College,us,97.0
272,25,377.4156324228102,0.3145130270190084,0.0002620941891825,2,02:04:2013 ,0,52,43.709009,-72.2840436,1364838722,True,1.0,1200.0,"Life Sciences Greenhouse, 78, College Street, Hanover, Grafton County, New Hampshire, 03755, United States",house,place,Life Sciences Greenhouse,us,33.0
273,25,3.431523865554623,0.0028596032212955,2.3830026844129327e-06,2,02:04:2013 ,1,52,43.7090202,-72.2839982,1364842322,False,0.0,3600.0,"Life Sciences Greenhouse, 78, College Street, Hanover, Grafton County, New Hampshire, 03755, United States",house,place,Life Sciences Greenhouse,us,33.0
179,25,481.1867060022592,0.4009889216685493,0.0003341574347237,2,02:04:2013 ,2,12,43.7055146,-72.2899919,1364843522,True,1.0,1200.0,"Dartmouth College, College Street, Hanover, Grafton County, New Hampshire, 03755, United States",university,amenity,Dartmouth College,us,24.0
180,25,1.4824477241504972,0.0012353731034587,1.029477586215623e-06,2,02:04:2013 ,3,52,43.7054806,-72.2899709,1364849522,False,0.0,6000.0,"Dartmouth College, College Street, Hanover, Grafton County, New Hampshire, 03755, United States",university,amenity,Dartmouth College,us,24.0
10,25,94.75293044267076,0.0789607753688923,6.58006461407436e-05,2,02:04:2013 ,4,12,43.7061709,-72.2908888,1364850722,True,1.0,1200.0,"Dartmouth College, College Street, Hanover, Grafton County, New Hampshire, 03755, United States",university,amenity,Dartmouth College,us,97.0
166,25,63.909802368483525,0.0507623529535214,4.0319581376903465e-05,2,02:04:2013 ,4,33,43.7057053,-72.2906573,1364851981,True,1.0,1259.0,"Dartmouth College, College Street, Hanover, Grafton County, New Hampshire, 03755, United States",university,amenity,Dartmouth College,us,1.0
319,25,417.7101288008805,0.363542322716171,0.0003163988883517,2,02:04:2013 ,4,52,43.7026622,-72.2897609,1364853130,True,1.0,1149.0,"Collis Student Center, 2, North Main Street, Hanover, Grafton County, New Hampshire, 03755, United States",university,building,Collis Student Center,us,1.0
318,25,11.887219449151925,0.0097516156268678,7.99968468159792e-06,2,02:04:2013 ,5,12,43.7027488,-72.2895962,1364854349,False,0.0,1219.0,"Dartmouth College, College Street, Hanover, Grafton County, New Hampshire, 03755, United States",university,amenity,Dartmouth College,us,1.0
11,25,477.2410043894662,0.2011129390600363,8.47505010788185e-05,2,02:04:2013 ,5,52,43.7062256,-72.2908958,1364856722,True,1.0,2373.0,"Dartmouth College, College Street, Hanover, Grafton County, New Hampshire, 03755, United States",university,amenity,Dartmouth College,us,97.0
12,25,2.5256411165492856,0.0021047009304577,1.7539174420481149e-06,4,04:04:2013 ,0,12,43.7062289,-72.290896,1365009122,False,0.0,152400.0,"Dartmouth College, College Street, Hanover, Grafton County, New Hampshire, 03755, United States",university,amenity,Dartmouth College,us,97.0
274,25,372.597836311332,0.155249098463055,6.468712435960626e-05,4,04:04:2013 ,0,52,43.7089434,-72.2841073,1365011522,True,1.0,2400.0,"Life Sciences Greenhouse, 78, College Street, Hanover, Grafton County, New Hampshire, 03755, United States",house,place,Life Sciences Greenhouse,us,33.0
275,25,5.613975362532116,0.00467831280211,3.898594001758414e-06,4,04:04:2013 ,1,52,43.7089546,-72.2840854,1365015122,False,0.0,3600.0,"Life Sciences Greenhouse, 78, College Street, Hanover, Grafton County, New Hampshire, 03755, United States",house,place,Life Sciences Greenhouse,us,33.0
181,25,469.8900835521086,0.3915750696267571,0.0003263125580222,4,04:04:2013 ,2,12,43.7055313,-72.2899338,1365016322,True,1.0,1200.0,"Dartmouth College, College Street, Hanover, Grafton County, New Hampshire, 03755, United States",university,amenity,Dartmouth College,us,24.0
182,25,0.6314127775125065,0.0005261773145937,4.384810954947962e-07,4,04:04:2013 ,3,52,43.705513,-72.2900117,1365022322,False,0.0,6000.0,"Dartmouth College, College Street, Hanover, Grafton County, New Hampshire, 03755, United States",university,amenity,Dartmouth College,us,24.0
221,25,58.33698118837047,0.0486141509903087,4.051179249192393e-05,4,04:04:2013 ,4,12,43.705938,-72.2912641,1365023522,True,1.0,1200.0,"Dartmouth College, College Street, Hanover, Grafton County, New Hampshire, 03755, United States",university,amenity,Dartmouth College,us,2.0
13,25,43.34771842522203,0.036123098687685,3.010258223973752e-05,4,04:04:2013 ,4,32,43.7062538,-72.2909375,1365024722,True,1.0,1200.0,"Dartmouth College, College Street, Hanover, Grafton County, New Hampshire, 03755, United States",university,amenity,Dartmouth College,us,97.0
147,25,77.66332603131268,0.0646655504007599,5.384308942611152e-05,4,04:04:2013 ,4,52,43.7068196,-72.2870541,1365025923,True,1.0,1201.0,"Dartmouth College, College Street, Hanover, Grafton County, New Hampshire, 03755, United States",university,amenity,Dartmouth College,us,18.0
148,25,0.4666927978371296,0.4666927978371296,0.4666927978371296,4,04:04:2013 ,5,32,43.7068878,-72.2869957,1365028323,False,0.0,2400.0,"Dartmouth College, College Street, Hanover, Grafton County, New Hampshire, 03755, United States",university,amenity,Dartmouth College,us,18.0
14,25,86.43440516725838,0.036029347714572,1.501848591687039e-05,4,04:04:2013 ,6,12,43.7062581,-72.2908858,1365030722,True,1.0,2399.0,"Dartmouth College, College Street, Hanover, Grafton County, New Hampshire, 03755, United States",university,amenity,Dartmouth College,us,97.0
15,25,7.165134955402295,0.0059709457961685,4.975788163473816e-06,4,04:04:2013 ,9,12,43.7062229,-72.2909737,1365041522,False,0.0,10800.0,"Dartmouth College, College Street, Hanover, Grafton County, New Hampshire, 03755, United States",university,amenity,Dartmouth College,us,97.0
142,25,24.268128422208648,0.0202234403518405,1.6852866959867114e-05,4,04:04:2013 ,9,32,43.7060461,-72.2911494,1365042722,True,1.0,1200.0,"Dartmouth College, College Street, Hanover, Grafton County, New Hampshire, 03755, United States",university,amenity,Dartmouth College,us,5.0
16,25,2.690356460788116,0.0022419637173234,1.8683030977695249e-06,4,04:04:2013 ,11,52,43.7062546,-72.2909088,1365051122,False,0.0,8400.0,"Dartmouth College, College Street, Hanover, Grafton County, New Hampshire, 03755, United States",university,amenity,Dartmouth College,us,97.0
309,25,471.9973752717961,0.39333114605983,0.0003277759550498,4,04:04:2013 ,12,12,43.702816,-72.2899032,1365052322,True,1.0,1200.0,"Collis Student Center, 2, North Main Street, Hanover, Grafton County, New Hampshire, 03755, United States",university,building,Collis Student Center,us,3.0
310,25,1.6334622209983836,0.0013612185174986,1.1343487645822108e-06,4,04:04:2013 ,12,32,43.7028041,-72.2898958,1365053522,False,0.0,1200.0,"Collis Student Center, 2, North Main Street, Hanover, Grafton County, New Hampshire, 03755, United States",university,building,Collis Student Center,us,3.0
17,25,474.3720580979933,0.1976550242074972,8.235626008645718e-05,4,04:04:2013 ,13,12,43.70626,-72.2908903,1365055922,True,1.0,2400.0,"Dartmouth College, College Street, Hanover, Grafton County, New Hampshire, 03755, United States",university,amenity,Dartmouth College,us,97.0
18,25,5.065007561916582,0.0042208396349304,3.517366362442072e-06,4,04:04:2013 ,22,32,43.7062357,-72.2909048,1365089522,False,0.0,33600.0,"Dartmouth College, College Street, Hanover, Grafton County, New Hampshire, 03755, United States",university,amenity,Dartmouth College,us,97.0
239,25,362.097353408332,0.3017477945069433,0.0002514564954224,4,04:04:2013 ,22,52,43.7088737,-72.2842505,1365090722,True,1.0,1200.0,"Class of 1978 Life Sciences Center, 78, College Street, Hanover, Grafton County, New Hampshire, 03755, United States",university,building,Class of 1978 Life Sciences Center,us,6.0
276,25,5.023752307427538,0.0041864602561896,3.4887168801580127e-06,4,04:04:2013 ,23,32,43.7089775,-72.2840048,1365093122,False,0.0,2400.0,"Life Sciences Greenhouse, 78, College Street, Hanover, Grafton County, New Hampshire, 03755, United States",house,place,Life Sciences Greenhouse,us,33.0
240,25,21.72842245810433,0.0181070187150869,1.508918226257245e-05,4,04:04:2013 ,23,52,43.7088192,-72.2840177,1365094322,True,1.0,1200.0,"Class of 1978 Life Sciences Center, 78, College Street, Hanover, Grafton County, New Hampshire, 03755, United States",university,building,Class of 1978 Life Sciences Center,us,6.0
277,25,27.35612190250017,0.0227967682520834,1.899730687673623e-05,5,05:04:2013 ,0,12,43.7090185,-72.2841269,1365095522,True,1.0,1200.0,"Life Sciences Greenhouse, 78, College Street, Hanover, Grafton County, New Hampshire, 03755, United States",house,place,Life Sciences Greenhouse,us,33.0
19,25,377.5803279618749,0.1573251366507811,6.555214027115882e-05,5,05:04:2013 ,0,52,43.7062677,-72.2909193,1365097922,True,1.0,2400.0,"Dartmouth College, College Street, Hanover, Grafton County, New Hampshire, 03755, United States",university,amenity,Dartmouth College,us,97.0
137,25,1.688335598966542,0.0014069463324721,1.1724552770600988e-06,5,05:04:2013 ,23,12,43.7062871,-72.2890428,1365178372,False,0.0,80450.0,"Haldeman Center, 29, North Main Street, Hanover, Grafton County, New Hampshire, 03755, United States",university,building,Haldeman Center,us,7.0
225,25,121.39574484941788,0.1008270306058287,8.374338090185116e-05,5,05:04:2013 ,23,32,43.7054027,-72.2892642,1365179576,True,1.0,1204.0,"Carpenter Hall, 23, North Main Street, Hanover, Grafton County, New Hampshire, 03755, United States",university,building,Carpenter Hall,us,1.0
20,25,110.2499824735976,0.092182259593309,7.707546788738213e-05,5,05:04:2013 ,23,52,43.7062059,-72.2909698,1365180772,True,1.0,1196.0,"Dartmouth College, College Street, Hanover, Grafton County, New Hampshire, 03755, United States",university,amenity,Dartmouth College,us,97.0
21,25,3.5551144598356585,0.0029625953831963,2.4688294859969854e-06,6,06:04:2013 ,0,32,43.7062036,-72.2908831,1365183172,False,0.0,2400.0,"Dartmouth College, College Street, Hanover, Grafton County, New Hampshire, 03755, United States",university,amenity,Dartmouth College,us,97.0
278,25,380.2021487833919,0.3168351239861599,0.0002640292699884,6,06:04:2013 ,0,52,43.7089735,-72.2840142,1365184372,True,1.0,1200.0,"Life Sciences Greenhouse, 78, College Street, Hanover, Grafton County, New Hampshire, 03755, United States",house,place,Life Sciences Greenhouse,us,33.0
279,25,0.0274521937020734,2.2876828085061187e-05,1.9064023404217657e-08,6,06:04:2013 ,1,52,43.7089915,-72.2840112,1365187972,False,0.0,3600.0,"Life Sciences Greenhouse, 78, College Street, Hanover, Grafton County, New Hampshire, 03755, United States",house,place,Life Sciences Greenhouse,us,33.0
183,25,478.0022666417687,0.3983352222014739,0.0003319460185012,6,06:04:2013 ,2,12,43.7055091,-72.2899715,1365189172,True,1.0,1200.0,"Dartmouth College, College Street, Hanover, Grafton County, New Hampshire, 03755, United States",university,amenity,Dartmouth College,us,24.0
184,25,2.100134037051015,0.0017501116975425,1.4584264146187603e-06,6,06:04:2013 ,2,52,43.705503,-72.2899521,1365191572,False,0.0,2400.0,"Dartmouth College, College Street, Hanover, Grafton County, New Hampshire, 03755, United States",university,amenity,Dartmouth College,us,24.0
22,25,96.78441267783909,0.0806536772315325,6.721139769294382e-05,6,06:04:2013 ,3,12,43.7062081,-72.2908837,1365192772,True,1.0,1200.0,"Dartmouth College, College Street, Hanover, Grafton County, New Hampshire, 03755, United States",university,amenity,Dartmouth College,us,97.0
23,25,6.94551091911135,0.0057879257659261,4.823271471605104e-06,6,06:04:2013 ,4,32,43.7063001,-72.290897,1365197572,False,0.0,4800.0,"Dartmouth College, College Street, Hanover, Grafton County, New Hampshire, 03755, United States",university,amenity,Dartmouth College,us,97.0
299,25,443.8715303037784,0.3698929419198153,0.0003082441182665,6,06:04:2013 ,4,52,43.7030664,-72.2910173,1365198772,True,1.0,1200.0,"Dartmouth College, College Street, Hanover, Grafton County, New Hampshire, 03755, United States",university,amenity,Dartmouth College,us,2.0
247,25,12.23035613187743,0.010183477212221,8.479165039318074e-06,6,06:04:2013 ,5,12,43.7031555,-72.290881,1365199973,False,0.0,1201.0,"Dartmouth College, College Street, Hanover, Grafton County, New Hampshire, 03755, United States",university,amenity,Dartmouth College,us,20.0
24,25,425.9722098839078,0.355272902321858,0.0002963076749973,6,06:04:2013 ,5,32,43.7062588,-72.2908591,1365201172,True,1.0,1199.0,"Dartmouth College, College Street, Hanover, Grafton County, New Hampshire, 03755, United States",university,amenity,Dartmouth College,us,97.0
25,25,2.992335914491839,0.0024936132620765,2.078011051730444e-06,6,06:04:2013 ,8,32,43.7061943,-72.2909391,1365211973,False,0.0,10801.0,"Dartmouth College, College Street, Hanover, Grafton County, New Hampshire, 03755, United States",university,amenity,Dartmouth College,us,97.0
312,25,189.90426950909915,0.1582535579242493,0.0001318779649368,6,06:04:2013 ,8,52,43.7048108,-72.2898292,1365213173,True,1.0,1200.0,"Dartmouth College, College Street, Hanover, Grafton County, New Hampshire, 03755, United States",university,amenity,Dartmouth College,us,2.0
311,25,272.0728661866876,0.2267273884889063,0.0001889394904074,6,06:04:2013 ,9,12,43.7028287,-72.2899505,1365214373,True,1.0,1200.0,"Collis Student Center, 2, North Main Street, Hanover, Grafton County, New Hampshire, 03755, United States",university,building,Collis Student Center,us,3.0
26,25,466.8362531345693,0.1945961872174111,8.111554281676162e-05,6,06:04:2013 ,9,52,43.7062284,-72.2908701,1365216773,True,1.0,2400.0,"Dartmouth College, College Street, Hanover, Grafton County, New Hampshire, 03755, United States",university,amenity,Dartmouth College,us,97.0
27,25,0.2058946081782036,0.0001715788401485,1.4298236679041928e-07,6,06:04:2013 ,11,12,43.7062612,-72.2909263,1365221573,False,0.0,4800.0,"Dartmouth College, College Street, Hanover, Grafton County, New Hampshire, 03755, United States",university,amenity,Dartmouth College,us,97.0
146,25,34.041218178580905,0.028344061764014,2.360038448294261e-05,6,06:04:2013 ,11,32,43.7065092,-72.29111,1365222774,True,1.0,1201.0,"Dartmouth College, College Street, Hanover, Grafton County, New Hampshire, 03755, United States",university,amenity,Dartmouth College,us,1.0
28,25,30.170399851229668,0.0251629690168721,2.098662970548133e-05,6,06:04:2013 ,11,52,43.7062894,-72.2909036,1365223973,True,1.0,1199.0,"Dartmouth College, College Street, Hanover, Grafton County, New Hampshire, 03755, United States",university,amenity,Dartmouth College,us,97.0
29,25,1.0981044007649527,0.0009150870006374,7.625725005312172e-07,0,07:04:2013 ,3,52,43.7062939,-72.2909107,1365281573,False,0.0,57600.0,"Dartmouth College, College Street, Hanover, Grafton County, New Hampshire, 03755, United States",university,amenity,Dartmouth College,us,97.0
248,25,426.8506247322308,0.3557088539435256,0.0002964240449529,0,07:04:2013 ,4,12,43.7031842,-72.2908533,1365282773,True,1.0,1200.0,"Dartmouth College, College Street, Hanover, Grafton County, New Hampshire, 03755, United States",university,amenity,Dartmouth College,us,20.0
249,25,1.125576768819832,0.0009379806406831,7.816505339026611e-07,0,07:04:2013 ,5,12,43.7031685,-72.290842,1365286373,False,0.0,3600.0,"Dartmouth College, College Street, Hanover, Grafton County, New Hampshire, 03755, United States",university,amenity,Dartmouth College,us,20.0
30,25,419.5345402367483,0.3496121168639569,0.0002913434307199,0,07:04:2013 ,5,32,43.7062249,-72.290941,1365287573,True,1.0,1200.0,"Dartmouth College, College Street, Hanover, Grafton County, New Hampshire, 03755, United States",university,amenity,Dartmouth College,us,97.0
31,25,3.32176679641748,0.0027681389970145,2.3067824975121386e-06,0,07:04:2013 ,5,52,43.7062491,-72.290851,1365288773,False,0.0,1200.0,"Dartmouth College, College Street, Hanover, Grafton County, New Hampshire, 03755, United States",university,amenity,Dartmouth College,us,97.0
101,25,51.02063411924326,0.0425171950993693,3.543099591614115e-05,0,07:04:2013 ,6,12,43.7066208,-72.2870442,1365289973,True,1.0,1200.0,"Dartmouth College, College Street, Hanover, Grafton County, New Hampshire, 03755, United States",university,amenity,Dartmouth College,us,37.0
102,25,6.437622182057813,0.0053646851517148,4.47057095976237e-06,0,07:04:2013 ,12,32,43.7067244,-72.2870329,1365312773,False,0.0,22800.0,"Dartmouth College, College Street, Hanover, Grafton County, New Hampshire, 03755, United States",university,amenity,Dartmouth College,us,37.0
32,25,73.02387348760118,0.0608532279063343,5.07110232552786e-05,0,07:04:2013 ,12,52,43.7061924,-72.2909605,1365313973,True,1.0,1200.0,"Dartmouth College, College Street, Hanover, Grafton County, New Hampshire, 03755, United States",university,amenity,Dartmouth College,us,97.0
33,25,1.5647988247731703,0.0013039990206443,1.086665850536924e-06,1,08:04:2013 ,0,52,43.7062894,-72.2908965,1365357173,False,0.0,43200.0,"Dartmouth College, College Street, Hanover, Grafton County, New Hampshire, 03755, United States",university,amenity,Dartmouth College,us,97.0
174,25,60.62916456587583,0.0504402367436571,4.196359130087945e-05,1,08:04:2013 ,1,12,43.7058477,-72.2888502,1365358375,True,1.0,1202.0,"Carson Hall, 27, North Main Street, Hanover, Grafton County, New Hampshire, 03755, United States",university,building,Carson Hall,us,2.0
103,25,111.77332362140662,0.0932999362449137,7.787974644817504e-05,1,08:04:2013 ,1,32,43.706662,-72.2870211,1365359573,True,1.0,1198.0,"Dartmouth College, College Street, Hanover, Grafton County, New Hampshire, 03755, United States",university,amenity,Dartmouth College,us,37.0
104,25,3.706095026043254,0.0030884125217027,2.5736771014189267e-06,1,08:04:2013 ,10,52,43.7066553,-72.2869758,1365393173,False,0.0,33600.0,"Dartmouth College, College Street, Hanover, Grafton County, New Hampshire, 03755, United States",university,amenity,Dartmouth College,us,37.0
34,25,48.618520890775166,0.0202577170378229,8.440715432426243e-06,1,08:04:2013 ,11,32,43.7063011,-72.2908974,1365395573,True,1.0,2400.0,"Dartmouth College, College Street, Hanover, Grafton County, New Hampshire, 03755, United States",university,amenity,Dartmouth College,us,97.0
35,25,1.85305153681263,0.0015442096140105,1.2868413450087709e-06,1,08:04:2013 ,20,52,43.7062483,-72.2908635,1365429173,False,0.0,33600.0,"Dartmouth College, College Street, Hanover, Grafton County, New Hampshire, 03755, United States",university,amenity,Dartmouth College,us,97.0
241,25,350.6909320183238,0.2922424433486031,0.0002435353694571,1,08:04:2013 ,21,12,43.7088032,-72.2841942,1365430373,True,1.0,1200.0,"Class of 1978 Life Sciences Center, 78, College Street, Hanover, Grafton County, New Hampshire, 03755, United States",university,building,Class of 1978 Life Sciences Center,us,6.0
232,25,23.10105611064742,0.0192508800922061,1.6042400076838486e-05,1,08:04:2013 ,21,32,43.7086349,-72.2836601,1365431573,True,1.0,1200.0,"Class of 1978 Life Sciences Center, 78, College Street, Hanover, Grafton County, New Hampshire, 03755, United States",university,building,Class of 1978 Life Sciences Center,us,4.0
233,25,3.706053253411861,0.0030883777111765,2.5736480926471257e-06,1,08:04:2013 ,21,52,43.7086619,-72.2836648,1365432773,False,0.0,1200.0,"Class of 1978 Life Sciences Center, 78, College Street, Hanover, Grafton County, New Hampshire, 03755, United States",university,building,Class of 1978 Life Sciences Center,us,4.0
199,25,230.490129626096,0.1920751080217466,0.0001600625900181,1,08:04:2013 ,22,12,43.7069827,-72.2870604,1365433973,True,1.0,1200.0,"Dartmouth College, College Street, Hanover, Grafton County, New Hampshire, 03755, United States",university,amenity,Dartmouth College,us,22.0
138,25,96.12512891093624,0.0801042740924468,6.675356174370573e-05,1,08:04:2013 ,22,32,43.7062824,-72.2891141,1365435173,True,1.0,1200.0,"Haldeman Center, 29, North Main Street, Hanover, Grafton County, New Hampshire, 03755, United States",university,building,Haldeman Center,us,7.0
139,25,3.1707768876957934,0.0026423140730798,2.2019283942331898e-06,1,08:04:2013 ,23,12,43.7062541,-72.2890907,1365437573,False,0.0,2400.0,"Haldeman Center, 29, North Main Street, Hanover, Grafton County, New Hampshire, 03755, United States",university,building,Haldeman Center,us,7.0
237,25,143.89330788184031,0.1199110899015336,9.9925908251278e-05,1,08:04:2013 ,23,32,43.7052058,-72.290063,1365438773,True,1.0,1200.0,"Dartmouth College, College Street, Hanover, Grafton County, New Hampshire, 03755, United States",university,amenity,Dartmouth College,us,2.0
36,25,142.56185599222798,0.1188015466601899,9.900128888349166e-05,1,08:04:2013 ,23,52,43.7062444,-72.2908851,1365439973,True,1.0,1200.0,"Dartmouth College, College Street, Hanover, Grafton County, New Hampshire, 03755, United States",university,amenity,Dartmouth College,us,97.0
37,25,1.20791502761651,0.001006595856347,8.38829880289243e-07,2,09:04:2013 ,0,32,43.7062578,-72.2908854,1365442373,False,0.0,2400.0,"Dartmouth College, College Street, Hanover, Grafton County, New Hampshire, 03755, United States",university,amenity,Dartmouth College,us,97.0
280,25,377.88232305626127,0.3149019358802177,0.0002624182799001,2,09:04:2013 ,0,52,43.7090108,-72.2840187,1365443573,True,1.0,1200.0,"Life Sciences Greenhouse, 78, College Street, Hanover, Grafton County, New Hampshire, 03755, United States",house,place,Life Sciences Greenhouse,us,33.0
281,25,3.815855052278335,0.0031798792102319,2.649899341859955e-06,2,09:04:2013 ,1,32,43.7089698,-72.2840124,1365445973,False,0.0,2400.0,"Life Sciences Greenhouse, 78, College Street, Hanover, Grafton County, New Hampshire, 03755, United States",house,place,Life Sciences Greenhouse,us,33.0
185,25,474.3511115909577,0.1976462964962324,8.235262354009683e-05,2,09:04:2013 ,2,12,43.705514,-72.2900028,1365448373,True,1.0,2400.0,"Dartmouth College, College Street, Hanover, Grafton County, New Hampshire, 03755, United States",university,amenity,Dartmouth College,us,24.0
186,25,3.95319314893336,0.0032915846369137,2.7407032780297297e-06,2,09:04:2013 ,3,32,43.7055248,-72.2900018,1365453174,False,0.0,4801.0,"Dartmouth College, College Street, Hanover, Grafton County, New Hampshire, 03755, United States",university,amenity,Dartmouth College,us,24.0
38,25,101.41016673407778,0.084578954740682,7.054124665611514e-05,2,09:04:2013 ,3,52,43.7062636,-72.290939,1365454373,True,1.0,1199.0,"Dartmouth College, College Street, Hanover, Grafton County, New Hampshire, 03755, United States",university,amenity,Dartmouth College,us,97.0
143,25,20.465932348497404,0.0170549436237478,1.4212453019789864e-05,2,09:04:2013 ,4,12,43.7061145,-72.2910443,1365455573,True,1.0,1200.0,"Dartmouth College, College Street, Hanover, Grafton County, New Hampshire, 03755, United States",university,amenity,Dartmouth College,us,5.0
224,25,14.481263403181048,0.0120677195026508,1.0056432918875727e-05,2,09:04:2013 ,23,12,43.7060942,-72.289183,1365523973,False,0.0,68400.0,"Haldeman Center, 29, North Main Street, Hanover, Grafton County, New Hampshire, 03755, United States",university,building,Haldeman Center,us,1.0
171,25,20.548309812444817,0.0171235915103706,1.4269659591975566e-05,2,09:04:2013 ,23,32,43.7059445,-72.2894633,1365525173,True,1.0,1200.0,"Dartmouth College, College Street, Hanover, Grafton County, New Hampshire, 03755, United States",university,amenity,Dartmouth College,us,2.0
140,25,28.24877416808706,0.0235014760133835,1.9551976716625272e-05,2,09:04:2013 ,23,52,43.7061503,-72.2891786,1365526375,True,1.0,1202.0,"Haldeman Center, 29, North Main Street, Hanover, Grafton County, New Hampshire, 03755, United States",university,building,Haldeman Center,us,7.0
39,25,4.172797069873664,0.0034773308915613,2.8977757429678227e-06,3,10:04:2013 ,3,52,43.7062902,-72.2908883,1365540773,False,0.0,14398.0,"Dartmouth College, College Street, Hanover, Grafton County, New Hampshire, 03755, United States",university,amenity,Dartmouth College,us,97.0
250,25,425.4505260824359,0.3545421050686965,0.0002954517542239,3,10:04:2013 ,4,12,43.7031907,-72.2909074,1365541973,True,1.0,1200.0,"Dartmouth College, College Street, Hanover, Grafton County, New Hampshire, 03755, United States",university,amenity,Dartmouth College,us,20.0
40,25,422.8288016915848,0.3523573347429873,0.0002936311122858,3,10:04:2013 ,4,32,43.7062711,-72.2909195,1365543173,True,1.0,1200.0,"Dartmouth College, College Street, Hanover, Grafton County, New Hampshire, 03755, United States",university,amenity,Dartmouth College,us,97.0
41,25,0.0137263010498657,0.0137263010498657,0.0137263010498657,4,11:04:2013 ,22,32,43.7063402,-72.2909,1365694374,False,0.0,151201.0,"Dartmouth College, College Street, Hanover, Grafton County, New Hampshire, 03755, United States",university,amenity,Dartmouth College,us,97.0
234,25,324.9954705416587,0.1354712257364146,5.6469873170660536e-05,4,11:04:2013 ,23,12,43.7087079,-72.283709,1365696773,True,1.0,2399.0,"Class of 1978 Life Sciences Center, 78, College Street, Hanover, Grafton County, New Hampshire, 03755, United States",university,building,Class of 1978 Life Sciences Center,us,4.0
282,25,33.162279970874486,0.027635233309062,2.302936109088506e-05,4,11:04:2013 ,23,32,43.7089495,-72.2840824,1365697973,True,1.0,1200.0,"Life Sciences Greenhouse, 78, College Street, Hanover, Grafton County, New Hampshire, 03755, United States",house,place,Life Sciences Greenhouse,us,33.0
242,25,7.947413160856502,0.0066228443007137,5.51903691726146e-06,4,11:04:2013 ,23,52,43.7088916,-72.2841626,1365699173,False,0.0,1200.0,"Class of 1978 Life Sciences Center, 78, College Street, Hanover, Grafton County, New Hampshire, 03755, United States",university,building,Class of 1978 Life Sciences Center,us,6.0
323,25,26.326654075010715,0.0219388783958422,1.828239866320189e-05,5,12:04:2013 ,0,12,43.7090834,-72.2839362,1365700373,True,1.0,1200.0,"Life Sciences Greenhouse, 78, College Street, Hanover, Grafton County, New Hampshire, 03755, United States",house,place,Life Sciences Greenhouse,us,2.0
283,25,13.863354450696606,0.0115527953755805,9.62732947965042e-06,5,12:04:2013 ,0,32,43.7089824,-72.2840434,1365701573,False,0.0,1200.0,"Life Sciences Greenhouse, 78, College Street, Hanover, Grafton County, New Hampshire, 03755, United States",house,place,Life Sciences Greenhouse,us,33.0
144,25,392.0342126919117,0.1633475886216298,6.806149525901244e-05,5,12:04:2013 ,1,12,43.7061263,-72.2909775,1365703973,True,1.0,2400.0,"Dartmouth College, College Street, Hanover, Grafton County, New Hampshire, 03755, United States",university,amenity,Dartmouth College,us,5.0
42,25,6.300374401173905,0.0052503120009782,4.3752600008152125e-06,5,12:04:2013 ,4,32,43.7062555,-72.2908264,1365715973,False,0.0,12000.0,"Dartmouth College, College Street, Hanover, Grafton County, New Hampshire, 03755, United States",university,amenity,Dartmouth College,us,97.0
251,25,426.09575670119534,0.3550797972509961,0.0002958998310424,5,12:04:2013 ,4,52,43.7031513,-72.2909388,1365717173,True,1.0,1200.0,"Dartmouth College, College Street, Hanover, Grafton County, New Hampshire, 03755, United States",university,amenity,Dartmouth College,us,20.0
252,25,0.5353352381649336,0.0004461126984707,3.7176058205898164e-07,5,12:04:2013 ,5,32,43.7031845,-72.2908911,1365719573,False,0.0,2400.0,"Dartmouth College, College Street, Hanover, Grafton County, New Hampshire, 03755, United States",university,amenity,Dartmouth College,us,20.0
167,25,385.78148595284017,0.3214845716273668,0.0002679038096894,5,12:04:2013 ,5,52,43.705995,-72.2911727,1365720773,True,1.0,1200.0,"Dartmouth College, College Street, Hanover, Grafton County, New Hampshire, 03755, United States",university,amenity,Dartmouth College,us,3.0
43,25,43.71831473525983,0.0364319289460498,3.035994078837488e-05,5,12:04:2013 ,6,12,43.7063135,-72.2909086,1365721973,True,1.0,1200.0,"Dartmouth College, College Street, Hanover, Grafton County, New Hampshire, 03755, United States",university,amenity,Dartmouth College,us,97.0
44,25,0.0960841200956748,8.480504862813316e-05,7.484999878917315e-08,5,12:04:2013 ,18,11,43.7063192,-72.2908683,1365765106,False,0.0,43133.0,"Dartmouth College, College Street, Hanover, Grafton County, New Hampshire, 03755, United States",university,amenity,Dartmouth College,us,97.0
321,25,484.0354069759708,0.1958864455588712,7.927415846170426e-05,5,12:04:2013 ,18,52,43.7027929,-72.2841278,1365767577,True,1.0,2471.0,"Alumni Gymnasium, 16, East Wheelock Street, Hanover, Grafton County, New Hampshire, 03755, United States",sports_centre,leisure,Alumni Gymnasium,us,1.0
306,25,7.261360129838831,0.0060460950290081,5.034217343054276e-06,5,12:04:2013 ,20,12,43.7027135,-72.2845305,1365772375,False,0.0,4798.0,"Alumni Gymnasium, 16, East Wheelock Street, Hanover, Grafton County, New Hampshire, 03755, United States",sports_centre,leisure,Alumni Gymnasium,us,2.0
45,25,493.36951107669023,0.4114841626994914,0.000343189460133,5,12:04:2013 ,20,32,43.7063078,-72.290852,1365773574,True,1.0,1199.0,"Dartmouth College, College Street, Hanover, Grafton County, New Hampshire, 03755, United States",university,amenity,Dartmouth College,us,97.0
284,25,359.0637384271398,0.1496098910113082,6.23374545880451e-05,5,12:04:2013 ,21,12,43.7089237,-72.2841149,1365775974,True,1.0,2400.0,"Life Sciences Greenhouse, 78, College Street, Hanover, Grafton County, New Hampshire, 03755, United States",house,place,Life Sciences Greenhouse,us,33.0
285,25,0.0137261006790245,1.1438417232520488e-05,9.53201436043374e-09,5,12:04:2013 ,21,52,43.7089442,-72.2841426,1365778374,False,0.0,2400.0,"Life Sciences Greenhouse, 78, College Street, Hanover, Grafton County, New Hampshire, 03755, United States",house,place,Life Sciences Greenhouse,us,33.0
46,25,363.40120890938863,0.1514171703789119,6.309048765787997e-05,5,12:04:2013 ,22,32,43.7062967,-72.2909323,1365780774,True,1.0,2400.0,"Dartmouth College, College Street, Hanover, Grafton County, New Hampshire, 03755, United States",university,amenity,Dartmouth College,us,97.0
47,25,2.264840028293191,0.0018873666902443,1.572805575203605e-06,6,13:04:2013 ,0,12,43.7063216,-72.2908625,1365786774,False,0.0,6000.0,"Dartmouth College, College Street, Hanover, Grafton County, New Hampshire, 03755, United States",university,amenity,Dartmouth College,us,97.0
286,25,370.2916585242507,0.1542881910517711,6.42867462715713e-05,6,13:04:2013 ,0,52,43.7090193,-72.2839791,1365789174,True,1.0,2400.0,"Life Sciences Greenhouse, 78, College Street, Hanover, Grafton County, New Hampshire, 03755, United States",house,place,Life Sciences Greenhouse,us,33.0
287,25,3.719772480507132,0.0030998104004226,2.5831753336855083e-06,6,13:04:2013 ,1,32,43.708992,-72.2840599,1365791574,False,0.0,2400.0,"Life Sciences Greenhouse, 78, College Street, Hanover, Grafton County, New Hampshire, 03755, United States",house,place,Life Sciences Greenhouse,us,33.0
243,25,32.32497903625105,0.0269374825302092,2.244790210850768e-05,6,13:04:2013 ,1,52,43.7087565,-72.2841625,1365792774,True,1.0,1200.0,"Class of 1978 Life Sciences Center, 78, College Street, Hanover, Grafton County, New Hampshire, 03755, United States",university,building,Class of 1978 Life Sciences Center,us,6.0
187,25,445.8557290300464,0.3715464408583719,0.0003096220340486,6,13:04:2013 ,2,12,43.7055083,-72.2900041,1365793974,True,1.0,1200.0,"Dartmouth College, College Street, Hanover, Grafton County, New Hampshire, 03755, United States",university,amenity,Dartmouth College,us,24.0
188,25,0.2196217938730824,0.0001830181615609,1.5251513463408502e-07,6,13:04:2013 ,4,12,43.705548,-72.28996,1365801174,False,0.0,7200.0,"Dartmouth College, College Street, Hanover, Grafton County, New Hampshire, 03755, United States",university,amenity,Dartmouth College,us,24.0
315,25,312.9493355260257,0.2607911129383548,0.0002173259274486,6,13:04:2013 ,4,32,43.7032681,-72.2901529,1365802374,True,1.0,1200.0,"Dartmouth College, College Street, Hanover, Grafton County, New Hampshire, 03755, United States",university,amenity,Dartmouth College,us,1.0
253,25,4.159144140175363,0.0034659534501461,2.8882945417884466e-06,6,13:04:2013 ,5,12,43.7031188,-72.2909122,1365804774,False,0.0,2400.0,"Dartmouth College, College Street, Hanover, Grafton County, New Hampshire, 03755, United States",university,amenity,Dartmouth College,us,20.0
168,25,358.095599380476,0.29841299948373,0.0002486774995697,6,13:04:2013 ,5,32,43.7057276,-72.2911002,1365805974,True,1.0,1200.0,"Dartmouth College, College Street, Hanover, Grafton County, New Hampshire, 03755, United States",university,amenity,Dartmouth College,us,3.0
322,25,3.2956013593453104,0.002746334466121,2.2886120551009098e-06,6,13:04:2013 ,7,52,43.6366678,-72.2893515,1365814374,False,0.0,8400.0,"Miracle Mile, Miracle Mile Plaza, West Lebanon, Lebanon, Grafton County, New Hampshire, 03784, United States",parking,amenity,,us,1.0
48,25,1.2490935137083057,0.0009773814661254,7.647742301450976e-07,0,14:04:2013 ,4,32,43.7063287,-72.2908615,1365888774,False,0.0,74400.0,"Dartmouth College, College Street, Hanover, Grafton County, New Hampshire, 03755, United States",university,amenity,Dartmouth College,us,97.0
145,25,39.02390776819753,0.0325199231401646,2.709993595013717e-05,0,14:04:2013 ,4,52,43.7060444,-72.2911108,1365889974,True,1.0,1200.0,"Dartmouth College, College Street, Hanover, Grafton County, New Hampshire, 03755, United States",university,amenity,Dartmouth College,us,5.0
254,25,396.2547316380112,0.3302122763650092,0.0002751768969708,0,14:04:2013 ,5,12,43.7031576,-72.2908667,1365891174,True,1.0,1200.0,"Dartmouth College, College Street, Hanover, Grafton County, New Hampshire, 03755, United States",university,amenity,Dartmouth College,us,20.0
255,25,1.3863811570149276,0.0011553176308457,9.627646923714777e-07,0,14:04:2013 ,5,32,43.7031677,-72.2907843,1365892374,False,0.0,1200.0,"Dartmouth College, College Street, Hanover, Grafton County, New Hampshire, 03755, United States",university,amenity,Dartmouth College,us,20.0
49,25,430.3508720600826,0.3586257267167355,0.0002988547722639,0,14:04:2013 ,5,52,43.7063029,-72.2908544,1365893574,True,1.0,1200.0,"Dartmouth College, College Street, Hanover, Grafton County, New Hampshire, 03755, United States",university,amenity,Dartmouth College,us,97.0
50,25,0.6039573637509456,0.0005032978031257,4.194148359381567e-07,1,15:04:2013 ,0,12,43.7063043,-72.2908869,1365959574,False,0.0,66000.0,"Dartmouth College, College Street, Hanover, Grafton County, New Hampshire, 03755, United States",university,amenity,Dartmouth College,us,97.0
302,25,438.4358053717173,0.3653631711430977,0.0003044693092859,1,15:04:2013 ,0,32,43.7031102,-72.2910531,1365960774,True,1.0,1200.0,"Dartmouth College, College Street, Hanover, Grafton County, New Hampshire, 03755, United States",university,amenity,Dartmouth College,us,3.0
51,25,424.4349714029724,0.3548787386312478,0.0002967213533706,1,15:04:2013 ,0,52,43.7062023,-72.2909139,1365961970,True,1.0,1196.0,"Dartmouth College, College Street, Hanover, Grafton County, New Hampshire, 03755, United States",university,amenity,Dartmouth College,us,97.0
52,25,3.459027977762573,0.0028825233148021,2.40210276233512e-06,1,15:04:2013 ,4,32,43.7063479,-72.2908826,1365975174,False,0.0,13204.0,"Dartmouth College, College Street, Hanover, Grafton County, New Hampshire, 03755, United States",university,amenity,Dartmouth College,us,97.0
256,25,438.20234670825937,0.3745319202634695,0.0003201127523619,1,15:04:2013 ,4,52,43.7031555,-72.2908367,1365976344,True,1.0,1170.0,"Dartmouth College, College Street, Hanover, Grafton County, New Hampshire, 03755, United States",university,amenity,Dartmouth College,us,20.0
257,25,1.1667564557544978,0.000972297046462,8.102475387184012e-07,1,15:04:2013 ,5,32,43.7031613,-72.2908528,1365978774,False,0.0,2430.0,"Dartmouth College, College Street, Hanover, Grafton County, New Hampshire, 03755, United States",university,amenity,Dartmouth College,us,20.0
53,25,413.5910640059506,0.3446592200049588,0.0002872160166707,1,15:04:2013 ,5,52,43.7061744,-72.2909133,1365979974,True,1.0,1200.0,"Dartmouth College, College Street, Hanover, Grafton County, New Hampshire, 03755, United States",university,amenity,Dartmouth College,us,97.0
105,25,61.01338914261625,0.0508021558223282,4.229987995198024e-05,1,15:04:2013 ,6,12,43.7066189,-72.2870032,1365981175,True,1.0,1201.0,"Dartmouth College, College Street, Hanover, Grafton County, New Hampshire, 03755, United States",university,amenity,Dartmouth College,us,37.0
106,25,1.400080713679393,0.0011667339280661,9.722782733884672e-07,1,15:04:2013 ,13,32,43.7065997,-72.286966,1366007574,False,0.0,26399.0,"Dartmouth College, College Street, Hanover, Grafton County, New Hampshire, 03755, United States",university,amenity,Dartmouth College,us,37.0
54,25,35.345199431604456,0.0294543328596703,2.454527738305865e-05,1,15:04:2013 ,13,52,43.7063422,-72.2908779,1366008774,True,1.0,1200.0,"Dartmouth College, College Street, Hanover, Grafton County, New Hampshire, 03755, United States",university,amenity,Dartmouth College,us,97.0
55,25,0.219620856417652,0.000194182896921,1.7169133237931113e-07,2,16:04:2013 ,0,31,43.7063101,-72.2908883,1366047105,False,0.0,38331.0,"Dartmouth College, College Street, Hanover, Grafton County, New Hampshire, 03755, United States",university,amenity,Dartmouth College,us,97.0
288,25,358.6931290378773,0.2826581001086504,0.0002227408196285,2,16:04:2013 ,0,52,43.7089233,-72.2840516,1366048374,True,1.0,1269.0,"Life Sciences Greenhouse, 78, College Street, Hanover, Grafton County, New Hampshire, 03755, United States",house,place,Life Sciences Greenhouse,us,33.0
289,25,5.449262053381365,0.0045410517111511,3.784209759292615e-06,2,16:04:2013 ,1,32,43.7089572,-72.2840635,1366050774,False,0.0,2400.0,"Life Sciences Greenhouse, 78, College Street, Hanover, Grafton County, New Hampshire, 03755, United States",house,place,Life Sciences Greenhouse,us,33.0
236,25,99.26735213952168,0.0827227934496014,6.893566120800117e-05,2,16:04:2013 ,1,52,43.708234,-72.284227,1366051974,True,1.0,1200.0,"Dana Circle Parking Lot, 64, College Street, Hanover, Grafton County, New Hampshire, 03755, United States",parking,amenity,Dana Circle Parking Lot,us,1.0
189,25,378.1722255677934,0.3151435213064945,0.0002626196010887,2,16:04:2013 ,2,12,43.7054789,-72.2899931,1366053174,True,1.0,1200.0,"Dartmouth College, College Street, Hanover, Grafton County, New Hampshire, 03755, United States",university,amenity,Dartmouth College,us,24.0
190,25,1.2079203024520553,0.0010066002520433,8.388335433694827e-07,2,16:04:2013 ,2,52,43.7054892,-72.2899885,1366055574,False,0.0,2400.0,"Dartmouth College, College Street, Hanover, Grafton County, New Hampshire, 03755, United States",university,amenity,Dartmouth College,us,24.0
56,25,119.25438320210375,0.0993786526684197,8.281554389034983e-05,2,16:04:2013 ,3,12,43.706358,-72.2908882,1366056774,True,1.0,1200.0,"Dartmouth College, College Street, Hanover, Grafton County, New Hampshire, 03755, United States",university,amenity,Dartmouth College,us,97.0
57,25,6.7807945219967305,0.0056506621016639,4.708885084719951e-06,2,16:04:2013 ,5,12,43.7063185,-72.2908681,1366063974,False,0.0,7200.0,"Dartmouth College, College Street, Hanover, Grafton County, New Hampshire, 03755, United States",university,amenity,Dartmouth College,us,97.0
258,25,433.6177521624663,0.3754266252488885,0.0003250446971851,2,16:04:2013 ,5,32,43.7031595,-72.2908493,1366065129,True,1.0,1155.0,"Dartmouth College, College Street, Hanover, Grafton County, New Hampshire, 03755, United States",university,amenity,Dartmouth College,us,20.0
300,25,11.379311290371684,0.0094906682988921,7.915486487816638e-06,2,16:04:2013 ,6,12,43.7030497,-72.2908684,1366067573,False,0.0,2444.0,"Dartmouth College, College Street, Hanover, Grafton County, New Hampshire, 03755, United States",university,amenity,Dartmouth College,us,2.0
58,25,448.9091255362445,0.4114657429296466,0.0003771455022269,2,16:04:2013 ,6,31,43.7063201,-72.2908796,1366068664,True,1.0,1091.0,"Dartmouth College, College Street, Hanover, Grafton County, New Hampshire, 03755, United States",university,amenity,Dartmouth College,us,97.0
59,25,2.388376824166532,0.0019903140201387,1.6585950167823135e-06,2,16:04:2013 ,22,52,43.7062995,-72.2908667,1366127574,False,0.0,58910.0,"Dartmouth College, College Street, Hanover, Grafton County, New Hampshire, 03755, United States",university,amenity,Dartmouth College,us,97.0
227,25,158.60796042711624,0.1321733003559302,0.0001101444169632,2,16:04:2013 ,23,12,43.705144,-72.2886426,1366128774,True,1.0,1200.0,"Baker Memorial Library, 3, Wentworth Street, Hanover, Grafton County, New Hampshire, 03755, United States",library,amenity,Baker Memorial Library,us,5.0
60,25,162.79448286665152,0.1356620690555429,0.0001130517242129,2,16:04:2013 ,23,32,43.70633,-72.2908642,1366129974,True,1.0,1200.0,"Dartmouth College, College Street, Hanover, Grafton County, New Hampshire, 03755, United States",university,amenity,Dartmouth College,us,97.0
61,25,0.9471148820396,0.0007979063875649,6.722042018238867e-07,3,17:04:2013 ,2,52,43.706324,-72.2908681,1366141961,False,0.0,11987.0,"Dartmouth College, College Street, Hanover, Grafton County, New Hampshire, 03755, United States",university,amenity,Dartmouth College,us,97.0
191,25,112.58339138069287,0.0928140077334648,7.651608222049866e-05,3,17:04:2013 ,3,12,43.7055038,-72.2899946,1366143174,True,1.0,1213.0,"Dartmouth College, College Street, Hanover, Grafton County, New Hampshire, 03755, United States",university,amenity,Dartmouth College,us,24.0
192,25,3.0198003752172413,0.002516500312681,2.0970835939008618e-06,3,17:04:2013 ,4,32,43.7055183,-72.29002,1366147974,False,0.0,4800.0,"Dartmouth College, College Street, Hanover, Grafton County, New Hampshire, 03755, United States",university,amenity,Dartmouth College,us,24.0
62,25,107.90271303478316,0.0899189275289859,7.49324396074883e-05,3,17:04:2013 ,4,52,43.7063044,-72.2908302,1366149174,True,1.0,1200.0,"Dartmouth College, College Street, Hanover, Grafton County, New Hampshire, 03755, United States",university,amenity,Dartmouth College,us,97.0
63,25,3.7747330646078376,0.0031377664709957,2.6082846807944377e-06,3,17:04:2013 ,8,52,43.7063419,-72.2909093,1366163574,False,0.0,14400.0,"Dartmouth College, College Street, Hanover, Grafton County, New Hampshire, 03755, United States",university,amenity,Dartmouth College,us,97.0
149,25,76.48282943757792,0.0637356911979816,5.3113075998318e-05,3,17:04:2013 ,9,12,43.7068991,-72.286925,1366164774,True,1.0,1200.0,"Dartmouth College, College Street, Hanover, Grafton County, New Hampshire, 03755, United States",university,amenity,Dartmouth College,us,18.0
200,25,11.118269781448154,0.0092652248178734,7.721020681561218e-06,3,17:04:2013 ,15,12,43.7069272,-72.2869336,1366186374,False,0.0,21600.0,"Dartmouth College, College Street, Hanover, Grafton County, New Hampshire, 03755, United States",university,amenity,Dartmouth College,us,22.0
64,25,79.9830238175184,0.066652519847932,5.554376653994333e-05,3,17:04:2013 ,15,32,43.7063445,-72.2908156,1366187574,True,1.0,1200.0,"Dartmouth College, College Street, Hanover, Grafton County, New Hampshire, 03755, United States",university,amenity,Dartmouth College,us,97.0
65,25,0.727493955707323,0.0006062449630894,5.052041359078632e-07,3,17:04:2013 ,23,52,43.7063383,-72.2909072,1366217574,False,0.0,30000.0,"Dartmouth College, College Street, Hanover, Grafton County, New Hampshire, 03755, United States",university,amenity,Dartmouth College,us,97.0
228,25,155.17632851288087,0.1293136070940674,0.000107761339245,4,18:04:2013 ,0,12,43.7052078,-72.288563,1366218774,True,1.0,1200.0,"Baker Memorial Library, 3, Wentworth Street, Hanover, Grafton County, New Hampshire, 03755, United States",library,amenity,Baker Memorial Library,us,5.0
107,25,195.2433690672743,0.1627028075560619,0.0001355856729633,4,18:04:2013 ,0,32,43.7066302,-72.2870581,1366219974,True,1.0,1200.0,"Dartmouth College, College Street, Hanover, Grafton County, New Hampshire, 03755, United States",university,amenity,Dartmouth College,us,37.0
290,25,320.5339594723736,0.2671116328936447,0.0002225930274113,4,18:04:2013 ,0,52,43.7089654,-72.2840935,1366221174,True,1.0,1200.0,"Life Sciences Greenhouse, 78, College Street, Hanover, Grafton County, New Hampshire, 03755, United States",house,place,Life Sciences Greenhouse,us,33.0
291,25,7.206202183130227,0.0060051684859418,5.0043070716182125e-06,4,18:04:2013 ,1,52,43.7089304,-72.284101,1366224774,False,0.0,3600.0,"Life Sciences Greenhouse, 78, College Street, Hanover, Grafton County, New Hampshire, 03755, United States",house,place,Life Sciences Greenhouse,us,33.0
193,25,469.8901474241004,0.4275615536161058,0.0003890459996506,4,18:04:2013 ,2,11,43.7055071,-72.2900147,1366225873,True,1.0,1099.0,"Dartmouth College, College Street, Hanover, Grafton County, New Hampshire, 03755, United States",university,amenity,Dartmouth College,us,24.0
194,25,1.400089162508224,0.0011245696084403,9.032687617994702e-07,4,18:04:2013 ,2,52,43.7055152,-72.2899771,1366228374,False,0.0,2501.0,"Dartmouth College, College Street, Hanover, Grafton County, New Hampshire, 03755, United States",university,amenity,Dartmouth College,us,24.0
150,25,188.270093387585,0.1568917444896541,0.000130743120408,4,18:04:2013 ,3,12,43.7068868,-72.2869821,1366229574,True,1.0,1200.0,"Dartmouth College, College Street, Hanover, Grafton County, New Hampshire, 03755, United States",university,amenity,Dartmouth College,us,18.0
151,25,1.6196983037136932,0.001349748586428,1.1247904886900646e-06,4,18:04:2013 ,5,32,43.7069091,-72.2869138,1366237974,False,0.0,8400.0,"Dartmouth College, College Street, Hanover, Grafton County, New Hampshire, 03755, United States",university,amenity,Dartmouth College,us,18.0
108,25,41.59059489006283,0.0346588290750523,2.888235756254364e-05,4,18:04:2013 ,5,52,43.7066061,-72.286944,1366239174,True,1.0,1200.0,"Dartmouth College, College Street, Hanover, Grafton County, New Hampshire, 03755, United States",university,amenity,Dartmouth College,us,37.0
109,25,10.994748303883002,0.0091622902532358,7.635241877696529e-06,4,18:04:2013 ,6,12,43.7066862,-72.2869904,1366240374,False,0.0,1200.0,"Dartmouth College, College Street, Hanover, Grafton County, New Hampshire, 03755, United States",university,amenity,Dartmouth College,us,37.0
152,25,29.950712487208698,0.0249589270726739,2.079910589389493e-05,4,18:04:2013 ,6,32,43.7069044,-72.2869204,1366241574,True,1.0,1200.0,"Dartmouth College, College Street, Hanover, Grafton County, New Hampshire, 03755, United States",university,amenity,Dartmouth College,us,18.0
110,25,12.65561811468335,0.0105463484289027,8.788623690752325e-06,4,18:04:2013 ,7,32,43.7067375,-72.2870387,1366245174,False,0.0,3600.0,"Dartmouth College, College Street, Hanover, Grafton County, New Hampshire, 03755, United States",university,amenity,Dartmouth College,us,37.0
201,25,27.768229425146075,0.0231401911876217,1.928349265635144e-05,4,18:04:2013 ,7,52,43.7069398,-72.2869086,1366246374,True,1.0,1200.0,"Dartmouth College, College Street, Hanover, Grafton County, New Hampshire, 03755, United States",university,amenity,Dartmouth College,us,22.0
153,25,2.5530840620355857,0.0021275700516963,1.7729750430802678e-06,4,18:04:2013 ,10,52,43.7069036,-72.2869728,1366257174,False,0.0,10800.0,"Dartmouth College, College Street, Hanover, Grafton County, New Hampshire, 03755, United States",university,amenity,Dartmouth College,us,18.0
66,25,82.45376901231333,0.0687114741769277,5.725956181410648e-05,4,18:04:2013 ,11,12,43.7063029,-72.2908683,1366258374,True,1.0,1200.0,"Dartmouth College, College Street, Hanover, Grafton County, New Hampshire, 03755, United States",university,amenity,Dartmouth College,us,97.0
67,25,1.907957020958976,0.0015263656167671,1.2210924934137447e-06,4,18:04:2013 ,11,52,43.7062246,-72.2908524,1366260759,False,0.0,2385.0,"Dartmouth College, College Street, Hanover, Grafton County, New Hampshire, 03755, United States",university,amenity,Dartmouth College,us,97.0
169,25,37.17087584372239,0.0305681544767453,2.513828493153403e-05,4,18:04:2013 ,12,12,43.7059538,-72.2911802,1366261975,True,1.0,1216.0,"Dartmouth College, College Street, Hanover, Grafton County, New Hampshire, 03755, United States",university,amenity,Dartmouth College,us,3.0
68,25,40.25929540562495,0.0335773939996872,2.800449874869658e-05,4,18:04:2013 ,12,32,43.7062471,-72.2909196,1366263174,True,1.0,1199.0,"Dartmouth College, College Street, Hanover, Grafton County, New Hampshire, 03755, United States",university,amenity,Dartmouth College,us,97.0
69,25,5.627787946475653,0.004830719267361,4.146540143657576e-06,5,19:04:2013 ,2,52,43.7061778,-72.2908064,1366314739,False,0.0,51565.0,"Dartmouth College, College Street, Hanover, Grafton County, New Hampshire, 03755, United States",university,amenity,Dartmouth College,us,97.0
314,25,469.3758024760654,0.3859998375625538,0.0003174340769428,5,19:04:2013 ,3,12,43.7027583,-72.2843439,1366315955,True,1.0,1216.0,"Alumni Gymnasium, 16, East Wheelock Street, Hanover, Grafton County, New Hampshire, 03755, United States",sports_centre,leisure,Alumni Gymnasium,us,1.0
307,25,4.1728784872868525,0.0034773987394057,2.897832282838092e-06,5,19:04:2013 ,4,32,43.7028164,-72.2845209,1366320774,False,0.0,4819.0,"Alumni Gymnasium, 16, East Wheelock Street, Hanover, Grafton County, New Hampshire, 03755, United States",sports_centre,leisure,Alumni Gymnasium,us,2.0
259,25,45.00939076400958,0.0475283957381304,5.018837987130992e-05,5,19:04:2013 ,4,48,43.7031443,-72.2908383,1366321721,True,1.0,947.0,"Dartmouth College, College Street, Hanover, Grafton County, New Hampshire, 03755, United States",university,amenity,Dartmouth College,us,20.0
260,25,6.163218733558952,0.004788825744801,3.720921324631741e-06,5,19:04:2013 ,5,52,43.7031986,-72.2908542,1366325574,False,0.0,3853.0,"Dartmouth College, College Street, Hanover, Grafton County, New Hampshire, 03755, United States",university,amenity,Dartmouth College,us,20.0
70,25,424.5171184881492,0.353764265406791,0.0002948035545056,5,19:04:2013 ,6,12,43.7062913,-72.2908631,1366326774,True,1.0,1200.0,"Dartmouth College, College Street, Hanover, Grafton County, New Hampshire, 03755, United States",university,amenity,Dartmouth College,us,97.0
71,25,1.5510724686008162,0.0012925603905006,1.0771336587505666e-06,6,20:04:2013 ,0,12,43.7062838,-72.2909091,1366391574,False,0.0,64800.0,"Dartmouth College, College Street, Hanover, Grafton County, New Hampshire, 03755, United States",university,amenity,Dartmouth College,us,97.0
292,25,369.3034581076601,0.1538764408781917,6.411518369924653e-05,6,20:04:2013 ,0,52,43.7089743,-72.2840142,1366393974,True,1.0,2400.0,"Life Sciences Greenhouse, 78, College Street, Hanover, Grafton County, New Hampshire, 03755, United States",house,place,Life Sciences Greenhouse,us,33.0
317,25,10.665179655774038,0.008887649713145,7.4063747609541935e-06,6,20:04:2013 ,1,52,43.7089107,-72.2842384,1366397574,False,0.0,3600.0,"Life Sciences Greenhouse, 78, College Street, Hanover, Grafton County, New Hampshire, 03755, United States",house,place,Life Sciences Greenhouse,us,2.0
195,25,463.5211660228437,0.3862676383523697,0.0003218896986269,6,20:04:2013 ,2,12,43.7055338,-72.289964,1366398774,True,1.0,1200.0,"Dartmouth College, College Street, Hanover, Grafton County, New Hampshire, 03755, United States",university,amenity,Dartmouth College,us,24.0
196,25,3.1021582082284933,0.0028201438256622,2.5637671142384244e-06,6,20:04:2013 ,2,51,43.7055165,-72.2899432,1366401074,False,0.0,2300.0,"Dartmouth College, College Street, Hanover, Grafton County, New Hampshire, 03755, United States",university,amenity,Dartmouth College,us,24.0
165,25,32.545188862631846,0.0275340007298069,2.329441686108881e-05,6,20:04:2013 ,3,10,43.7057536,-72.2902564,1366402256,True,1.0,1182.0,"Rockefeller Center, 2, Webster Avenue, Hanover, Grafton County, New Hampshire, 03755, United States",university,building,Rockefeller Center,us,1.0
111,25,131.81374848648878,0.1000104313251052,7.588044865334241e-05,6,20:04:2013 ,3,32,43.7067139,-72.2870317,1366403574,True,1.0,1318.0,"Dartmouth College, College Street, Hanover, Grafton County, New Hampshire, 03755, United States",university,amenity,Dartmouth College,us,37.0
112,25,15.74403940206057,0.0131200328350504,1.0933360695875396e-05,6,20:04:2013 ,4,32,43.706714,-72.2869833,1366407174,False,0.0,3600.0,"Dartmouth College, College Street, Hanover, Grafton County, New Hampshire, 03755, United States",university,amenity,Dartmouth College,us,37.0
261,25,486.84827534226366,0.2028534480592765,8.452227002469855e-05,6,20:04:2013 ,5,12,43.7031672,-72.2908612,1366409574,True,1.0,2400.0,"Dartmouth College, College Street, Hanover, Grafton County, New Hampshire, 03755, United States",university,amenity,Dartmouth College,us,20.0
262,25,1.5099200799776482,0.0012582667333147,1.048555611095589e-06,6,20:04:2013 ,5,32,43.7031562,-72.2907116,1366410774,False,0.0,1200.0,"Dartmouth College, College Street, Hanover, Grafton County, New Hampshire, 03755, United States",university,amenity,Dartmouth College,us,20.0
154,25,502.9492185135739,0.4191243487613116,0.0003492702906344,6,20:04:2013 ,5,52,43.7068203,-72.2869446,1366411974,True,1.0,1200.0,"Dartmouth College, College Street, Hanover, Grafton County, New Hampshire, 03755, United States",university,amenity,Dartmouth College,us,18.0
113,25,29.744832421781485,0.0247873603514845,2.0656133626237144e-05,6,20:04:2013 ,6,12,43.7066036,-72.2870438,1366413174,True,1.0,1200.0,"Dartmouth College, College Street, Hanover, Grafton County, New Hampshire, 03755, United States",university,amenity,Dartmouth College,us,37.0
155,25,28.35847970791985,0.0236320664232665,1.969338868605545e-05,6,20:04:2013 ,6,32,43.7068102,-72.2869679,1366414374,True,1.0,1200.0,"Dartmouth College, College Street, Hanover, Grafton County, New Hampshire, 03755, United States",university,amenity,Dartmouth College,us,18.0
156,25,19.95798478342813,0.0166316539861901,1.3859711655158428e-05,6,20:04:2013 ,7,12,43.7067764,-72.2869763,1366416774,False,0.0,2400.0,"Dartmouth College, College Street, Hanover, Grafton County, New Hampshire, 03755, United States",university,amenity,Dartmouth College,us,18.0
114,25,20.081537592359048,0.0167346146602992,1.3945512216916003e-05,6,20:04:2013 ,7,32,43.7066301,-72.2869816,1366417974,True,1.0,1200.0,"Dartmouth College, College Street, Hanover, Grafton County, New Hampshire, 03755, United States",university,amenity,Dartmouth College,us,37.0
115,25,7.467095399771677,0.0062225794998097,5.185482916508109e-06,6,20:04:2013 ,8,52,43.7066633,-72.2870107,1366422774,False,0.0,4800.0,"Dartmouth College, College Street, Hanover, Grafton County, New Hampshire, 03755, United States",university,amenity,Dartmouth College,us,37.0
172,25,131.73142785082257,0.1097761898756854,9.14801582297379e-05,6,20:04:2013 ,9,12,43.7057036,-72.2900017,1366423974,True,1.0,1200.0,"Rockefeller Center, 2, Webster Avenue, Hanover, Grafton County, New Hampshire, 03755, United States",university,building,Rockefeller Center,us,1.0
308,25,371.9731949865048,0.4074186144430501,0.0004462416368489,6,20:04:2013 ,9,28,43.7029937,-72.290111,1366424887,True,1.0,913.0,"Dartmouth College, College Street, Hanover, Grafton County, New Hampshire, 03755, United States",university,amenity,Dartmouth College,us,1.0
72,25,434.85352434518006,0.2924368018461197,0.0001966622742744,6,20:04:2013 ,9,52,43.7061617,-72.2909857,1366426374,True,1.0,1487.0,"Dartmouth College, College Street, Hanover, Grafton County, New Hampshire, 03755, United States",university,amenity,Dartmouth College,us,97.0
73,25,0.3157052351487033,0.0002630876959572,2.1923974663104402e-07,6,20:04:2013 ,13,52,43.7061647,-72.2909423,1366440774,False,0.0,14400.0,"Dartmouth College, College Street, Hanover, Grafton County, New Hampshire, 03755, United States",university,amenity,Dartmouth College,us,97.0
325,25,6.522833897180625,0.0054356949143171,4.5297457619309895e-06,6,20:04:2013 ,14,32,43.6287689,-72.3223301,1366443174,False,0.0,2400.0,"Citizens Bank, 1, Interchange Drive, Valley Square Shopping Center, Lebanon, Grafton County, New Hampshire, 03784, United States",bank,amenity,Citizens Bank,us,1.0
74,25,6.094479365791295,0.005078732804826,4.232277337355066e-06,0,21:04:2013 ,1,18,43.7063137,-72.290856,1366481893,False,0.0,38719.0,"Dartmouth College, College Street, Hanover, Grafton County, New Hampshire, 03755, United States",university,amenity,Dartmouth College,us,97.0
263,25,434.56489559442434,0.3621374129953536,0.0003017811774961,0,21:04:2013 ,1,38,43.7031478,-72.2909042,1366483093,True,1.0,1200.0,"Dartmouth College, College Street, Hanover, Grafton County, New Hampshire, 03755, United States",university,amenity,Dartmouth College,us,20.0
264,25,7.261342414715763,0.0060511186789298,5.042598899108169e-06,0,21:04:2013 ,1,58,43.7032007,-72.2908824,1366484293,False,0.0,1200.0,"Dartmouth College, College Street, Hanover, Grafton County, New Hampshire, 03755, United States",university,amenity,Dartmouth College,us,20.0
75,25,414.0851196659707,0.3450709330549756,0.0002875591108791,0,21:04:2013 ,2,18,43.7062174,-72.2908551,1366485493,True,1.0,1200.0,"Dartmouth College, College Street, Hanover, Grafton County, New Hampshire, 03755, United States",university,amenity,Dartmouth College,us,97.0
76,25,3.4727556848184693,0.002893963070682,2.411635892235048e-06,0,21:04:2013 ,3,38,43.7062506,-72.2909217,1366490293,False,0.0,4800.0,"Dartmouth College, College Street, Hanover, Grafton County, New Hampshire, 03755, United States",university,amenity,Dartmouth College,us,97.0
202,25,102.1646971116892,0.0851372475930743,7.094770632756195e-05,0,21:04:2013 ,3,58,43.7069949,-72.2869165,1366491493,True,1.0,1200.0,"Dartmouth College, College Street, Hanover, Grafton County, New Hampshire, 03755, United States",university,amenity,Dartmouth College,us,22.0
203,25,3.500194592328988,0.0014584144134704,6.076726722793382e-07,0,21:04:2013 ,6,18,43.7069476,-72.2869814,1366499893,False,0.0,8400.0,"Dartmouth College, College Street, Hanover, Grafton County, New Hampshire, 03755, United States",university,amenity,Dartmouth College,us,22.0
229,25,249.07787972095537,0.2073920730399295,0.0001726828251789,0,21:04:2013 ,6,38,43.705133,-72.2886785,1366501094,True,1.0,1201.0,"Baker Memorial Library, 3, Wentworth Street, Hanover, Grafton County, New Hampshire, 03755, United States",library,amenity,Baker Memorial Library,us,5.0
204,25,253.45655444711144,0.2113899536673156,0.0001763052157358,0,21:04:2013 ,6,58,43.7069795,-72.286927,1366502293,True,1.0,1199.0,"Dartmouth College, College Street, Hanover, Grafton County, New Hampshire, 03755, United States",university,amenity,Dartmouth College,us,22.0
157,25,12.2438269081529,0.0102031890901274,8.50265757510618e-06,0,21:04:2013 ,7,38,43.7067855,-72.2869613,1366504693,False,0.0,2400.0,"Dartmouth College, College Street, Hanover, Grafton County, New Hampshire, 03755, United States",university,amenity,Dartmouth College,us,18.0
205,25,26.98582560908427,0.0224881880075702,1.8740156672975188e-05,0,21:04:2013 ,7,58,43.7069821,-72.2868942,1366505893,True,1.0,1200.0,"Dartmouth College, College Street, Hanover, Grafton County, New Hampshire, 03755, United States",university,amenity,Dartmouth College,us,22.0
206,25,4.886546085775392,0.0040721217381461,3.393434781788467e-06,0,21:04:2013 ,8,58,43.7069815,-72.2869378,1366509493,False,0.0,3600.0,"Dartmouth College, College Street, Hanover, Grafton County, New Hampshire, 03755, United States",university,amenity,Dartmouth College,us,22.0
304,25,527.9722477238411,0.009486008259798,1.7043386862262517e-07,1,22:04:2013 ,0,25,43.7031351,-72.2904033,1366565151,True,1.0,55658.0,"Dartmouth College, College Street, Hanover, Grafton County, New Hampshire, 03755, United States",university,amenity,Dartmouth College,us,2.0
77,25,422.1563445023394,0.3355773803675194,0.0002667546743779,1,22:04:2013 ,0,46,43.7062106,-72.2909059,1366566409,True,1.0,1258.0,"Dartmouth College, College Street, Hanover, Grafton County, New Hampshire, 03755, United States",university,amenity,Dartmouth College,us,97.0
78,25,1.0569259094064158,0.000880771591172,7.339763259766777e-07,1,22:04:2013 ,2,46,43.7062222,-72.2908428,1366573609,False,0.0,7200.0,"Dartmouth College, College Street, Hanover, Grafton County, New Hampshire, 03755, United States",university,amenity,Dartmouth College,us,97.0
116,25,66.49015625150011,0.0553162697599834,4.602019114807276e-05,1,22:04:2013 ,3,6,43.7067066,-72.2871076,1366574811,True,1.0,1202.0,"Dartmouth College, College Street, Hanover, Grafton County, New Hampshire, 03755, United States",university,amenity,Dartmouth College,us,37.0
158,25,15.675403637466026,0.013062836364555,1.0885696970462518e-05,1,22:04:2013 ,3,46,43.7067635,-72.2869927,1366577209,False,0.0,2398.0,"Dartmouth College, College Street, Hanover, Grafton County, New Hampshire, 03755, United States",university,amenity,Dartmouth College,us,18.0
207,25,32.05081589774087,0.0267090132481173,2.2257511040097827e-05,1,22:04:2013 ,4,6,43.706997,-72.2869554,1366578409,True,1.0,1200.0,"Dartmouth College, College Street, Hanover, Grafton County, New Hampshire, 03755, United States",university,amenity,Dartmouth College,us,22.0
117,25,34.425460460262784,0.0286878837168856,2.3906569764071377e-05,1,22:04:2013 ,4,26,43.7067462,-72.2869723,1366579609,True,1.0,1200.0,"Dartmouth College, College Street, Hanover, Grafton County, New Hampshire, 03755, United States",university,amenity,Dartmouth College,us,37.0
118,25,4.502216915938523,0.0037518474299487,3.126539524957308e-06,1,22:04:2013 ,4,46,43.7067134,-72.2869828,1366580809,False,0.0,1200.0,"Dartmouth College, College Street, Hanover, Grafton County, New Hampshire, 03755, United States",university,amenity,Dartmouth College,us,37.0
208,25,36.978549730022806,0.0308154581083523,2.567954842362695e-05,1,22:04:2013 ,5,6,43.7069828,-72.286942,1366582009,True,1.0,1200.0,"Dartmouth College, College Street, Hanover, Grafton County, New Hampshire, 03755, United States",university,amenity,Dartmouth College,us,22.0
159,25,28.042748065034868,0.0233689567208623,1.947413060071866e-05,1,22:04:2013 ,5,26,43.7067785,-72.2870265,1366583209,True,1.0,1200.0,"Dartmouth College, College Street, Hanover, Grafton County, New Hampshire, 03755, United States",university,amenity,Dartmouth College,us,18.0
119,25,23.924895667271304,0.0199374130560594,1.6614510880049515e-05,1,22:04:2013 ,5,46,43.7066042,-72.2870288,1366584409,True,1.0,1200.0,"Dartmouth College, College Street, Hanover, Grafton County, New Hampshire, 03755, United States",university,amenity,Dartmouth College,us,37.0
120,25,3.0060553035368835,0.0025050460862807,2.087538405233947e-06,1,22:04:2013 ,6,6,43.7066261,-72.2870166,1366585609,False,0.0,1200.0,"Dartmouth College, College Street, Hanover, Grafton County, New Hampshire, 03755, United States",university,amenity,Dartmouth College,us,37.0
160,25,30.62330943875488,0.0255194245322957,2.126618711024644e-05,1,22:04:2013 ,6,26,43.7068492,-72.2870302,1366586809,True,1.0,1200.0,"Dartmouth College, College Street, Hanover, Grafton County, New Hampshire, 03755, United States",university,amenity,Dartmouth College,us,18.0
209,25,21.20706540109593,0.0176725545009132,1.4727128750761064e-05,1,22:04:2013 ,6,46,43.7070037,-72.2869395,1366588009,True,1.0,1200.0,"Dartmouth College, College Street, Hanover, Grafton County, New Hampshire, 03755, United States",university,amenity,Dartmouth College,us,22.0
121,25,35.99025391472659,0.0299918782622721,2.49932318852268e-05,1,22:04:2013 ,7,6,43.7067415,-72.2869815,1366589209,True,1.0,1200.0,"Dartmouth College, College Street, Hanover, Grafton County, New Hampshire, 03755, United States",university,amenity,Dartmouth College,us,37.0
161,25,7.782792076282367,0.0064856600635686,5.4047167196405325e-06,1,22:04:2013 ,7,46,43.7067845,-72.287001,1366591609,False,0.0,2400.0,"Dartmouth College, College Street, Hanover, Grafton County, New Hampshire, 03755, United States",university,amenity,Dartmouth College,us,18.0
210,25,23.252285011314825,0.0193769041760956,1.6147420146746407e-05,1,22:04:2013 ,8,6,43.7069539,-72.2869525,1366592809,True,1.0,1200.0,"Dartmouth College, College Street, Hanover, Grafton County, New Hampshire, 03755, United States",university,amenity,Dartmouth College,us,22.0
211,25,4.186507771203506,0.0034887564760029,2.907297063335768e-06,1,22:04:2013 ,8,26,43.7069234,-72.2869735,1366594009,False,0.0,1200.0,"Dartmouth College, College Street, Hanover, Grafton County, New Hampshire, 03755, United States",university,amenity,Dartmouth College,us,22.0
122,25,26.9858345077527,0.0224881954231272,1.874016285260604e-05,1,22:04:2013 ,8,46,43.7067268,-72.2869852,1366595209,True,1.0,1200.0,"Dartmouth College, College Street, Hanover, Grafton County, New Hampshire, 03755, United States",university,amenity,Dartmouth College,us,37.0
162,25,5.737580628071891,0.0047813171900599,3.984430991716591e-06,1,22:04:2013 ,9,46,43.706772,-72.2869976,1366598809,False,0.0,3600.0,"Dartmouth College, College Street, Hanover, Grafton County, New Hampshire, 03755, United States",university,amenity,Dartmouth College,us,18.0
212,25,24.075861914811817,0.0200632182623431,1.671934855195265e-05,1,22:04:2013 ,10,6,43.7069474,-72.2869028,1366600009,True,1.0,1200.0,"Dartmouth College, College Street, Hanover, Grafton County, New Hampshire, 03755, United States",university,amenity,Dartmouth College,us,22.0
213,25,19.079499282978496,0.0158995827358154,1.324965227984618e-05,1,22:04:2013 ,12,6,43.7069628,-72.2869361,1366607209,False,0.0,7200.0,"Dartmouth College, College Street, Hanover, Grafton County, New Hampshire, 03755, United States",university,amenity,Dartmouth College,us,22.0
79,25,101.97254718326364,0.0849771226527196,7.08142688772664e-05,1,22:04:2013 ,12,26,43.7062199,-72.2909217,1366608409,True,1.0,1200.0,"Dartmouth College, College Street, Hanover, Grafton County, New Hampshire, 03755, United States",university,amenity,Dartmouth College,us,97.0
80,25,0.3157050403187255,0.0002630875335989,2.192396113324483e-07,1,22:04:2013 ,23,26,43.706277,-72.2908795,1366648009,False,0.0,39600.0,"Dartmouth College, College Street, Hanover, Grafton County, New Hampshire, 03755, United States",university,amenity,Dartmouth College,us,97.0
223,25,90.00355414814295,0.0750029617901191,6.250246815843261e-05,1,22:04:2013 ,23,46,43.7056213,-72.2906482,1366649209,True,1.0,1200.0,"Dartmouth College, College Street, Hanover, Grafton County, New Hampshire, 03755, United States",university,amenity,Dartmouth College,us,1.0
244,25,447.84573134245056,0.3725838031135196,0.0003099698861177,2,23:04:2013 ,0,6,43.708884,-72.2841794,1366650411,True,1.0,1202.0,"Class of 1978 Life Sciences Center, 78, College Street, Hanover, Grafton County, New Hampshire, 03755, United States",university,building,Class of 1978 Life Sciences Center,us,6.0
324,25,31.39158196289303,0.0262033238421477,2.18725574642302e-05,2,23:04:2013 ,0,26,43.7091127,-72.2839031,1366651609,True,1.0,1198.0,"Life Sciences Greenhouse, 78, College Street, Hanover, Grafton County, New Hampshire, 03755, United States",house,place,Life Sciences Greenhouse,us,2.0
293,25,20.10872626010624,0.0167572718834218,1.3964393236184889e-05,2,23:04:2013 ,0,46,43.7089662,-72.2841432,1366652809,True,1.0,1200.0,"Life Sciences Greenhouse, 78, College Street, Hanover, Grafton County, New Hampshire, 03755, United States",house,place,Life Sciences Greenhouse,us,33.0
294,25,2.017736701534995,0.0016814472512791,1.4012060427326356e-06,2,23:04:2013 ,1,46,43.7089559,-72.283989,1366656409,False,0.0,3600.0,"Life Sciences Greenhouse, 78, College Street, Hanover, Grafton County, New Hampshire, 03755, United States",house,place,Life Sciences Greenhouse,us,33.0
197,25,473.84327309212216,0.3945406104014339,0.0003285100835981,2,23:04:2013 ,2,6,43.7055038,-72.2900389,1366657610,True,1.0,1201.0,"Dartmouth College, College Street, Hanover, Grafton County, New Hampshire, 03755, United States",university,amenity,Dartmouth College,us,24.0
198,25,1.5785320007891064,0.0013154433339909,1.0962027783257683e-06,2,23:04:2013 ,3,6,43.7055145,-72.2900584,1366661209,False,0.0,3599.0,"Dartmouth College, College Street, Hanover, Grafton County, New Hampshire, 03755, United States",university,amenity,Dartmouth College,us,24.0
123,25,149.83653861488835,0.1248637821790736,0.0001040531518158,2,23:04:2013 ,3,26,43.7066061,-72.287,1366662409,True,1.0,1200.0,"Dartmouth College, College Street, Hanover, Grafton County, New Hampshire, 03755, United States",university,amenity,Dartmouth College,us,37.0
124,25,0.796124294013571,0.0006634369116779,5.528640930649798e-07,2,23:04:2013 ,7,6,43.706605,-72.2869939,1366675609,False,0.0,13200.0,"Dartmouth College, College Street, Hanover, Grafton County, New Hampshire, 03755, United States",university,amenity,Dartmouth College,us,37.0
163,25,32.31164342067009,0.026926369517225,2.2438641264354227e-05,2,23:04:2013 ,7,26,43.7068404,-72.2870589,1366676809,True,1.0,1200.0,"Dartmouth College, College Street, Hanover, Grafton County, New Hampshire, 03755, United States",university,amenity,Dartmouth College,us,18.0
125,25,31.57042427393113,0.0263086868949426,2.192390574578551e-05,2,23:04:2013 ,7,46,43.7066104,-72.2870186,1366678009,True,1.0,1200.0,"Dartmouth College, College Street, Hanover, Grafton County, New Hampshire, 03755, United States",university,amenity,Dartmouth College,us,37.0
126,25,8.386756565920601,0.0069889638049338,5.824136504111528e-06,2,23:04:2013 ,18,46,43.7065945,-72.2870101,1366717609,False,0.0,39600.0,"Dartmouth College, College Street, Hanover, Grafton County, New Hampshire, 03755, United States",university,amenity,Dartmouth College,us,37.0
81,25,45.87327588259115,0.0382277299021592,3.1856441585132746e-05,2,23:04:2013 ,19,6,43.7062603,-72.2908869,1366718809,True,1.0,1200.0,"Dartmouth College, College Street, Hanover, Grafton County, New Hampshire, 03755, United States",university,amenity,Dartmouth College,us,97.0
82,25,10.939867446707003,0.0091165562055891,7.597130171324307e-06,3,24:04:2013 ,4,26,43.7062913,-72.290844,1366752409,False,0.0,33600.0,"Dartmouth College, College Street, Hanover, Grafton County, New Hampshire, 03755, United States",university,amenity,Dartmouth College,us,97.0
83,25,21.248329211094067,0.017706941009245,1.475578417437088e-05,3,24:04:2013 ,4,46,43.7061365,-72.2907956,1366753609,True,1.0,1200.0,"Dartmouth College, College Street, Hanover, Grafton County, New Hampshire, 03755, United States",university,amenity,Dartmouth College,us,97.0
265,25,403.3648750909516,0.3361373959091263,0.0002801144965909,3,24:04:2013 ,5,6,43.7031979,-72.2908099,1366754809,True,1.0,1200.0,"Dartmouth College, College Street, Hanover, Grafton County, New Hampshire, 03755, United States",university,amenity,Dartmouth College,us,20.0
214,25,510.4436380048253,0.2126848491686772,8.86186871536155e-05,3,24:04:2013 ,5,46,43.7069166,-72.2869128,1366757209,True,1.0,2400.0,"Dartmouth College, College Street, Hanover, Grafton County, New Hampshire, 03755, United States",university,amenity,Dartmouth College,us,22.0
215,25,0.5627762990039006,0.0004689802491699,3.908168743082643e-07,3,24:04:2013 ,8,26,43.7069858,-72.2868954,1366766809,False,0.0,9600.0,"Dartmouth College, College Street, Hanover, Grafton County, New Hampshire, 03755, United States",university,amenity,Dartmouth College,us,22.0
127,25,31.17233669037191,0.0259769472419765,2.164745603498049e-05,3,24:04:2013 ,8,46,43.7067587,-72.2869695,1366768009,True,1.0,1200.0,"Dartmouth College, College Street, Hanover, Grafton County, New Hampshire, 03755, United States",university,amenity,Dartmouth College,us,37.0
216,25,36.84127783880014,0.0307010648656667,2.5584220721388985e-05,3,24:04:2013 ,9,6,43.7070271,-72.2869147,1366769209,True,1.0,1200.0,"Dartmouth College, College Street, Hanover, Grafton County, New Hampshire, 03755, United States",university,amenity,Dartmouth College,us,22.0
164,25,27.32897537464408,0.0227741461455367,1.8978455121280608e-05,3,24:04:2013 ,9,26,43.706828,-72.2869403,1366770409,True,1.0,1200.0,"Dartmouth College, College Street, Hanover, Grafton County, New Hampshire, 03755, United States",university,amenity,Dartmouth College,us,18.0
128,25,14.385128395451364,0.0119876069962094,9.989672496841226e-06,3,24:04:2013 ,9,46,43.7067232,-72.2869571,1366771609,False,0.0,1200.0,"Dartmouth College, College Street, Hanover, Grafton County, New Hampshire, 03755, United States",university,amenity,Dartmouth College,us,37.0
217,25,35.30394503584189,0.0294199541965349,2.4516628497112427e-05,3,24:04:2013 ,10,6,43.7069804,-72.286919,1366772809,True,1.0,1200.0,"Dartmouth College, College Street, Hanover, Grafton County, New Hampshire, 03755, United States",university,amenity,Dartmouth College,us,22.0
218,25,4.1316020596865695,0.0034430017164054,2.8691680970045623e-06,3,24:04:2013 ,11,46,43.7069834,-72.28689,1366778809,False,0.0,6000.0,"Dartmouth College, College Street, Hanover, Grafton County, New Hampshire, 03755, United States",university,amenity,Dartmouth College,us,22.0
129,25,42.09844971117138,0.0350820414259761,2.9235034521646786e-05,3,24:04:2013 ,12,6,43.7066767,-72.2869495,1366780009,True,1.0,1200.0,"Dartmouth College, College Street, Hanover, Grafton County, New Hampshire, 03755, United States",university,amenity,Dartmouth College,us,37.0
219,25,34.89216659350374,0.0290768054945864,2.4230671245488707e-05,3,24:04:2013 ,12,26,43.7069309,-72.2868995,1366781209,True,1.0,1200.0,"Dartmouth College, College Street, Hanover, Grafton County, New Hampshire, 03755, United States",university,amenity,Dartmouth College,us,22.0
220,25,2.6354406505302936,0.0021962005421085,1.830167118423816e-06,3,24:04:2013 ,13,46,43.7069498,-72.2869044,1366786009,False,0.0,4800.0,"Dartmouth College, College Street, Hanover, Grafton County, New Hampshire, 03755, United States",university,amenity,Dartmouth College,us,22.0
84,25,102.39807028845176,0.0853317252403764,7.110977103364704e-05,3,24:04:2013 ,14,6,43.7062038,-72.2909031,1366787209,True,1.0,1200.0,"Dartmouth College, College Street, Hanover, Grafton County, New Hampshire, 03755, United States",university,amenity,Dartmouth College,us,97.0
85,25,1.180462410778843,0.000983718675649,8.197655630408632e-07,4,25:04:2013 ,0,26,43.7062669,-72.2908428,1366824409,False,0.0,37200.0,"Dartmouth College, College Street, Hanover, Grafton County, New Hampshire, 03755, United States",university,amenity,Dartmouth College,us,97.0
230,25,155.2450227151332,0.1290482316834025,0.0001072720130369,4,25:04:2013 ,0,46,43.7051359,-72.2886181,1366825612,True,1.0,1203.0,"Baker Memorial Library, 3, Wentworth Street, Hanover, Grafton County, New Hampshire, 03755, United States",library,amenity,Baker Memorial Library,us,5.0
130,25,204.5224143431162,0.1708625015397796,0.0001427422736339,4,25:04:2013 ,1,6,43.7066259,-72.2870559,1366826809,True,1.0,1197.0,"Dartmouth College, College Street, Hanover, Grafton County, New Hampshire, 03755, United States",university,amenity,Dartmouth College,us,37.0
131,25,2.8138876166581084,0.002344906347215,1.954088622679242e-06,4,25:04:2013 ,2,46,43.7065901,-72.287013,1366832809,False,0.0,6000.0,"Dartmouth College, College Street, Hanover, Grafton County, New Hampshire, 03755, United States",university,amenity,Dartmouth College,us,37.0
86,25,52.92860015188511,0.0440704414253831,3.669478886376612e-05,4,25:04:2013 ,3,6,43.7062045,-72.2908702,1366834010,True,1.0,1201.0,"Dartmouth College, College Street, Hanover, Grafton County, New Hampshire, 03755, United States",university,amenity,Dartmouth College,us,97.0
87,25,3.8433665349129496,0.0032028054457607,2.6690045381339925e-06,4,25:04:2013 ,4,26,43.7062233,-72.2908172,1366838809,False,0.0,4799.0,"Dartmouth College, College Street, Hanover, Grafton County, New Hampshire, 03755, United States",university,amenity,Dartmouth College,us,97.0
303,25,421.3189950217295,0.1755495812590539,7.314565885793913e-05,4,25:04:2013 ,5,6,43.7031539,-72.2910543,1366841209,True,1.0,2400.0,"Dartmouth College, College Street, Hanover, Grafton County, New Hampshire, 03755, United States",university,amenity,Dartmouth College,us,3.0
88,25,426.8095184573591,0.3556745987144659,0.0002963954989287,4,25:04:2013 ,5,26,43.7062633,-72.2908854,1366842409,True,1.0,1200.0,"Dartmouth College, College Street, Hanover, Grafton County, New Hampshire, 03755, United States",university,amenity,Dartmouth College,us,97.0
89,25,0.5490524578264746,0.0004575437148553,3.8128642904616294e-07,4,25:04:2013 ,13,6,43.7062084,-72.2909272,1366870009,False,0.0,27600.0,"Dartmouth College, College Street, Hanover, Grafton County, New Hampshire, 03755, United States",university,amenity,Dartmouth College,us,97.0
305,25,434.825957169305,0.5302755575235427,0.000646677509175,4,25:04:2013 ,13,20,43.7030406,-72.2905467,1366870829,True,1.0,820.0,"Dartmouth College, College Street, Hanover, Grafton County, New Hampshire, 03755, United States",university,amenity,Dartmouth College,us,2.0
90,25,435.1279360154031,0.2771515516021676,0.000176529650702,4,25:04:2013 ,13,46,43.7062106,-72.2908801,1366872399,True,1.0,1570.0,"Dartmouth College, College Street, Hanover, Grafton County, New Hampshire, 03755, United States",university,amenity,Dartmouth College,us,97.0
245,25,372.1368539637844,0.3072971543879309,0.00025375487563,4,25:04:2013 ,14,6,43.7034995,-72.2848553,1366873610,True,1.0,1211.0,"Dartmouth College, College Street, Hanover, Grafton County, New Hampshire, 03755, United States",university,amenity,Dartmouth College,us,1.0
313,25,188.53302682446983,0.1572418905958881,0.0001311441956596,4,25:04:2013 ,14,26,43.704873,-72.2897074,1366874809,True,1.0,1199.0,"Dartmouth College, College Street, Hanover, Grafton County, New Hampshire, 03755, United States",university,amenity,Dartmouth College,us,2.0
326,25,24.7730101857416,0.0204566558098609,1.6892366482131243e-05,4,25:04:2013 ,15,5,43.6288445,-72.3221367,1366877100,True,1.0,2291.0,"Citizens Bank, 1, Interchange Drive, Valley Square Shopping Center, Lebanon, Grafton County, New Hampshire, 03784, United States",bank,amenity,Citizens Bank,us,1.0
91,25,2.951156422735716,0.0024592970189464,2.0494141824553584e-06,4,25:04:2013 ,23,46,43.706228,-72.2908744,1366908409,False,0.0,31309.0,"Dartmouth College, College Street, Hanover, Grafton County, New Hampshire, 03755, United States",university,amenity,Dartmouth College,us,97.0
295,25,384.34737738044,0.3383339589616549,0.0002978291892268,5,26:04:2013 ,0,5,43.7090281,-72.2839582,1366909545,True,1.0,1136.0,"Life Sciences Greenhouse, 78, College Street, Hanover, Grafton County, New Hampshire, 03755, United States",house,place,Life Sciences Greenhouse,us,33.0
296,25,6.615977106913324,0.0055133142557611,4.594428546467586e-06,5,26:04:2013 ,0,46,43.7090561,-72.2839288,1366912009,False,0.0,2464.0,"Life Sciences Greenhouse, 78, College Street, Hanover, Grafton County, New Hampshire, 03755, United States",house,place,Life Sciences Greenhouse,us,33.0
238,25,528.8583106869543,0.4407152589057952,0.0003672627157548,5,26:04:2013 ,1,6,43.7052032,-72.2901537,1366913209,True,1.0,1200.0,"Dartmouth College, College Street, Hanover, Grafton County, New Hampshire, 03755, United States",university,amenity,Dartmouth College,us,2.0
222,25,97.91013505383692,0.0815917792115307,6.799314934294231e-05,5,26:04:2013 ,1,26,43.7059165,-72.2912631,1366914409,True,1.0,1200.0,"Dartmouth College, College Street, Hanover, Grafton County, New Hampshire, 03755, United States",university,amenity,Dartmouth College,us,2.0
92,25,48.17938410623883,0.0429023901213168,3.820337499672027e-05,5,26:04:2013 ,1,45,43.7062675,-72.2908962,1366915532,True,1.0,1123.0,"Dartmouth College, College Street, Hanover, Grafton County, New Hampshire, 03755, United States",university,amenity,Dartmouth College,us,97.0
93,25,1.7569673738528735,0.0014641394782107,1.2201162318422731e-06,5,26:04:2013 ,2,46,43.7062496,-72.290846,1366919209,False,0.0,3677.0,"Dartmouth College, College Street, Hanover, Grafton County, New Hampshire, 03755, United States",university,amenity,Dartmouth College,us,97.0
132,25,47.973399747462246,0.0399778331228852,3.331486093573767e-05,5,26:04:2013 ,3,6,43.7065991,-72.2870229,1366920409,True,1.0,1200.0,"Dartmouth College, College Street, Hanover, Grafton County, New Hampshire, 03755, United States",university,amenity,Dartmouth College,us,37.0
133,25,1.4961647811458114,0.0012468039842881,1.0390033202401469e-06,5,26:04:2013 ,3,46,43.7065776,-72.2870156,1366922809,False,0.0,2400.0,"Dartmouth College, College Street, Hanover, Grafton County, New Hampshire, 03755, United States",university,amenity,Dartmouth College,us,37.0
94,25,44.583007263806834,0.0371525060531723,3.096042171097697e-05,5,26:04:2013 ,4,6,43.7062528,-72.2908703,1366924009,True,1.0,1200.0,"Dartmouth College, College Street, Hanover, Grafton County, New Hampshire, 03755, United States",university,amenity,Dartmouth College,us,97.0
95,25,1.7844200291905503,0.0014870166909921,1.2391805758267712e-06,5,26:04:2013 ,4,46,43.7062457,-72.2908714,1366926409,False,0.0,2400.0,"Dartmouth College, College Street, Hanover, Grafton County, New Hampshire, 03755, United States",university,amenity,Dartmouth College,us,97.0
297,25,373.4213670841864,0.3106666947455794,0.0002584581487068,5,26:04:2013 ,5,6,43.7089662,-72.2840838,1366927611,True,1.0,1202.0,"Life Sciences Greenhouse, 78, College Street, Hanover, Grafton County, New Hampshire, 03755, United States",house,place,Life Sciences Greenhouse,us,33.0
298,25,2.772671878993248,0.002310559899161,1.9254665826341995e-06,5,26:04:2013 ,5,46,43.7089795,-72.2840923,1366930009,False,0.0,2398.0,"Life Sciences Greenhouse, 78, College Street, Hanover, Grafton County, New Hampshire, 03755, United States",house,place,Life Sciences Greenhouse,us,33.0
96,25,372.15851894179,0.3101320991181583,0.0002584434159317,5,26:04:2013 ,6,6,43.7062682,-72.2908365,1366931209,True,1.0,1200.0,"Dartmouth College, College Street, Hanover, Grafton County, New Hampshire, 03755, United States",university,amenity,Dartmouth College,us,97.0
