,tnv,distance,velocity,accelerate,week_date,date,hour in date,min in date,latitude,longitude,time,moving,active,time_difference,address,type,address_type,hall,nation,count
172,35,0.0,0.0,0.0,3,27:03:2013 ,11,9,43.7065838,-72.2870232,1364357351,False,0.0,,"Dartmouth College, College Street, Hanover, Grafton County, New Hampshire, 03755, United States",university,amenity,Dartmouth College,us,3.0
173,35,1.427533315479865,0.0001051202735994,7.740815434418332e-09,4,28:03:2013 ,5,54,43.7065846,-72.2870225,1364424872,False,0.0,67521.0,"Dartmouth College, College Street, Hanover, Grafton County, New Hampshire, 03755, United States",university,amenity,Dartmouth College,us,3.0
181,35,336.5249454400321,0.0054980549183118,8.98257567362413e-08,4,28:03:2013 ,22,54,43.7090363,-72.2839613,1364486080,True,1.0,61208.0,"Life Sciences Greenhouse, 78, College Street, Hanover, Grafton County, New Hampshire, 03755, United States",house,place,Life Sciences Greenhouse,us,1.0
127,35,43.53920658630358,0.0363432442289679,3.033659785389644e-05,4,28:03:2013 ,23,14,43.7087191,-72.2837674,1364487278,True,1.0,1198.0,"Class of 1978 Life Sciences Center, 78, College Street, Hanover, Grafton County, New Hampshire, 03755, United States",university,building,Class of 1978 Life Sciences Center,us,2.0
301,35,810.3212877445548,0.3372123544505013,0.0001403297355183,5,29:03:2013 ,0,14,43.7027672,-72.2900595,1364490882,True,1.0,3604.0,"Collis Student Center, 2, North Main Street, Hanover, Grafton County, New Hampshire, 03755, United States",university,building,Collis Student Center,us,4.0
302,35,0.98831353456627,0.0008256587590361,6.89773399361862e-07,5,29:03:2013 ,0,34,43.70276,-72.2900502,1364492079,False,0.0,1197.0,"Collis Student Center, 2, North Main Street, Hanover, Grafton County, New Hampshire, 03755, United States",university,building,Collis Student Center,us,4.0
71,35,556.0024089694556,0.0775564805369585,1.0818312252330662e-05,5,29:03:2013 ,2,34,43.7068106,-72.286881,1364499248,True,1.0,7169.0,"Dartmouth College, College Street, Hanover, Grafton County, New Hampshire, 03755, United States",university,amenity,Dartmouth College,us,25.0
117,35,7.755347025034839,0.006462789187529,5.3856576562741935e-06,5,29:03:2013 ,4,14,43.7066694,-72.287176,1364505278,False,0.0,6030.0,"Dartmouth College, College Street, Hanover, Grafton County, New Hampshire, 03755, United States",university,amenity,Dartmouth College,us,10.0
238,35,494.6862581442905,0.4118953023682685,0.0003429602850693,5,29:03:2013 ,4,34,43.7030655,-72.2906249,1364506479,True,1.0,1201.0,"Dartmouth College, College Street, Hanover, Grafton County, New Hampshire, 03755, United States",university,amenity,Dartmouth College,us,12.0
239,35,3.8846141828402745,0.0032371784857002,2.697648738083524e-06,5,29:03:2013 ,6,14,43.7031018,-72.2907285,1364512478,False,0.0,5999.0,"Dartmouth College, College Street, Hanover, Grafton County, New Hampshire, 03755, United States",university,amenity,Dartmouth College,us,12.0
269,35,23.527319389662225,0.0097989668428414,4.081202350204669e-06,5,29:03:2013 ,6,54,43.7029304,-72.2908966,1364514879,True,1.0,2401.0,"Dartmouth College, College Street, Hanover, Grafton County, New Hampshire, 03755, United States",university,amenity,Dartmouth College,us,11.0
118,35,511.3366129492567,0.2131457327841837,8.884774188586231e-05,5,29:03:2013 ,7,34,43.7066556,-72.2870941,1364517278,True,1.0,2399.0,"Dartmouth College, College Street, Hanover, Grafton County, New Hampshire, 03755, United States",university,amenity,Dartmouth College,us,10.0
119,35,0.34315696913349,0.0002859641409445,2.383034507871458e-07,5,29:03:2013 ,11,14,43.7066322,-72.2871185,1364530478,False,0.0,13200.0,"Dartmouth College, College Street, Hanover, Grafton County, New Hampshire, 03755, United States",university,amenity,Dartmouth College,us,10.0
36,35,200.45775062537288,0.1666315466545078,0.0001385133388649,5,29:03:2013 ,11,34,43.7080926,-72.2848756,1364531681,True,1.0,1203.0,"Anonymous Hall, 64, College Street, Hanover, Grafton County, New Hampshire, 03755, United States",university,building,Anonymous Hall,us,26.0
130,35,80.32537244896209,0.0023085320433672,6.634666024909356e-08,5,29:03:2013 ,21,14,43.70872,-72.2841375,1364566478,True,1.0,34797.0,"Class of 1978 Life Sciences Center, 78, College Street, Hanover, Grafton County, New Hampshire, 03755, United States",university,building,Class of 1978 Life Sciences Center,us,1.0
176,35,22.86770128843836,0.0190564177403653,1.5880348116971085e-05,5,29:03:2013 ,21,34,43.7088866,-72.283893,1364567678,True,1.0,1200.0,"Life Sciences Greenhouse, 78, College Street, Hanover, Grafton County, New Hampshire, 03755, United States",house,place,Life Sciences Greenhouse,us,2.0
128,35,11.420121858750502,0.0095167682156254,7.93064017968785e-06,5,29:03:2013 ,21,54,43.7088034,-72.2838894,1364568878,False,0.0,1200.0,"Class of 1978 Life Sciences Center, 78, College Street, Hanover, Grafton County, New Hampshire, 03755, United States",university,building,Class of 1978 Life Sciences Center,us,2.0
63,35,229.460478402028,0.1907402147980282,0.000158553794512,5,29:03:2013 ,22,14,43.7071317,-72.2862616,1364570081,True,1.0,1203.0,"Berry Hall, 10, Maynard Street, Hanover, Grafton County, New Hampshire, 03755, United States",dormitory,building,Berry Hall,us,1.0
37,35,120.48863854212084,0.0251122631392498,5.233902279960371e-06,5,29:03:2013 ,23,34,43.7080095,-72.2850311,1364574879,True,1.0,4798.0,"Anonymous Hall, 64, College Street, Hanover, Grafton County, New Hampshire, 03755, United States",university,building,Anonymous Hall,us,26.0
64,35,1.5373313663263688,0.0012811094719386,1.067591226615534e-06,6,30:03:2013 ,0,54,43.7079973,-72.2851635,1364579678,False,0.0,4799.0,"Dartmouth College, College Street, Hanover, Grafton County, New Hampshire, 03755, United States",university,amenity,Dartmouth College,us,7.0
183,35,363.18351969351096,0.0021812168985526,1.3100008399463452e-08,0,31:03:2013 ,23,9,43.7053514,-72.2832547,1364746183,True,1.0,166505.0,"10, North Park Street, Hanover, Grafton County, New Hampshire, 03755, United States",dormitory,building,,us,14.0
184,35,5.065032687695016,0.0042173461179808,3.5115288242971376e-06,1,01:04:2013 ,1,29,43.7053895,-72.2832242,1364754583,False,0.0,8400.0,"10, North Park Street, Hanover, Grafton County, New Hampshire, 03755, United States",dormitory,building,,us,14.0
38,35,361.08333780355736,0.3009027815029644,0.0002507523179191,1,01:04:2013 ,1,49,43.7080201,-72.2849184,1364755783,True,1.0,1200.0,"Anonymous Hall, 64, College Street, Hanover, Grafton County, New Hampshire, 03755, United States",university,building,Anonymous Hall,us,26.0
65,35,9.26516632842426,0.0077209719403535,6.4341432836279575e-06,1,01:04:2013 ,4,29,43.7080443,-72.285196,1364765382,False,0.0,9599.0,"Dartmouth College, College Street, Hanover, Grafton County, New Hampshire, 03755, United States",university,amenity,Dartmouth College,us,7.0
240,35,685.4258978659553,0.5711882482216294,0.0004759902068513,1,01:04:2013 ,4,49,43.7030508,-72.2906772,1364766582,True,1.0,1200.0,"Dartmouth College, College Street, Hanover, Grafton County, New Hampshire, 03755, United States",university,amenity,Dartmouth College,us,12.0
241,35,0.1235389820966972,0.0001029491517472,8.579095978937311e-08,1,01:04:2013 ,8,29,43.7030654,-72.2906399,1364779782,False,0.0,13200.0,"Dartmouth College, College Street, Hanover, Grafton County, New Hampshire, 03755, United States",university,amenity,Dartmouth College,us,12.0
185,35,318.7422225781552,0.2656185188151293,0.0002213487656792,1,01:04:2013 ,8,49,43.7053875,-72.2832314,1364780982,True,1.0,1200.0,"10, North Park Street, Hanover, Grafton County, New Hampshire, 03755, United States",dormitory,building,,us,14.0
186,35,0.0,0.0,0.0,1,01:04:2013 ,10,49,43.7054295,-72.2832676,1364788183,False,0.0,7201.0,"10, North Park Street, Hanover, Grafton County, New Hampshire, 03755, United States",dormitory,building,,us,14.0
197,35,1652.489418042231,0.6885372575175961,0.0002868905239656,1,01:04:2013 ,11,29,43.7174687,-72.30815,1364790583,True,1.0,2400.0,"23, Hazen Street, Norwich, Windsor County, Vermont, 05055, United States",yes,building,,us,28.0
198,35,6.711742491985737,0.0055931187433214,4.660932286101206e-06,1,01:04:2013 ,20,29,43.7174225,-72.308208,1364822982,False,0.0,32399.0,"23, Hazen Street, Norwich, Windsor County, Vermont, 05055, United States",yes,building,,us,28.0
177,35,1174.6656843451317,0.4894440351438048,0.0002039350146432,1,01:04:2013 ,21,9,43.7088644,-72.2838709,1364825382,True,1.0,2400.0,"Life Sciences Greenhouse, 78, College Street, Hanover, Grafton County, New Hampshire, 03755, United States",house,place,Life Sciences Greenhouse,us,2.0
131,35,27.90519046327088,0.023254325386059,1.937860448838256e-05,1,01:04:2013 ,21,29,43.7086611,-72.2836429,1364826582,True,1.0,1200.0,"Class of 1978 Life Sciences Center, 78, College Street, Hanover, Grafton County, New Hampshire, 03755, United States",university,building,Class of 1978 Life Sciences Center,us,6.0
132,35,1.3588860588961689,0.0011324050490801,9.436708742334506e-07,1,01:04:2013 ,21,49,43.708671,-72.2836682,1364827782,False,0.0,1200.0,"Class of 1978 Life Sciences Center, 78, College Street, Hanover, Grafton County, New Hampshire, 03755, United States",university,building,Class of 1978 Life Sciences Center,us,6.0
66,35,95.30064683694522,0.0397086028487271,1.6545251186969657e-05,1,01:04:2013 ,22,29,43.7079767,-72.2851982,1364830182,True,1.0,2400.0,"Dartmouth College, College Street, Hanover, Grafton County, New Hampshire, 03755, United States",university,amenity,Dartmouth College,us,7.0
39,35,4.968876468350598,0.0041407303902921,3.4506086585768044e-06,2,02:04:2013 ,10,49,43.7079179,-72.2848731,1364874582,False,0.0,44400.0,"Anonymous Hall, 64, College Street, Hanover, Grafton County, New Hampshire, 03755, United States",university,building,Anonymous Hall,us,26.0
199,35,1315.7424127893755,0.5482260053289064,0.0002284275022203,2,02:04:2013 ,11,29,43.7175038,-72.3080969,1364876982,True,1.0,2400.0,"23, Hazen Street, Norwich, Windsor County, Vermont, 05055, United States",yes,building,,us,28.0
200,35,2.662735288072152,0.0022134125420383,1.8399106750111089e-06,2,02:04:2013 ,11,49,43.7175232,-72.3080148,1364878185,False,0.0,1203.0,"23, Hazen Street, Norwich, Windsor County, Vermont, 05055, United States",yes,building,,us,28.0
313,35,28.57634705350677,0.0238733058091117,1.9944282213125943e-05,2,02:04:2013 ,12,9,43.7177314,-72.3077394,1364879382,True,1.0,1197.0,"32, Hazen Street, Norwich, Windsor County, Vermont, 05055, United States",yes,building,,us,3.0
314,35,2.758809833204787,0.0022990081943373,1.9158401619477687e-06,2,02:04:2013 ,12,29,43.7177515,-72.307707,1364880582,False,0.0,1200.0,"32, Hazen Street, Norwich, Windsor County, Vermont, 05055, United States",yes,building,,us,3.0
250,35,20.29990651371801,0.0169165887614316,1.4097157301193065e-05,2,02:04:2013 ,12,49,43.7176036,-72.3078961,1364881782,True,1.0,1200.0,"24, Hazen Street, Norwich, Windsor County, Vermont, 05055, United States",yes,building,,us,8.0
315,35,18.21364239058516,0.0151780353254876,1.264836277123969e-05,2,02:04:2013 ,13,9,43.7177363,-72.3077322,1364882982,False,0.0,1200.0,"32, Hazen Street, Norwich, Windsor County, Vermont, 05055, United States",yes,building,,us,3.0
201,35,26.09204202348469,0.0217433683529039,1.8119473627419928e-05,2,02:04:2013 ,13,29,43.7175462,-72.3080215,1364884182,True,1.0,1200.0,"23, Hazen Street, Norwich, Windsor County, Vermont, 05055, United States",yes,building,,us,28.0
202,35,1.9352875078320428,0.00161273958986,1.3439496582166963e-06,2,02:04:2013 ,16,29,43.7174728,-72.3080587,1364894982,False,0.0,10800.0,"23, Hazen Street, Norwich, Windsor County, Vermont, 05055, United States",yes,building,,us,28.0
251,35,22.31755975740697,0.0185979664645058,1.5498305387088172e-05,2,02:04:2013 ,16,49,43.7176354,-72.3078846,1364896182,True,1.0,1200.0,"24, Hazen Street, Norwich, Windsor County, Vermont, 05055, United States",yes,building,,us,8.0
252,35,0.0,0.0,0.0,2,02:04:2013 ,21,9,43.7175722,-72.3079845,1364911782,False,0.0,15600.0,"24, Hazen Street, Norwich, Windsor County, Vermont, 05055, United States",yes,building,,us,8.0
203,35,20.313652406377017,0.0084640218359904,3.5266757649960097e-06,2,02:04:2013 ,21,49,43.7174242,-72.308137,1364914182,True,1.0,2400.0,"23, Hazen Street, Norwich, Windsor County, Vermont, 05055, United States",yes,building,,us,28.0
204,35,16.031315809667447,0.0133594298413895,1.113285820115795e-05,2,02:04:2013 ,22,29,43.7174294,-72.3080312,1364916582,False,0.0,2400.0,"23, Hazen Street, Norwich, Windsor County, Vermont, 05055, United States",yes,building,,us,28.0
234,35,1859.3196653232249,0.2582388424060035,3.58665058897227e-05,3,03:04:2013 ,0,29,43.7038834,-72.28266,1364923782,True,1.0,7200.0,"19, East Wheelock Street, Hanover, Grafton County, New Hampshire, 03755, United States",university,building,,us,1.0
120,35,386.20548602910645,0.3218379050242553,0.0002681982541868,3,03:04:2013 ,0,49,43.706697,-72.287119,1364924982,True,1.0,1200.0,"Dartmouth College, College Street, Hanover, Grafton County, New Hampshire, 03755, United States",university,amenity,Dartmouth College,us,10.0
0,35,35.07060391665586,0.0292255032638798,2.435458605323324e-05,3,03:04:2013 ,1,9,43.7069525,-72.2869482,1364926182,True,1.0,1200.0,"Dartmouth College, College Street, Hanover, Grafton County, New Hampshire, 03755, United States",university,amenity,Dartmouth College,us,36.0
1,35,2.539357214773938,0.0010585065505518,4.412282411637644e-07,3,03:04:2013 ,2,29,43.7069264,-72.2869519,1364930982,False,0.0,4800.0,"Dartmouth College, College Street, Hanover, Grafton County, New Hampshire, 03755, United States",university,amenity,Dartmouth College,us,36.0
102,35,178.22105705847346,0.1485175475487279,0.0001237646229572,3,03:04:2013 ,2,49,43.7082248,-72.284302,1364932182,True,1.0,1200.0,"Dana Circle Parking Lot, 64, College Street, Hanover, Grafton County, New Hampshire, 03755, United States",parking,amenity,Dana Circle Parking Lot,us,1.0
67,35,0.5627727496939796,0.0004689772914116,3.908144095097081e-07,3,03:04:2013 ,3,49,43.7081089,-72.2851747,1364935782,False,0.0,3600.0,"Dartmouth College, College Street, Hanover, Grafton County, New Hampshire, 03755, United States",university,amenity,Dartmouth College,us,7.0
225,35,627.7742082853636,0.5231451735711363,0.0004359543113092,3,03:04:2013 ,4,9,43.7035354,-72.2829193,1364936982,True,1.0,1200.0,"East Wheelock Street, Hanover, Grafton County, New Hampshire, 03755, United States",pitch,leisure,,us,1.0
310,35,466.65113947248506,0.1008321390389985,2.1787411201166487e-05,3,03:04:2013 ,5,26,43.7001358,-72.2895404,1364941610,True,1.0,4628.0,"63, South Main Street, Hanover, Grafton County, New Hampshire, 03755, United States",commercial,building,,us,1.0
40,35,1079.6971677287677,0.7869512884320462,0.0005735796562915,3,03:04:2013 ,5,49,43.7080016,-72.2850119,1364942982,True,1.0,1372.0,"Anonymous Hall, 64, College Street, Hanover, Grafton County, New Hampshire, 03755, United States",university,building,Anonymous Hall,us,26.0
41,35,8.592586672611004,0.0071604888938425,5.967074078202086e-06,3,03:04:2013 ,10,49,43.7079841,-72.2848796,1364960982,False,0.0,18000.0,"Anonymous Hall, 64, College Street, Hanover, Grafton County, New Hampshire, 03755, United States",university,building,Anonymous Hall,us,26.0
253,35,1314.9595736836714,0.5478998223681963,0.0002282915926534,3,03:04:2013 ,11,29,43.7175643,-72.3079684,1364963382,True,1.0,2400.0,"24, Hazen Street, Norwich, Windsor County, Vermont, 05055, United States",yes,building,,us,8.0
254,35,14.562682958535744,0.0060677845660565,2.528243569190233e-06,3,03:04:2013 ,12,9,43.7176704,-72.3077705,1364965782,False,0.0,2400.0,"24, Hazen Street, Norwich, Windsor County, Vermont, 05055, United States",yes,building,,us,8.0
205,35,31.33517116309831,0.0261126426359152,2.176053552992938e-05,3,03:04:2013 ,12,29,43.7174421,-72.3080264,1364966982,True,1.0,1200.0,"23, Hazen Street, Norwich, Windsor County, Vermont, 05055, United States",yes,building,,us,28.0
206,35,4.323516681685492,0.0018014652840356,7.506105350148423e-07,3,03:04:2013 ,18,49,43.7173976,-72.3080362,1364989782,False,0.0,22800.0,"23, Hazen Street, Norwich, Windsor County, Vermont, 05055, United States",yes,building,,us,28.0
255,35,26.79206092545294,0.0223267174378774,1.860559786489788e-05,3,03:04:2013 ,19,9,43.7175928,-72.3078212,1364990982,True,1.0,1200.0,"24, Hazen Street, Norwich, Windsor County, Vermont, 05055, United States",yes,building,,us,8.0
207,35,14.082307410783784,0.0058676280878265,2.444845036594407e-06,3,03:04:2013 ,20,49,43.717382,-72.3080284,1364996982,False,0.0,6000.0,"23, Hazen Street, Norwich, Windsor County, Vermont, 05055, United States",yes,building,,us,28.0
133,35,1197.1905077848594,0.9976587564873828,0.0008313822970728,3,03:04:2013 ,21,9,43.7086598,-72.2835791,1364998182,True,1.0,1200.0,"Class of 1978 Life Sciences Center, 78, College Street, Hanover, Grafton County, New Hampshire, 03755, United States",university,building,Class of 1978 Life Sciences Center,us,6.0
134,35,0.4804142363127582,0.0004003451969272,3.336209974394154e-07,3,03:04:2013 ,21,49,43.7086778,-72.2836383,1365000582,False,0.0,2400.0,"Class of 1978 Life Sciences Center, 78, College Street, Hanover, Grafton County, New Hampshire, 03755, United States",university,building,Class of 1978 Life Sciences Center,us,6.0
260,35,87.92937224875908,0.0731525559473869,6.085903157020543e-05,3,03:04:2013 ,22,9,43.7093184,-72.284065,1365001784,True,1.0,1202.0,"Class of 1978 Life Sciences Center, 78, College Street, Hanover, Grafton County, New Hampshire, 03755, United States",university,building,Class of 1978 Life Sciences Center,us,1.0
96,35,142.3672283480302,0.0131833714555079,1.2207955788043275e-06,4,04:04:2013 ,1,9,43.7082812,-72.2847672,1365012583,True,1.0,10799.0,"Anonymous Hall, 64, College Street, Hanover, Grafton County, New Hampshire, 03755, United States",university,building,Anonymous Hall,us,3.0
68,35,22.31873248499368,0.0186144557839813,1.5524983973295566e-05,4,04:04:2013 ,1,29,43.7081186,-72.2851819,1365013782,True,1.0,1199.0,"Dartmouth College, College Street, Hanover, Grafton County, New Hampshire, 03755, United States",university,amenity,Dartmouth College,us,7.0
108,35,0.0137261603566956,1.1438466963913038e-05,9.532055803260864e-09,4,04:04:2013 ,4,9,43.7081624,-72.285274,1365023382,False,0.0,9600.0,"Dartmouth College, College Street, Hanover, Grafton County, New Hampshire, 03755, United States",university,amenity,Dartmouth College,us,2.0
99,35,41.0000074118808,0.0170762213293964,7.112128833567853e-06,4,04:04:2013 ,4,49,43.7084611,-72.2849581,1365025783,True,1.0,2401.0,"Anonymous Hall, 64, College Street, Hanover, Grafton County, New Hampshire, 03755, United States",university,building,Anonymous Hall,us,3.0
100,35,0.6588546099714047,0.0005490455083095,4.575379235912533e-07,4,04:04:2013 ,5,29,43.7084572,-72.2849333,1365028182,False,0.0,2399.0,"Anonymous Hall, 64, College Street, Hanover, Grafton County, New Hampshire, 03755, United States",university,building,Anonymous Hall,us,3.0
101,35,39.558761454771485,0.0329656345456429,2.747136212136909e-05,4,04:04:2013 ,5,49,43.708169,-72.2850048,1365029382,True,1.0,1200.0,"Anonymous Hall, 64, College Street, Hanover, Grafton County, New Hampshire, 03755, United States",university,building,Anonymous Hall,us,3.0
69,35,4.721800015977041,0.0079224832482836,1.329275712799266e-05,4,04:04:2013 ,9,39,43.7081166,-72.2851526,1365043179,False,0.0,13797.0,"Dartmouth College, College Street, Hanover, Grafton County, New Hampshire, 03755, United States",university,amenity,Dartmouth College,us,7.0
226,35,611.2200075304402,0.3502693452896505,0.000200727418504,4,04:04:2013 ,10,8,43.7036637,-72.282564,1365044924,True,1.0,1745.0,"East Wheelock Street, Hanover, Grafton County, New Hampshire, 03755, United States",pitch,leisure,,us,2.0
328,35,1944.3373293749928,1.544350539614768,0.001226648562045,4,04:04:2013 ,10,29,43.7178291,-72.3066915,1365046183,True,1.0,1259.0,"24, Cliff Street, Norwich, Windsor County, Vermont, 05055, United States",yes,building,,us,3.0
258,35,45.73312658848616,0.0381109388237384,3.175911568644872e-05,4,04:04:2013 ,10,49,43.7174959,-72.3083631,1365047383,True,1.0,1200.0,"23, Hazen Street, Norwich, Windsor County, Vermont, 05055, United States",yes,building,,us,2.0
208,35,0.0,0.0,0.0,5,05:04:2013 ,0,25,43.7174718,-72.3081499,1365096305,False,0.0,48922.0,"23, Hazen Street, Norwich, Windsor County, Vermont, 05055, United States",yes,building,,us,28.0
2,35,1455.859915624399,0.6068611569922464,0.0002529642171705,5,05:04:2013 ,1,5,43.7068651,-72.2869289,1365098704,True,1.0,2399.0,"Dartmouth College, College Street, Hanover, Grafton County, New Hampshire, 03755, United States",university,amenity,Dartmouth College,us,36.0
3,35,6.012101868262264,0.0050100848902185,4.1750707418487945e-06,5,05:04:2013 ,2,45,43.706852,-72.2869772,1365104704,False,0.0,6000.0,"Dartmouth College, College Street, Hanover, Grafton County, New Hampshire, 03755, United States",university,amenity,Dartmouth College,us,36.0
72,35,22.57971086711061,0.0188164257225921,1.568035476882681e-05,5,05:04:2013 ,3,5,43.7066875,-72.2870572,1365105904,True,1.0,1200.0,"Dartmouth College, College Street, Hanover, Grafton County, New Hampshire, 03755, United States",university,amenity,Dartmouth College,us,25.0
121,35,1.2628175346928388,0.0010523479455773,8.769566213144714e-07,5,05:04:2013 ,4,5,43.7066506,-72.2869813,1365109504,False,0.0,3600.0,"Dartmouth College, College Street, Hanover, Grafton County, New Hampshire, 03755, United States",university,amenity,Dartmouth College,us,10.0
312,35,502.6065339177316,0.4188387782647763,0.0003490323152206,5,05:04:2013 ,4,25,43.702989,-72.2907448,1365110704,True,1.0,1200.0,"Dartmouth College, College Street, Hanover, Grafton County, New Hampshire, 03755, United States",university,amenity,Dartmouth College,us,1.0
231,35,24.1312796752167,0.0201093997293472,1.6757833107789375e-05,5,05:04:2013 ,4,45,43.7031648,-72.2907745,1365111904,True,1.0,1200.0,"Dartmouth College, College Street, Hanover, Grafton County, New Hampshire, 03755, United States",university,amenity,Dartmouth College,us,2.0
242,35,4.392496047230932,0.0036604133726924,3.0503444772437025e-06,5,05:04:2013 ,6,25,43.7031262,-72.29077,1365117904,False,0.0,6000.0,"Dartmouth College, College Street, Hanover, Grafton County, New Hampshire, 03755, United States",university,amenity,Dartmouth College,us,12.0
270,35,21.22125383694756,0.0176843781974563,1.4736981831213585e-05,5,05:04:2013 ,6,45,43.7029716,-72.2909409,1365119104,True,1.0,1200.0,"Dartmouth College, College Street, Hanover, Grafton County, New Hampshire, 03755, United States",university,amenity,Dartmouth College,us,11.0
42,35,691.6716119847007,0.2881965049936253,0.0001200818770806,5,05:04:2013 ,7,25,43.7080106,-72.284875,1365121504,True,1.0,2400.0,"Anonymous Hall, 64, College Street, Hanover, Grafton County, New Hampshire, 03755, United States",university,building,Anonymous Hall,us,26.0
43,35,7.700384763349334,0.0064169873027911,5.347489418992593e-06,5,05:04:2013 ,10,45,43.7079344,-72.2849211,1365133504,False,0.0,12000.0,"Anonymous Hall, 64, College Street, Hanover, Grafton County, New Hampshire, 03755, United States",university,building,Anonymous Hall,us,26.0
209,35,1316.922678565986,0.3658118551572183,0.0001016144042103,5,05:04:2013 ,11,45,43.7175289,-72.3080451,1365137104,True,1.0,3600.0,"23, Hazen Street, Norwich, Windsor County, Vermont, 05055, United States",yes,building,,us,28.0
210,35,0.1372544086759192,0.0001143786738965,9.531556158049949e-08,5,05:04:2013 ,20,45,43.7174964,-72.3080991,1365169504,False,0.0,32400.0,"23, Hazen Street, Norwich, Windsor County, Vermont, 05055, United States",yes,building,,us,28.0
135,35,1211.2590087329684,0.5046912536387368,0.0002102880223494,5,05:04:2013 ,21,25,43.7086717,-72.2836497,1365171904,True,1.0,2400.0,"Class of 1978 Life Sciences Center, 78, College Street, Hanover, Grafton County, New Hampshire, 03755, United States",university,building,Class of 1978 Life Sciences Center,us,6.0
136,35,2.621689484108331,0.0021847412367569,1.8206176972974525e-06,5,05:04:2013 ,22,5,43.7086607,-72.2836245,1365174304,False,0.0,2400.0,"Class of 1978 Life Sciences Center, 78, College Street, Hanover, Grafton County, New Hampshire, 03755, United States",university,building,Class of 1978 Life Sciences Center,us,6.0
44,35,93.61233279466175,0.0780102773288848,6.500856444073733e-05,5,05:04:2013 ,22,25,43.7079787,-72.2849,1365175504,True,1.0,1200.0,"Anonymous Hall, 64, College Street, Hanover, Grafton County, New Hampshire, 03755, United States",university,building,Anonymous Hall,us,26.0
45,35,2.127557024249627,0.0017729641868746,1.4774701557289075e-06,5,05:04:2013 ,23,5,43.7079768,-72.2848203,1365177904,False,0.0,2400.0,"Anonymous Hall, 64, College Street, Hanover, Grafton County, New Hampshire, 03755, United States",university,building,Anonymous Hall,us,26.0
311,35,1055.8401838072452,0.4397501806777364,0.0001831529282289,5,05:04:2013 ,23,45,43.7002848,-72.2884548,1365180305,True,1.0,2401.0,"Six South Street, 6, South Street, Hanover, Grafton County, New Hampshire, 03755, United States",hotel,tourism,Six South Street,us,1.0
46,35,1066.2720745060292,0.4444652248878821,0.0001852710399699,6,06:04:2013 ,0,25,43.7080528,-72.2848543,1365182704,True,1.0,2399.0,"Anonymous Hall, 64, College Street, Hanover, Grafton County, New Hampshire, 03755, United States",university,building,Anonymous Hall,us,26.0
47,35,6.533661205669053,0.0054447176713908,4.537264726159065e-06,6,06:04:2013 ,5,45,43.7079003,-72.284854,1365201904,False,0.0,19200.0,"Anonymous Hall, 64, College Street, Hanover, Grafton County, New Hampshire, 03755, United States",university,building,Anonymous Hall,us,26.0
62,35,24.460066497878792,0.0203833887482323,1.6986157290193605e-05,6,06:04:2013 ,6,5,43.7077221,-72.2849922,1365203104,True,1.0,1200.0,"Dana Parking Lot, 64, College Street, Hanover, Grafton County, New Hampshire, 03755, United States",parking,amenity,Dana Parking Lot,us,1.0
331,35,1061.0578741031218,5.226886079325723,0.0257482072873188,6,06:04:2013 ,6,8,43.6999921,-72.2895567,1365203307,True,1.0,203.0,"73, South Main Street, Hanover, Grafton County, New Hampshire, 03755, United States",roof,building,,us,1.0
97,35,1134.067393767994,0.2466972794796593,5.366484217525763e-05,6,06:04:2013 ,7,25,43.708254,-72.284714,1365207904,True,1.0,4597.0,"Anonymous Hall, 64, College Street, Hanover, Grafton County, New Hampshire, 03755, United States",university,building,Anonymous Hall,us,3.0
48,35,41.06868598865894,0.0342239049905491,2.85199208254576e-05,6,06:04:2013 ,7,45,43.7079548,-72.284895,1365209104,True,1.0,1200.0,"Anonymous Hall, 64, College Street, Hanover, Grafton County, New Hampshire, 03755, United States",university,building,Anonymous Hall,us,26.0
49,35,4.872791704101037,0.0040606597534175,3.3838831278479425e-06,6,06:04:2013 ,10,25,43.7080092,-72.2848959,1365218704,False,0.0,9600.0,"Anonymous Hall, 64, College Street, Hanover, Grafton County, New Hampshire, 03755, United States",university,building,Anonymous Hall,us,26.0
98,35,20.918677850611747,0.0174322315421764,1.452685961848038e-05,6,06:04:2013 ,10,45,43.7081616,-72.2848171,1365219904,True,1.0,1200.0,"Anonymous Hall, 64, College Street, Hanover, Grafton County, New Hampshire, 03755, United States",university,building,Anonymous Hall,us,3.0
211,35,1283.7190184937392,0.5351058851578738,0.0002230537245343,6,06:04:2013 ,11,25,43.7175369,-72.3081871,1365222304,True,1.0,2400.0,"23, Hazen Street, Norwich, Windsor County, Vermont, 05055, United States",yes,building,,us,28.0
212,35,7.974481757961682,0.006645401464968,5.537834554140056e-06,6,06:04:2013 ,18,25,43.7175129,-72.3079829,1365247504,False,0.0,25200.0,"23, Hazen Street, Norwich, Windsor County, Vermont, 05055, United States",yes,building,,us,28.0
213,35,22.50973144975346,0.0187581095414612,1.5631757951217682e-05,6,06:04:2013 ,18,45,43.7173489,-72.3080253,1365248704,True,1.0,1200.0,"23, Hazen Street, Norwich, Windsor County, Vermont, 05055, United States",yes,building,,us,28.0
214,35,18.556800235933224,0.015464000196611,1.2886666830509184e-05,6,06:04:2013 ,20,45,43.717525,-72.3080171,1365255904,False,0.0,7200.0,"23, Hazen Street, Norwich, Windsor County, Vermont, 05055, United States",yes,building,,us,28.0
215,35,20.76659765252201,0.0173054980437683,1.4421248369806953e-05,6,06:04:2013 ,21,5,43.7173737,-72.3080676,1365257104,True,1.0,1200.0,"23, Hazen Street, Norwich, Windsor County, Vermont, 05055, United States",yes,building,,us,28.0
216,35,9.07251796185696,0.0075604316348808,6.3003596957340005e-06,6,06:04:2013 ,22,5,43.7175002,-72.3080333,1365260704,False,0.0,3600.0,"23, Hazen Street, Norwich, Windsor County, Vermont, 05055, United States",yes,building,,us,28.0
329,35,50.34486447637561,0.0555682830865073,6.133364579084691e-05,6,06:04:2013 ,22,20,43.717867,-72.3067651,1365261610,True,1.0,906.0,"24, Cliff Street, Norwich, Windsor County, Vermont, 05055, United States",yes,building,,us,3.0
187,35,1722.805864508904,0.2737219358927397,4.348934475575783e-05,0,07:04:2013 ,0,5,43.7053155,-72.2832443,1365267904,True,1.0,6294.0,"10, North Park Street, Hanover, Grafton County, New Hampshire, 03755, United States",dormitory,building,,us,14.0
188,35,8.057383583308038,0.0088933593634746,9.816069937609996e-06,0,07:04:2013 ,10,20,43.7053791,-72.283197,1365304810,False,0.0,36906.0,"10, North Park Street, Hanover, Grafton County, New Hampshire, 03755, United States",dormitory,building,,us,14.0
330,35,1714.7621589816272,1.1477658359984118,0.0007682502248985,0,07:04:2013 ,10,45,43.717872,-72.3069109,1365306304,True,1.0,1494.0,"24, Cliff Street, Norwich, Windsor County, Vermont, 05055, United States",yes,building,,us,3.0
217,35,65.18206850607248,0.054318390421727,4.5265325351439225e-05,0,07:04:2013 ,11,5,43.7173971,-72.3080415,1365307504,True,1.0,1200.0,"23, Hazen Street, Norwich, Windsor County, Vermont, 05055, United States",yes,building,,us,28.0
218,35,0.233332574867831,0.0001944438123898,1.620365103248827e-07,0,07:04:2013 ,22,45,43.7174378,-72.3081354,1365349504,False,0.0,42000.0,"23, Hazen Street, Norwich, Windsor County, Vermont, 05055, United States",yes,building,,us,28.0
243,35,1978.397166318382,1.6486643052653185,0.0013738869210544,0,07:04:2013 ,23,5,43.7030243,-72.290774,1365350704,True,1.0,1200.0,"Dartmouth College, College Street, Hanover, Grafton County, New Hampshire, 03755, United States",university,amenity,Dartmouth College,us,12.0
244,35,1.5373737615803944,0.0012811448013169,1.0676206677641627e-06,1,08:04:2013 ,1,5,43.7030991,-72.2907456,1365357904,False,0.0,7200.0,"Dartmouth College, College Street, Hanover, Grafton County, New Hampshire, 03755, United States",university,amenity,Dartmouth College,us,12.0
50,35,666.8267499130169,0.0082497432873069,1.0206288862188425e-07,1,08:04:2013 ,23,32,43.7079571,-72.2849132,1365438734,True,1.0,80830.0,"Anonymous Hall, 64, College Street, Hanover, Grafton County, New Hampshire, 03755, United States",university,building,Anonymous Hall,us,26.0
51,35,13.383020172535126,0.0111525168104459,9.29376400870495e-06,2,09:04:2013 ,5,12,43.7079333,-72.2849101,1365459137,False,0.0,20403.0,"Anonymous Hall, 64, College Street, Hanover, Grafton County, New Hampshire, 03755, United States",university,building,Anonymous Hall,us,26.0
103,35,40.849072461767385,0.0340408937181394,2.8367411431782908e-05,2,09:04:2013 ,5,32,43.7082309,-72.2844617,1365460337,True,1.0,1200.0,"Dana Circle Parking Lot, 64, College Street, Hanover, Grafton County, New Hampshire, 03755, United States",parking,amenity,Dana Circle Parking Lot,us,1.0
271,35,722.1025227390193,0.6017521022825161,0.0005014600852354,2,09:04:2013 ,5,52,43.7029702,-72.2909911,1365461537,True,1.0,1200.0,"Dartmouth College, College Street, Hanover, Grafton County, New Hampshire, 03755, United States",university,amenity,Dartmouth College,us,11.0
232,35,32.106404954395146,0.0267553374619959,2.229611455166329e-05,2,09:04:2013 ,6,12,43.7032041,-72.2908242,1365462737,True,1.0,1200.0,"Dartmouth College, College Street, Hanover, Grafton County, New Hampshire, 03755, United States",university,amenity,Dartmouth College,us,2.0
236,35,229.0812009368359,0.1905833618442894,0.000158555209521,2,09:04:2013 ,6,32,43.704873,-72.288155,1365463939,True,1.0,1202.0,"Dartmouth College, College Street, Hanover, Grafton County, New Hampshire, 03755, United States",university,amenity,Dartmouth College,us,1.0
109,35,450.3457751869014,0.3759146704398175,0.000313785200701,2,09:04:2013 ,6,52,43.7081539,-72.2852787,1365465137,True,1.0,1198.0,"Dartmouth College, College Street, Hanover, Grafton County, New Hampshire, 03755, United States",university,amenity,Dartmouth College,us,2.0
52,35,0.4804163116146792,0.4804163116146792,0.4804163116146792,2,09:04:2013 ,10,52,43.7079052,-72.2849368,1365479538,False,0.0,14401.0,"Anonymous Hall, 64, College Street, Hanover, Grafton County, New Hampshire, 03755, United States",university,building,Anonymous Hall,us,26.0
219,35,1310.9797780589886,0.5464692697202954,0.0002277904417341,2,09:04:2013 ,11,32,43.7174564,-72.307929,1365481937,True,1.0,2399.0,"23, Hazen Street, Norwich, Windsor County, Vermont, 05055, United States",yes,building,,us,28.0
220,35,7.521543629352915,0.0031339765122303,1.3058235467626589e-06,2,09:04:2013 ,22,52,43.717422,-72.3082081,1365522737,False,0.0,40800.0,"23, Hazen Street, Norwich, Windsor County, Vermont, 05055, United States",yes,building,,us,28.0
4,35,1440.9947830482936,1.200828985873578,0.0010006908215613,2,09:04:2013 ,23,12,43.7069236,-72.2869698,1365523937,True,1.0,1200.0,"Dartmouth College, College Street, Hanover, Grafton County, New Hampshire, 03755, United States",university,amenity,Dartmouth College,us,36.0
137,35,41.8239382563188,0.0348532818802656,2.904440156688805e-05,2,09:04:2013 ,23,32,43.7066189,-72.2869661,1365525137,True,1.0,1200.0,"Dartmouth College, College Street, Hanover, Grafton County, New Hampshire, 03755, United States",university,amenity,Dartmouth College,us,12.0
138,35,3.7472746276085047,0.0031227288563404,2.6022740469503504e-06,2,09:04:2013 ,23,52,43.7065916,-72.2869686,1365526337,False,0.0,1200.0,"Dartmouth College, College Street, Hanover, Grafton County, New Hampshire, 03755, United States",university,amenity,Dartmouth College,us,12.0
73,35,24.76219971258,0.02063516642715,1.7195972022624998e-05,3,10:04:2013 ,0,12,43.706772,-72.2870435,1365527537,True,1.0,1200.0,"Dartmouth College, College Street, Hanover, Grafton County, New Hampshire, 03755, United States",university,amenity,Dartmouth College,us,25.0
139,35,20.71294693634004,0.0172607891136166,1.4383990928013914e-05,3,10:04:2013 ,0,32,43.7066211,-72.286974,1365528737,True,1.0,1200.0,"Dartmouth College, College Street, Hanover, Grafton County, New Hampshire, 03755, United States",university,amenity,Dartmouth College,us,12.0
74,35,8.043598444625149,0.0067029987038542,5.585832253211909e-06,3,10:04:2013 ,0,52,43.7066797,-72.2870546,1365529937,False,0.0,1200.0,"Dartmouth College, College Street, Hanover, Grafton County, New Hampshire, 03755, United States",university,amenity,Dartmouth College,us,25.0
5,35,29.08595930195506,0.0242382994182958,2.0198582848579905e-05,3,10:04:2013 ,1,12,43.7068916,-72.2869109,1365531137,True,1.0,1200.0,"Dartmouth College, College Street, Hanover, Grafton County, New Hampshire, 03755, United States",university,amenity,Dartmouth College,us,36.0
6,35,7.329822648774346,0.0061081855406452,5.090154617204407e-06,3,10:04:2013 ,2,52,43.7069049,-72.2869792,1365537137,False,0.0,6000.0,"Dartmouth College, College Street, Hanover, Grafton County, New Hampshire, 03755, United States",university,amenity,Dartmouth College,us,36.0
305,35,833.5274796419626,0.6940278764712428,0.000577875001225,3,10:04:2013 ,3,12,43.7008325,-72.2888274,1365538338,True,1.0,1201.0,"Hanover Park, 3, Lebanon Street, Hanover, Grafton County, New Hampshire, 03755, United States",retail,building,Hanover Park,us,1.0
53,35,987.974841569623,0.823999033836216,0.0006872385603304,3,10:04:2013 ,3,32,43.7080301,-72.2848468,1365539537,True,1.0,1199.0,"Anonymous Hall, 64, College Street, Hanover, Grafton County, New Hampshire, 03755, United States",university,building,Anonymous Hall,us,26.0
54,35,3.925685402751367,0.0032714045022928,2.726170418577338e-06,3,10:04:2013 ,4,12,43.7080197,-72.2849008,1365541937,False,0.0,2400.0,"Anonymous Hall, 64, College Street, Hanover, Grafton County, New Hampshire, 03755, United States",university,building,Anonymous Hall,us,26.0
104,35,63.88151928278568,0.0532345994023214,4.436216616860116e-05,3,10:04:2013 ,4,32,43.7084851,-72.2849615,1365543137,True,1.0,1200.0,"Remsen Medical Sciences Building, 66, College Street, Hanover, Grafton County, New Hampshire, 03755, United States",university,building,Remsen Medical Sciences Building,us,4.0
105,35,0.0,0.0,0.0,3,10:04:2013 ,5,32,43.7085093,-72.2849453,1365546737,False,0.0,3600.0,"Remsen Medical Sciences Building, 66, College Street, Hanover, Grafton County, New Hampshire, 03755, United States",university,building,Remsen Medical Sciences Building,us,4.0
55,35,65.02078271824843,0.0541839855985403,4.515332133211696e-05,3,10:04:2013 ,5,52,43.7080356,-72.2848345,1365547937,True,1.0,1200.0,"Anonymous Hall, 64, College Street, Hanover, Grafton County, New Hampshire, 03755, United States",university,building,Anonymous Hall,us,26.0
56,35,5.55910009639904,0.0046325834136658,3.860486178054889e-06,3,10:04:2013 ,7,52,43.7080212,-72.2848945,1365555137,False,0.0,7200.0,"Anonymous Hall, 64, College Street, Hanover, Grafton County, New Hampshire, 03755, United States",university,building,Anonymous Hall,us,26.0
75,35,177.05452781356837,0.1475454398446403,0.0001229545332038,3,10:04:2013 ,8,12,43.7067313,-72.2870144,1365556337,True,1.0,1200.0,"Dartmouth College, College Street, Hanover, Grafton County, New Hampshire, 03755, United States",university,amenity,Dartmouth College,us,25.0
57,35,187.3491542831389,0.156124295235949,0.0001301035793632,3,10:04:2013 ,8,32,43.7080962,-72.2850364,1365557537,True,1.0,1200.0,"Anonymous Hall, 64, College Street, Hanover, Grafton County, New Hampshire, 03755, United States",university,building,Anonymous Hall,us,26.0
256,35,1291.3909777031706,0.2152677075684565,3.588393191672887e-05,3,10:04:2013 ,10,12,43.7176699,-72.3077725,1365563537,True,1.0,6000.0,"24, Hazen Street, Norwich, Windsor County, Vermont, 05055, United States",yes,building,,us,8.0
221,35,21.08226585326682,0.0175685548777223,1.4640462398101956e-05,3,10:04:2013 ,10,32,43.7175163,-72.3081435,1365564737,True,1.0,1200.0,"23, Hazen Street, Norwich, Windsor County, Vermont, 05055, United States",yes,building,,us,28.0
257,35,16.086209505852885,0.0134051745882107,1.1170978823508948e-05,3,10:04:2013 ,12,32,43.7176357,-72.3078956,1365571937,False,0.0,7200.0,"24, Hazen Street, Norwich, Windsor County, Vermont, 05055, United States",yes,building,,us,8.0
222,35,34.46457957478091,0.028720482978984,2.393373581582008e-05,3,10:04:2013 ,12,52,43.7173846,-72.3081216,1365573137,True,1.0,1200.0,"23, Hazen Street, Norwich, Windsor County, Vermont, 05055, United States",yes,building,,us,28.0
223,35,0.2882343757169912,0.0002401953130974,2.001627609145772e-07,4,11:04:2013 ,22,27,43.717425,-72.3081196,1365694074,False,0.0,120937.0,"23, Hazen Street, Norwich, Windsor County, Vermont, 05055, United States",yes,building,,us,28.0
161,35,1167.4594631224288,0.4862388434495747,0.0002025151367969,4,11:04:2013 ,23,7,43.7089194,-72.2840608,1365696475,True,1.0,2401.0,"Life Sciences Greenhouse, 78, College Street, Hanover, Grafton County, New Hampshire, 03755, United States",house,place,Life Sciences Greenhouse,us,3.0
162,35,1.5098711698983354,0.0012582259749152,1.048521645762733e-06,4,11:04:2013 ,23,47,43.7089342,-72.2840599,1365698874,False,0.0,2399.0,"Life Sciences Greenhouse, 78, College Street, Hanover, Grafton County, New Hampshire, 03755, United States",house,place,Life Sciences Greenhouse,us,3.0
140,35,317.3769711817118,0.2644808093180931,0.0002204006744317,5,12:04:2013 ,0,7,43.706622,-72.2869856,1365700074,True,1.0,1200.0,"Dartmouth College, College Street, Hanover, Grafton County, New Hampshire, 03755, United States",university,amenity,Dartmouth College,us,12.0
122,35,0.933386980495368,0.0007771748380477,6.471064430039691e-07,5,12:04:2013 ,0,27,43.7066288,-72.2870716,1365701275,False,0.0,1201.0,"Dartmouth College, College Street, Hanover, Grafton County, New Hampshire, 03755, United States",university,amenity,Dartmouth College,us,10.0
7,35,37.82959528894695,0.0315509552034586,2.631439132898972e-05,5,12:04:2013 ,0,47,43.7069044,-72.2869951,1365702474,True,1.0,1199.0,"Dartmouth College, College Street, Hanover, Grafton County, New Hampshire, 03755, United States",university,amenity,Dartmouth College,us,36.0
245,35,506.7514095960313,0.1055952093344512,2.200358602509923e-05,5,12:04:2013 ,4,7,43.7031505,-72.2907597,1365714474,True,1.0,12000.0,"Dartmouth College, College Street, Hanover, Grafton County, New Hampshire, 03755, United States",university,amenity,Dartmouth College,us,12.0
246,35,0.1098123937429237,9.151032811910312e-05,7.625860676591928e-08,5,12:04:2013 ,6,27,43.703123,-72.2907689,1365722874,False,0.0,8400.0,"Dartmouth College, College Street, Hanover, Grafton County, New Hampshire, 03755, United States",university,amenity,Dartmouth College,us,12.0
182,35,399.39813723336,0.3320017765863342,0.0002759782016511,5,12:04:2013 ,6,47,43.7060327,-72.2887524,1365724077,True,1.0,1203.0,"Dartmouth College, College Street, Hanover, Grafton County, New Hampshire, 03755, United States",university,amenity,Dartmouth College,us,1.0
70,35,278.21729421907656,0.2324288172256278,0.0001941761213246,5,12:04:2013 ,7,7,43.7080596,-72.2851141,1365725274,True,1.0,1197.0,"Dartmouth College, College Street, Hanover, Grafton County, New Hampshire, 03755, United States",university,amenity,Dartmouth College,us,7.0
58,35,7.123885583324492,0.005936571319437,4.947142766197564e-06,5,12:04:2013 ,10,27,43.707983,-72.2849861,1365737274,False,0.0,12000.0,"Anonymous Hall, 64, College Street, Hanover, Grafton County, New Hampshire, 03755, United States",university,building,Anonymous Hall,us,26.0
224,35,1281.675377463952,0.5340314072766467,0.0002225130863652,5,12:04:2013 ,11,7,43.7173207,-72.3081404,1365739674,True,1.0,2400.0,"23, Hazen Street, Norwich, Windsor County, Vermont, 05055, United States",yes,building,,us,28.0
280,35,76.12125208661523,0.063434376738846,5.286198061570503e-05,5,12:04:2013 ,11,27,43.7178753,-72.3080796,1365740874,True,1.0,1200.0,"31, Hazen Street, Norwich, Windsor County, Vermont, 05055, United States",yes,building,,us,18.0
281,35,12.627382205526391,0.0105228185046053,8.76901542050444e-06,5,12:04:2013 ,23,27,43.7178733,-72.308059,1365784074,False,0.0,43200.0,"31, Hazen Street, Norwich, Windsor County, Vermont, 05055, United States",yes,building,,us,18.0
59,35,1121.3850066022646,0.9344875055018872,0.0007787395879182,6,13:04:2013 ,0,7,43.7080692,-72.2849827,1365786474,True,1.0,2400.0,"Anonymous Hall, 64, College Street, Hanover, Grafton County, New Hampshire, 03755, United States",university,building,Anonymous Hall,us,26.0
60,35,2.5530676687871323,0.0021275563906559,1.7729636588799528e-06,6,13:04:2013 ,4,47,43.7080282,-72.2849317,1365803274,False,0.0,16800.0,"Anonymous Hall, 64, College Street, Hanover, Grafton County, New Hampshire, 03755, United States",university,building,Anonymous Hall,us,26.0
110,35,39.229365168102696,0.0326639177086616,2.7197267034689168e-05,6,13:04:2013 ,5,7,43.708314,-72.2838389,1365804475,True,1.0,1201.0,"College Street, Hanover, Grafton County, New Hampshire, 03755, United States",bicycle_parking,amenity,,us,1.0
158,35,9.690677669414486,0.008075564724512,6.729637270426726e-06,6,13:04:2013 ,10,7,43.7079753,-72.2845646,1365822474,False,0.0,17999.0,"Vail Dartmouth Medical School, College Street, Hanover, Grafton County, New Hampshire, 03755, United States",bus_stop,highway,Vail Dartmouth Medical School,us,1.0
282,35,1355.4496423162298,0.564770684298429,0.0002353211184576,6,13:04:2013 ,10,47,43.7178505,-72.3081631,1365824874,True,1.0,2400.0,"31, Hazen Street, Norwich, Windsor County, Vermont, 05055, United States",yes,building,,us,18.0
283,35,5.709772744980556,0.0047581439541504,3.965119961792052e-06,6,13:04:2013 ,22,27,43.7178505,-72.3081631,1365866874,False,0.0,42000.0,"31, Hazen Street, Norwich, Windsor County, Vermont, 05055, United States",yes,building,,us,18.0
164,35,1566.3806835466037,0.6526586181444182,0.0002719410908935,6,13:04:2013 ,23,7,43.7064386,-72.2832925,1365869274,True,1.0,2400.0,"22, North Park Street, Hanover, Grafton County, New Hampshire, 03755, United States",dormitory,building,,us,4.0
165,35,2.251111693362092,0.001875926411135,1.5632720092792305e-06,0,14:04:2013 ,0,47,43.7064822,-72.2833868,1365875274,False,0.0,6000.0,"22, North Park Street, Hanover, Grafton County, New Hampshire, 03755, United States",dormitory,building,,us,4.0
178,35,32.07836119035353,0.0267097095673218,2.223955834081752e-05,0,14:04:2013 ,1,7,43.7062485,-72.2833192,1365876475,True,1.0,1201.0,"North Park Street, Hanover, Grafton County, New Hampshire, 03755, United States",parking,amenity,,us,2.0
227,35,365.2460640795311,0.021060143232401,1.2143310403275691e-06,0,14:04:2013 ,5,56,43.7035876,-72.2825721,1365893818,True,1.0,17343.0,"East Wheelock Street, Hanover, Grafton County, New Hampshire, 03755, United States",pitch,leisure,,us,2.0
299,35,306.55614511351706,0.0460501945491237,6.917559643852154e-06,0,14:04:2013 ,7,47,43.7013543,-72.2879858,1365900475,True,1.0,6657.0,"Dartmouth College, College Street, Hanover, Grafton County, New Hampshire, 03755, United States",university,amenity,Dartmouth College,us,2.0
179,35,656.4699179502179,0.3232249719104962,0.0001591457271838,0,14:04:2013 ,8,21,43.7061368,-72.2833037,1365902506,True,1.0,2031.0,"North Park Street, Hanover, Grafton County, New Hampshire, 03755, United States",parking,amenity,,us,2.0
332,35,1634.9692505976518,1.0427099812485023,0.0006649936104901,0,14:04:2013 ,8,47,43.7180484,-72.3073276,1365904074,True,1.0,1568.0,"16, Cliff Street, Norwich, Windsor County, Vermont, 05055, United States",house,building,,us,1.0
261,35,30.78608799154048,0.0256550733262837,2.1379227771903108e-05,0,14:04:2013 ,9,7,43.7178241,-72.3080539,1365905274,True,1.0,1200.0,"31, Hazen Street, Norwich, Windsor County, Vermont, 05055, United States",yes,building,,us,8.0
262,35,2.415673304080922,0.0020130610867341,1.6775509056117517e-06,1,15:04:2013 ,22,50,43.7178223,-72.3080579,1366041021,False,0.0,135747.0,"31, Hazen Street, Norwich, Windsor County, Vermont, 05055, United States",yes,building,,us,8.0
76,35,610.4150851909833,0.3657370192875873,0.0002191354219817,1,15:04:2013 ,23,50,43.7066753,-72.2869433,1366044621,True,1.0,3600.0,"Dartmouth College, College Street, Hanover, Grafton County, New Hampshire, 03755, United States",university,amenity,Dartmouth College,us,25.0
111,35,182.3391606318554,0.151570374590071,0.0001259936613383,2,16:04:2013 ,0,10,43.7080037,-72.286247,1366045824,True,1.0,1203.0,"Dartmouth College, College Street, Hanover, Grafton County, New Hampshire, 03755, United States",university,amenity,Dartmouth College,us,1.0
61,35,0.7686656691875632,0.0006416240978193,5.35579380483585e-07,2,16:04:2013 ,0,30,43.7080093,-72.2848931,1366047022,False,0.0,1198.0,"Anonymous Hall, 64, College Street, Hanover, Grafton County, New Hampshire, 03755, United States",university,building,Anonymous Hall,us,26.0
141,35,191.0004358654872,0.0530704184121942,1.4745878969767791e-05,2,16:04:2013 ,1,30,43.7066178,-72.2870099,1366050621,True,1.0,3599.0,"Dartmouth College, College Street, Hanover, Grafton County, New Hampshire, 03755, United States",university,amenity,Dartmouth College,us,12.0
142,35,3.651191168446888,0.003042659307039,2.535549422532561e-06,2,16:04:2013 ,5,50,43.706594,-72.2869498,1366066221,False,0.0,15600.0,"Dartmouth College, College Street, Hanover, Grafton County, New Hampshire, 03755, United States",university,amenity,Dartmouth College,us,12.0
263,35,1539.161829711369,0.0754491092995769,3.69848574997926e-06,2,16:04:2013 ,11,30,43.7178076,-72.3080881,1366086621,True,1.0,20400.0,"31, Hazen Street, Norwich, Windsor County, Vermont, 05055, United States",yes,building,,us,8.0
264,35,7.466625572702218,0.0062221879772518,5.185156647709873e-06,2,16:04:2013 ,19,10,43.7178103,-72.3080903,1366114221,False,0.0,27600.0,"31, Hazen Street, Norwich, Windsor County, Vermont, 05055, United States",yes,building,,us,8.0
113,35,1252.9430653915392,0.0100551579396947,8.069496849851707e-08,4,18:04:2013 ,5,47,43.7086819,-72.286145,1366238828,True,1.0,124607.0,"F Lot Parking, 1, Dewey Field Road, Hanover, Grafton County, New Hampshire, 03755, United States",parking,amenity,F Lot Parking,us,4.0
272,35,810.2243447736018,0.3433154003277974,0.0001454726272575,4,18:04:2013 ,6,27,43.7029562,-72.2908772,1366241228,True,1.0,2400.0,"Dartmouth College, College Street, Hanover, Grafton County, New Hampshire, 03755, United States",university,amenity,Dartmouth College,us,11.0
273,35,16.10125607249481,0.0134177133937456,1.1181427828121397e-05,4,18:04:2013 ,7,7,43.7029106,-72.2909236,1366243628,False,0.0,2400.0,"Dartmouth College, College Street, Hanover, Grafton County, New Hampshire, 03755, United States",university,amenity,Dartmouth College,us,11.0
159,35,524.9119553045393,0.4370624107448287,0.0003639154127767,4,18:04:2013 ,7,27,43.7067347,-72.2872248,1366244829,True,1.0,1201.0,"Dartmouth College, College Street, Hanover, Grafton County, New Hampshire, 03755, United States",university,amenity,Dartmouth College,us,1.0
174,35,21.86595901895439,0.0182368298740236,1.5210033256066453e-05,4,18:04:2013 ,7,47,43.7065754,-72.2869823,1366246028,True,1.0,1199.0,"Dartmouth College, College Street, Hanover, Grafton County, New Hampshire, 03755, United States",university,amenity,Dartmouth College,us,3.0
143,35,4.694388732418594,0.0039119906103488,3.2599921752906905e-06,4,18:04:2013 ,12,7,43.7065944,-72.2869604,1366261628,False,0.0,15600.0,"Dartmouth College, College Street, Hanover, Grafton County, New Hampshire, 03755, United States",university,amenity,Dartmouth College,us,12.0
259,35,1507.0031534246546,0.627917980593606,0.000261632491914,4,18:04:2013 ,12,47,43.7175737,-72.3084026,1366264028,True,1.0,2400.0,"23, Hazen Street, Norwich, Windsor County, Vermont, 05055, United States",yes,building,,us,2.0
284,35,38.55471647884038,0.0321289303990336,2.677410866586138e-05,4,18:04:2013 ,13,7,43.7178546,-72.3081453,1366265228,True,1.0,1200.0,"31, Hazen Street, Norwich, Windsor County, Vermont, 05055, United States",yes,building,,us,18.0
285,35,0.150979547352161,0.0001258162894601,1.0484690788344517e-07,4,18:04:2013 ,23,47,43.7178546,-72.3081453,1366303628,False,0.0,38400.0,"31, Hazen Street, Norwich, Windsor County, Vermont, 05055, United States",yes,building,,us,18.0
77,35,1533.1081355702124,0.6387950564875885,0.0002661646068698,5,19:04:2013 ,0,27,43.7066851,-72.2869537,1366306028,True,1.0,2400.0,"Dartmouth College, College Street, Hanover, Grafton County, New Hampshire, 03755, United States",university,amenity,Dartmouth College,us,25.0
8,35,28.783980738487035,0.0239866506154058,1.998887551283821e-05,5,19:04:2013 ,0,47,43.7068948,-72.2869037,1366307228,True,1.0,1200.0,"Dartmouth College, College Street, Hanover, Grafton County, New Hampshire, 03755, United States",university,amenity,Dartmouth College,us,36.0
9,35,16.27933734318477,0.0135661144526539,1.1305095377211646e-05,5,19:04:2013 ,3,7,43.7070096,-72.2868682,1366315628,False,0.0,8400.0,"Dartmouth College, College Street, Hanover, Grafton County, New Hampshire, 03755, United States",university,amenity,Dartmouth College,us,36.0
78,35,26.354413272992367,0.0219620110608269,1.830167588402248e-05,5,19:04:2013 ,3,27,43.7068176,-72.2869099,1366316828,True,1.0,1200.0,"Dartmouth College, College Street, Hanover, Grafton County, New Hampshire, 03755, United States",university,amenity,Dartmouth College,us,25.0
79,35,0.9196597264233808,0.0007663831053528,6.386525877940145e-07,5,19:04:2013 ,3,47,43.7068109,-72.286924,1366318028,False,0.0,1200.0,"Dartmouth College, College Street, Hanover, Grafton County, New Hampshire, 03755, United States",university,amenity,Dartmouth College,us,25.0
237,35,209.5186045461641,0.1744534592391041,0.0001452568353364,5,19:04:2013 ,4,7,43.7052845,-72.2893449,1366319229,True,1.0,1201.0,"Dartmouth College, College Street, Hanover, Grafton County, New Hampshire, 03755, United States",university,amenity,Dartmouth College,us,1.0
274,35,320.33468816652265,0.2667233040520588,0.0002220843497519,5,19:04:2013 ,4,27,43.7029508,-72.2908683,1366320430,True,1.0,1201.0,"Dartmouth College, College Street, Hanover, Grafton County, New Hampshire, 03755, United States",university,amenity,Dartmouth College,us,11.0
247,35,5.380807950726186,0.0044840066256051,3.736672188004296e-06,5,19:04:2013 ,6,27,43.7031201,-72.2906794,1366327629,False,0.0,7199.0,"Dartmouth College, College Street, Hanover, Grafton County, New Hampshire, 03755, United States",university,amenity,Dartmouth College,us,12.0
275,35,24.556809188121232,0.0204640076567676,1.7053339713973075e-05,5,19:04:2013 ,6,47,43.7029412,-72.2909345,1366328829,True,1.0,1200.0,"Dartmouth College, College Street, Hanover, Grafton County, New Hampshire, 03755, United States",university,amenity,Dartmouth College,us,11.0
276,35,3.6238129483819015,0.0030198441236515,2.5165367697096538e-06,5,19:04:2013 ,7,7,43.7029148,-72.2909292,1366330029,False,0.0,1200.0,"Dartmouth College, College Street, Hanover, Grafton County, New Hampshire, 03755, United States",university,amenity,Dartmouth College,us,11.0
175,35,480.2191657186713,0.4001826380988927,0.000333485531749,5,19:04:2013 ,7,27,43.7064133,-72.2833566,1366331229,True,1.0,1200.0,"20, North Park Street, Hanover, Grafton County, New Hampshire, 03755, United States",dormitory,building,,us,1.0
265,35,1547.165316882095,0.0284866202106734,5.244995619876533e-07,5,19:04:2013 ,22,32,43.7176852,-72.3080824,1366385542,True,1.0,54313.0,"31, Hazen Street, Norwich, Windsor County, Vermont, 05055, United States",yes,building,,us,8.0
155,35,1126.3490359555335,0.4691166330510343,0.0001953838538321,5,19:04:2013 ,23,52,43.7088709,-72.2850606,1366390344,True,1.0,4802.0,"Vail, 74, College Street, Hanover, Grafton County, New Hampshire, 03755, United States",university,building,Vail,us,1.0
149,35,2.690318084642852,0.0022419317372023,1.868276447668647e-06,6,20:04:2013 ,1,32,43.7087942,-72.2864048,1366396342,False,0.0,5998.0,"37, Dewey Field Road, Hanover, Grafton County, New Hampshire, 03755, United States",university,building,,us,6.0
168,35,25.39329385800896,0.0211610782150074,1.763423184583955e-05,6,20:04:2013 ,1,52,43.7089792,-72.2864202,1366397542,True,1.0,1200.0,"Dartmouth College, College Street, Hanover, Grafton County, New Hampshire, 03755, United States",university,amenity,Dartmouth College,us,4.0
169,35,0.0,0.0,0.0,6,20:04:2013 ,2,12,43.7089189,-72.2864302,1366398743,False,0.0,1201.0,"Dartmouth College, College Street, Hanover, Grafton County, New Hampshire, 03755, United States",university,amenity,Dartmouth College,us,4.0
166,35,336.7173354383074,0.1403573720042965,5.850661609182848e-05,6,20:04:2013 ,2,52,43.7064658,-72.2833713,1366401142,True,1.0,2399.0,"22, North Park Street, Hanover, Grafton County, New Hampshire, 03755, United States",dormitory,building,,us,4.0
10,35,71.82957753412872,0.0598579812784405,4.9881651065367165e-05,6,20:04:2013 ,3,12,43.7069891,-72.2869102,1366402342,True,1.0,1200.0,"Dartmouth College, College Street, Hanover, Grafton County, New Hampshire, 03755, United States",university,amenity,Dartmouth College,us,36.0
11,35,20.122692387535576,0.0167689103229463,1.3974091935788594e-05,6,20:04:2013 ,3,32,43.7068425,-72.2870399,1366403542,True,1.0,1200.0,"Dartmouth College, College Street, Hanover, Grafton County, New Hampshire, 03755, United States",university,amenity,Dartmouth College,us,36.0
300,35,753.9677710670426,0.0897580679841717,1.0685484283829967e-05,6,20:04:2013 ,5,52,43.7013497,-72.2879861,1366411942,True,1.0,8400.0,"Dartmouth College, College Street, Hanover, Grafton County, New Hampshire, 03755, United States",university,amenity,Dartmouth College,us,2.0
303,35,211.6646608383296,0.0882303713373612,3.677797888176792e-05,6,20:04:2013 ,6,32,43.7028234,-72.29003,1366414342,True,1.0,2400.0,"Collis Student Center, 2, North Main Street, Hanover, Grafton County, New Hampshire, 03755, United States",university,building,Collis Student Center,us,4.0
304,35,0.2470782981924491,0.000205898581827,1.7158215152253412e-07,6,20:04:2013 ,6,52,43.7028252,-72.2900484,1366415542,False,0.0,1200.0,"Collis Student Center, 2, North Main Street, Hanover, Grafton County, New Hampshire, 03755, United States",university,building,Collis Student Center,us,4.0
189,35,340.3068066349295,0.2833528781306657,0.000235930789451,6,20:04:2013 ,7,12,43.7053044,-72.2832153,1366416743,True,1.0,1201.0,"10, North Park Street, Hanover, Grafton County, New Hampshire, 03755, United States",dormitory,building,,us,14.0
286,35,1722.380484118909,0.2050697087890116,2.441596723288625e-05,6,20:04:2013 ,9,32,43.7178528,-72.3082023,1366425142,True,1.0,8399.0,"31, Hazen Street, Norwich, Windsor County, Vermont, 05055, United States",yes,building,,us,18.0
325,35,2.250967278946967,0.0018758060657891,1.5631717214909491e-06,6,20:04:2013 ,23,32,43.717903,-72.3081522,1366475542,False,0.0,50400.0,"37, Hazen Street, Norwich, Windsor County, Vermont, 05055, United States",yes,building,,us,3.0
190,35,1722.6545259720865,0.717772719155036,0.0002990719663145,0,21:04:2013 ,0,12,43.7053526,-72.2831888,1366477942,True,1.0,2400.0,"10, North Park Street, Hanover, Grafton County, New Hampshire, 03755, United States",dormitory,building,,us,14.0
191,35,2.004051643671376,0.0016700430363928,1.391702530327344e-06,0,21:04:2013 ,6,12,43.7053098,-72.2831915,1366499542,False,0.0,21600.0,"10, North Park Street, Hanover, Grafton County, New Hampshire, 03755, United States",dormitory,building,,us,14.0
233,35,176.11009719244248,0.0209629921666994,2.495297246363468e-06,0,21:04:2013 ,8,32,43.7040268,-72.2831763,1366507943,True,1.0,8401.0,"Alpha Xi Delta, 17, East Wheelock Street, Hanover, Grafton County, New Hampshire, 03755, United States",social_centre,amenity,Alpha Xi Delta,us,1.0
287,35,1896.6787729572195,0.7906122438337722,0.0003295590845493,0,21:04:2013 ,9,12,43.717845,-72.3081408,1366510342,True,1.0,2399.0,"31, Hazen Street, Norwich, Windsor County, Vermont, 05055, United States",yes,building,,us,18.0
288,35,7.411724377363774,0.0061764369811364,5.1470308176137324e-06,1,22:04:2013 ,23,9,43.7178534,-72.3081432,1366646961,False,0.0,136619.0,"31, Hazen Street, Norwich, Windsor County, Vermont, 05055, United States",yes,building,,us,18.0
12,35,1495.6766239061762,1.2463971865884802,0.001038664322157,1,22:04:2013 ,23,29,43.7069566,-72.2868796,1366648161,True,1.0,1200.0,"Dartmouth College, College Street, Hanover, Grafton County, New Hampshire, 03755, United States",university,amenity,Dartmouth College,us,36.0
80,35,19.97170926469511,0.0166430910539125,1.386924254492716e-05,2,23:04:2013 ,2,9,43.7067922,-72.2869249,1366657761,False,0.0,9600.0,"Dartmouth College, College Street, Hanover, Grafton County, New Hampshire, 03755, United States",university,amenity,Dartmouth College,us,25.0
13,35,21.39923975039586,0.0178326997919965,1.4860583159997127e-05,2,23:04:2013 ,2,29,43.7069481,-72.2868658,1366658961,True,1.0,1200.0,"Dartmouth College, College Street, Hanover, Grafton County, New Hampshire, 03755, United States",university,amenity,Dartmouth College,us,36.0
14,35,7.563166082524471,0.0063078949812547,5.260963287118241e-06,2,23:04:2013 ,5,49,43.7069759,-72.2868625,1366670961,False,0.0,12000.0,"Dartmouth College, College Street, Hanover, Grafton County, New Hampshire, 03755, United States",university,amenity,Dartmouth College,us,36.0
81,35,25.48966346148132,0.021241386217901,1.7701155181584246e-05,2,23:04:2013 ,6,9,43.7067902,-72.2869158,1366672161,True,1.0,1200.0,"Dartmouth College, College Street, Hanover, Grafton County, New Hampshire, 03755, United States",university,amenity,Dartmouth College,us,25.0
82,35,2.20992948479729,0.0018416079039977,1.5346732533314516e-06,2,23:04:2013 ,7,29,43.7067508,-72.2869304,1366676961,False,0.0,4800.0,"Dartmouth College, College Street, Hanover, Grafton County, New Hampshire, 03755, United States",university,amenity,Dartmouth College,us,25.0
15,35,33.162644525841394,0.0276355371048678,2.3029614254056523e-05,2,23:04:2013 ,7,49,43.7069924,-72.2868942,1366678161,True,1.0,1200.0,"Dartmouth College, College Street, Hanover, Grafton County, New Hampshire, 03755, United States",university,amenity,Dartmouth College,us,36.0
16,35,0.6863125499239694,0.6863125499239694,0.6863125499239694,2,23:04:2013 ,8,29,43.7069879,-72.2868911,1366680562,False,0.0,2401.0,"Dartmouth College, College Street, Hanover, Grafton County, New Hampshire, 03755, United States",university,amenity,Dartmouth College,us,36.0
289,35,1491.2567782109188,0.2071477674970022,2.8774519724545385e-05,2,23:04:2013 ,10,29,43.7178525,-72.3081993,1366687761,True,1.0,7199.0,"31, Hazen Street, Norwich, Windsor County, Vermont, 05055, United States",yes,building,,us,18.0
266,35,0.0549016684785363,0.0109803336957072,0.0021960667391414,3,24:04:2013 ,0,9,43.7178071,-72.3081414,1366736966,False,0.0,49205.0,"31, Hazen Street, Norwich, Windsor County, Vermont, 05055, United States",yes,building,,us,8.0
157,35,844.8836270823803,0.3521815869455524,0.0001468034960173,3,24:04:2013 ,1,29,43.7089245,-72.2854225,1366741761,True,1.0,4795.0,"F Lot Parking, 1, Dewey Field Road, Hanover, Grafton County, New Hampshire, 03755, United States",parking,amenity,F Lot Parking,us,1.0
150,35,26.40903427468295,0.0220075285622357,1.8339607135196493e-05,3,24:04:2013 ,1,49,43.7087321,-72.2863743,1366742961,True,1.0,1200.0,"37, Dewey Field Road, Hanover, Grafton County, New Hampshire, 03755, United States",university,building,,us,6.0
151,35,4.7629620336113545,0.0039691350280094,3.3076125233412184e-06,3,24:04:2013 ,2,9,43.7087668,-72.2863938,1366744161,False,0.0,1200.0,"37, Dewey Field Road, Hanover, Grafton County, New Hampshire, 03755, United States",university,building,,us,6.0
112,35,39.43515743412409,0.0328079512763095,2.7294468615898137e-05,3,24:04:2013 ,2,29,43.7084795,-72.2860535,1366745363,True,1.0,1202.0,"Dartmouth College, College Street, Hanover, Grafton County, New Hampshire, 03755, United States",university,amenity,Dartmouth College,us,1.0
152,35,6.341466534609002,0.0052845554455075,4.403796204589584e-06,3,24:04:2013 ,4,29,43.7087379,-72.2863537,1366752561,False,0.0,7198.0,"37, Dewey Field Road, Hanover, Grafton County, New Hampshire, 03755, United States",university,building,,us,6.0
106,35,31.40537418381369,0.026149354024824,2.1772984200519613e-05,3,24:04:2013 ,4,49,43.7085091,-72.2848956,1366753762,True,1.0,1201.0,"Remsen Medical Sciences Building, 66, College Street, Hanover, Grafton County, New Hampshire, 03755, United States",university,building,Remsen Medical Sciences Building,us,4.0
107,35,1.7294929623137392,0.0014412441352614,1.201036779384541e-06,3,24:04:2013 ,5,29,43.7085061,-72.2849357,1366756161,False,0.0,2399.0,"Remsen Medical Sciences Building, 66, College Street, Hanover, Grafton County, New Hampshire, 03755, United States",university,building,Remsen Medical Sciences Building,us,4.0
192,35,438.4578359610449,0.0332165027243215,2.5164017215395138e-06,3,24:04:2013 ,9,9,43.7053118,-72.2832068,1366769361,True,1.0,13200.0,"10, North Park Street, Hanover, Grafton County, New Hampshire, 03755, United States",dormitory,building,,us,14.0
290,35,1721.3372472861454,0.7175228208779264,0.0002990924638924,3,24:04:2013 ,10,29,43.7178561,-72.3080936,1366774161,True,1.0,4800.0,"31, Hazen Street, Norwich, Windsor County, Vermont, 05055, United States",yes,building,,us,18.0
267,35,0.3568608862383783,0.0002973840718653,2.478200598877628e-07,3,24:04:2013 ,23,29,43.7177837,-72.3081527,1366820961,False,0.0,46800.0,"31, Hazen Street, Norwich, Windsor County, Vermont, 05055, United States",yes,building,,us,8.0
167,35,1546.7801247740804,1.2889834373117337,0.0010741528644264,3,24:04:2013 ,23,49,43.7065146,-72.2834161,1366822161,True,1.0,1200.0,"22, North Park Street, Hanover, Grafton County, New Hampshire, 03755, United States",dormitory,building,,us,4.0
129,35,308.33187361263384,0.1285251661578298,5.3574475263789016e-05,4,25:04:2013 ,0,49,43.7086346,-72.2853969,1366825761,True,1.0,3600.0,"F Lot Parking, 1, Dewey Field Road, Hanover, Grafton County, New Hampshire, 03755, United States",parking,amenity,F Lot Parking,us,1.0
114,35,6.945419170613838,0.0057878493088448,4.823207757370721e-06,4,25:04:2013 ,5,29,43.7086519,-72.2861052,1366842561,False,0.0,16800.0,"F Lot Parking, 1, Dewey Field Road, Hanover, Grafton County, New Hampshire, 03755, United States",parking,amenity,F Lot Parking,us,4.0
298,35,840.3825971866016,0.6997357178905925,0.0005826275752627,4,25:04:2013 ,5,49,43.7025295,-72.2894441,1366843762,True,1.0,1201.0,"Dartmouth College, College Street, Hanover, Grafton County, New Hampshire, 03755, United States",university,amenity,Dartmouth College,us,1.0
17,35,613.1593027684676,0.1704167044937375,4.736428696324e-05,4,25:04:2013 ,6,49,43.7069965,-72.2868583,1366847361,True,1.0,3599.0,"Dartmouth College, College Street, Hanover, Grafton County, New Hampshire, 03755, United States",university,amenity,Dartmouth College,us,36.0
18,35,3.211942598053595,0.0026766188317113,2.2305156930927744e-06,4,25:04:2013 ,7,29,43.7069861,-72.2869166,1366849761,False,0.0,2400.0,"Dartmouth College, College Street, Hanover, Grafton County, New Hampshire, 03755, United States",university,amenity,Dartmouth College,us,36.0
160,35,267.7153393433033,0.0011295624592558,4.765925450853218e-09,0,28:04:2013 ,1,19,43.7089365,-72.2861483,1367086769,True,1.0,237008.0,"37, Dewey Field Road, Hanover, Grafton County, New Hampshire, 03755, United States",university,building,,us,1.0
153,35,26.51884142078496,0.0219708711025558,1.820287580990546e-05,0,28:04:2013 ,1,39,43.7087433,-72.2863311,1367087976,True,1.0,1207.0,"37, Dewey Field Road, Hanover, Grafton County, New Hampshire, 03755, United States",university,building,,us,6.0
154,35,17.336077753386025,0.014446731461155,1.2038942884295852e-05,0,28:04:2013 ,5,39,43.7087475,-72.286299,1367102376,False,0.0,14400.0,"37, Dewey Field Road, Hanover, Grafton County, New Hampshire, 03755, United States",university,building,,us,6.0
307,35,1111.799467963602,0.4630568379690137,0.0001928599908242,0,28:04:2013 ,6,19,43.7006478,-72.2871893,1367104777,True,1.0,2401.0,"Sargent Place, Hanover, Grafton County, New Hampshire, 03755, United States",parking,amenity,,us,1.0
306,35,16.444624506922256,0.0137152831584005,1.1438935077898704e-05,0,28:04:2013 ,6,59,43.700816,-72.2870936,1367107176,False,0.0,2399.0,"Four Seasons | Sotheby's, 17 1/2, Lebanon Street, Hanover, Grafton County, New Hampshire, 03755, United States",estate_agent,office,Four Seasons | Sotheby's,us,1.0
291,35,49.658595997227984,0.0413821633310233,3.44851361091861e-05,0,28:04:2013 ,12,39,43.7178543,-72.3081498,1367127576,True,1.0,20400.0,"31, Hazen Street, Norwich, Windsor County, Vermont, 05055, United States",yes,building,,us,18.0
268,35,1.2764637182366618,0.0010637197651972,8.864331376643485e-07,0,28:04:2013 ,22,19,43.7178113,-72.3081406,1367162376,False,0.0,34800.0,"31, Hazen Street, Norwich, Windsor County, Vermont, 05055, United States",yes,building,,us,8.0
316,35,2.553775301040317,0.0007093820280667,1.970505633518763e-07,1,29:04:2013 ,10,59,43.6586745,-72.24873,1367207976,False,0.0,45600.0,"Wheelock Office Park, 31, Old Etna Road, Lebanon, Grafton County, New Hampshire, 03766, United States",office,building,Wheelock Office Park,us,9.0
292,35,21.6038102251892,0.0180031751876576,1.5002645989714716e-05,1,29:04:2013 ,11,39,43.7178539,-72.3082016,1367210376,True,1.0,2400.0,"31, Hazen Street, Norwich, Windsor County, Vermont, 05055, United States",yes,building,,us,18.0
293,35,0.0137254135094957,1.1437844591246491e-05,9.531537159372078e-09,1,29:04:2013 ,20,19,43.7178536,-72.3081538,1367241576,False,0.0,31200.0,"31, Hazen Street, Norwich, Windsor County, Vermont, 05055, United States",yes,building,,us,18.0
180,35,1213.2331358868173,0.3370092044130048,9.361366789250131e-05,1,29:04:2013 ,21,19,43.7090145,-72.2841198,1367245176,True,1.0,3600.0,"Life Sciences Greenhouse, 78, College Street, Hanover, Grafton County, New Hampshire, 03755, United States",house,place,Life Sciences Greenhouse,us,1.0
163,35,8.318013440999586,0.0069316778674996,5.77639822291638e-06,1,29:04:2013 ,21,59,43.7089861,-72.284039,1367247576,False,0.0,2400.0,"Life Sciences Greenhouse, 78, College Street, Hanover, Grafton County, New Hampshire, 03755, United States",house,place,Life Sciences Greenhouse,us,3.0
308,35,808.0824238497827,0.2244050052345967,6.231741328369806e-05,1,29:04:2013 ,22,59,43.703099,-72.2911369,1367251177,True,1.0,3601.0,"Dartmouth College, College Street, Hanover, Grafton County, New Hampshire, 03755, United States",university,amenity,Dartmouth College,us,2.0
170,35,811.4178652163828,0.3382317070514309,0.0001409886231977,1,29:04:2013 ,23,39,43.7090104,-72.2865599,1367253576,True,1.0,2399.0,"Dartmouth College, College Street, Hanover, Grafton County, New Hampshire, 03755, United States",university,amenity,Dartmouth College,us,4.0
171,35,15.53794560759938,0.0129482880063328,1.0790240005277347e-05,2,30:04:2013 ,1,59,43.7090007,-72.2864725,1367261976,False,0.0,8400.0,"Dartmouth College, College Street, Hanover, Grafton County, New Hampshire, 03755, United States",university,amenity,Dartmouth College,us,4.0
144,35,328.1519803068811,0.2734599835890676,0.0002278833196575,2,30:04:2013 ,2,19,43.70661,-72.2869591,1367263176,True,1.0,1200.0,"Dartmouth College, College Street, Hanover, Grafton County, New Hampshire, 03755, United States",university,amenity,Dartmouth College,us,12.0
83,35,14.275325944222498,0.0116059560522134,9.435736627815784e-06,2,30:04:2013 ,3,39,43.7067317,-72.2869007,1367267976,False,0.0,4800.0,"Dartmouth College, College Street, Hanover, Grafton County, New Hampshire, 03755, United States",university,amenity,Dartmouth College,us,25.0
193,35,190.71355257731227,0.1589279604810935,0.0001324399670675,2,30:04:2013 ,3,59,43.7053423,-72.2832027,1367269176,True,1.0,1200.0,"10, North Park Street, Hanover, Grafton County, New Hampshire, 03755, United States",dormitory,building,,us,14.0
194,35,3.3080575558312826,0.0008996621038431,2.4467285935359134e-07,2,30:04:2013 ,5,39,43.7053305,-72.2831861,1367275176,False,0.0,6000.0,"10, North Park Street, Hanover, Grafton County, New Hampshire, 03755, United States",dormitory,building,,us,14.0
277,35,328.25483116553795,0.1367728463189741,5.698868596623923e-05,2,30:04:2013 ,6,19,43.7029391,-72.2909353,1367277576,True,1.0,2400.0,"Dartmouth College, College Street, Hanover, Grafton County, New Hampshire, 03755, United States",university,amenity,Dartmouth College,us,11.0
248,35,0.2745310651044143,0.0002226529319581,1.805782092118106e-07,2,30:04:2013 ,8,19,43.7030688,-72.2906761,1367284776,False,0.0,7200.0,"Dartmouth College, College Street, Hanover, Grafton County, New Hampshire, 03755, United States",university,amenity,Dartmouth College,us,12.0
317,35,11.39587789003678,0.00481651643704,2.0357212328994336e-06,2,30:04:2013 ,11,59,43.6586601,-72.2487128,1367297942,False,0.0,13166.0,"Wheelock Office Park, 31, Old Etna Road, Lebanon, Grafton County, New Hampshire, 03766, United States",office,building,Wheelock Office Park,us,9.0
294,35,0.1647049610242589,0.0001457566026763,1.289881439613587e-07,2,30:04:2013 ,20,38,43.717855,-72.3081453,1367329106,False,0.0,31164.0,"31, Hazen Street, Norwich, Windsor County, Vermont, 05055, United States",yes,building,,us,18.0
115,35,1262.3725950320754,0.002366812523965,4.437518325130706e-09,2,07:05:2013 ,0,47,43.7086579,-72.2861054,1367862470,True,1.0,533364.0,"F Lot Parking, 1, Dewey Field Road, Hanover, Grafton County, New Hampshire, 03755, United States",parking,amenity,F Lot Parking,us,4.0
116,35,2.594237420284748,0.0016063389599286,9.946371268907964e-07,2,07:05:2013 ,1,34,43.7086481,-72.2861594,1367865285,False,0.0,2815.0,"F Lot Parking, 1, Dewey Field Road, Hanover, Grafton County, New Hampshire, 03755, United States",parking,amenity,F Lot Parking,us,4.0
145,35,274.00240712407253,0.2285257774179087,0.0001905969786638,2,07:05:2013 ,1,54,43.7066519,-72.286893,1367866484,True,1.0,1199.0,"Dartmouth College, College Street, Hanover, Grafton County, New Hampshire, 03755, United States",university,amenity,Dartmouth College,us,12.0
19,35,35.24905414565086,0.0004055857753011,4.666786814958025e-09,3,08:05:2013 ,2,3,43.7069087,-72.2869234,1367953393,True,1.0,86909.0,"Dartmouth College, College Street, Hanover, Grafton County, New Hampshire, 03755, United States",university,amenity,Dartmouth College,us,36.0
20,35,0.9471117423320992,0.0007892597852767,6.577164877306245e-07,3,08:05:2013 ,3,43,43.7069143,-72.2869544,1367959397,False,0.0,6004.0,"Dartmouth College, College Street, Hanover, Grafton County, New Hampshire, 03755, United States",university,amenity,Dartmouth College,us,36.0
318,35,6.082377241717516,0.0050686477014312,4.223873084526052e-06,3,08:05:2013 ,20,31,43.6587518,-72.2486912,1368019906,False,0.0,60509.0,"Wheelock Office Park, 31, Old Etna Road, Lebanon, Grafton County, New Hampshire, 03766, United States",office,building,Wheelock Office Park,us,9.0
156,35,10.514193055353442,0.0087618275461278,7.301522955106557e-06,3,08:05:2013 ,22,11,43.7089028,-72.2842448,1368025906,False,0.0,6000.0,"Dewey Field Road, Hanover, Grafton County, New Hampshire, 03755, United States",bicycle_parking,amenity,,us,1.0
21,35,278.54540676044024,0.2319278990511575,0.000193112322274,3,08:05:2013 ,22,31,43.7068735,-72.2869449,1368027107,True,1.0,1201.0,"Dartmouth College, College Street, Hanover, Grafton County, New Hampshire, 03755, United States",university,amenity,Dartmouth College,us,36.0
22,35,0.2745250630658299,0.0002287708858881,1.906424049068264e-07,4,09:05:2013 ,0,51,43.7069636,-72.2868986,1368035506,False,0.0,8399.0,"Dartmouth College, College Street, Hanover, Grafton County, New Hampshire, 03755, United States",university,amenity,Dartmouth College,us,36.0
84,35,22.88167456207189,0.0190680621350599,1.5890051779216587e-05,4,09:05:2013 ,1,11,43.7067969,-72.2869548,1368036706,True,1.0,1200.0,"Dartmouth College, College Street, Hanover, Grafton County, New Hampshire, 03755, United States",university,amenity,Dartmouth College,us,25.0
23,35,20.98745156676986,0.0174895429723082,1.457461914359018e-05,4,09:05:2013 ,1,31,43.7069498,-72.2869127,1368037906,True,1.0,1200.0,"Dartmouth College, College Street, Hanover, Grafton County, New Hampshire, 03755, United States",university,amenity,Dartmouth College,us,36.0
24,35,0.0137262542586911,1.1438545215575972e-05,9.532121012979975e-09,4,09:05:2013 ,1,51,43.7069499,-72.286907,1368039106,False,0.0,1200.0,"Dartmouth College, College Street, Hanover, Grafton County, New Hampshire, 03755, United States",university,amenity,Dartmouth College,us,36.0
123,35,4.776744821033331,0.0039806206841944,3.3171839034953685e-06,4,09:05:2013 ,5,31,43.7066546,-72.2869989,1368052306,False,0.0,13200.0,"Dartmouth College, College Street, Hanover, Grafton County, New Hampshire, 03755, United States",university,amenity,Dartmouth College,us,10.0
278,35,508.6736625345829,0.211859084770755,8.823785288244692e-05,4,09:05:2013 ,6,11,43.7029488,-72.2909269,1368054707,True,1.0,2401.0,"Dartmouth College, College Street, Hanover, Grafton County, New Hampshire, 03755, United States",university,amenity,Dartmouth College,us,11.0
279,35,1.990351656409589,0.0016600097217761,1.384495180797446e-06,4,09:05:2013 ,6,31,43.7029343,-72.2909623,1368055906,False,0.0,1199.0,"Dartmouth College, College Street, Hanover, Grafton County, New Hampshire, 03755, United States",university,amenity,Dartmouth College,us,11.0
295,35,0.0137254129028387,1.5640783215396113e-07,1.782344191193121e-12,5,10:05:2013 ,22,14,43.7178535,-72.3081462,1368198860,False,0.0,142954.0,"31, Hazen Street, Norwich, Windsor County, Vermont, 05055, United States",yes,building,,us,18.0
228,35,1980.5338845699628,1.6518214216596854,0.0013776659063049,5,10:05:2013 ,22,34,43.7034244,-72.291229,1368200059,True,1.0,1199.0,"Mass Parking Lot, 14, Mass Row, Hanover, Grafton County, New Hampshire, 03755, United States",parking,amenity,Mass Parking Lot,us,1.0
235,35,0.0,0.0,0.0,5,10:05:2013 ,23,14,43.7033065,-72.2914928,1368202459,False,0.0,2400.0,"Dartmouth College, College Street, Hanover, Grafton County, New Hampshire, 03755, United States",university,amenity,Dartmouth College,us,1.0
146,35,452.9440048653177,0.1887266686938823,7.863611195578432e-05,5,10:05:2013 ,23,54,43.7066063,-72.2869762,1368204859,True,1.0,2400.0,"Dartmouth College, College Street, Hanover, Grafton County, New Hampshire, 03755, United States",university,amenity,Dartmouth College,us,12.0
85,35,21.89340775976504,0.0182445064664708,1.5203755388725715e-05,6,11:05:2013 ,0,14,43.7067658,-72.2869119,1368206059,True,1.0,1200.0,"Dartmouth College, College Street, Hanover, Grafton County, New Hampshire, 03755, United States",university,amenity,Dartmouth College,us,25.0
147,35,22.428732709569765,0.0186906105913081,1.5575508826090114e-05,6,11:05:2013 ,0,34,43.7066024,-72.2869435,1368207259,True,1.0,1200.0,"Dartmouth College, College Street, Hanover, Grafton County, New Hampshire, 03755, United States",university,amenity,Dartmouth College,us,12.0
86,35,22.05812346220512,0.0183817695518375,1.5318141293197995e-05,6,11:05:2013 ,0,54,43.7067631,-72.2869747,1368208459,True,1.0,1200.0,"Dartmouth College, College Street, Hanover, Grafton County, New Hampshire, 03755, United States",university,amenity,Dartmouth College,us,25.0
148,35,20.410969809092528,0.0170091415075771,1.4174284589647589e-05,6,11:05:2013 ,1,14,43.7066144,-72.2870084,1368209659,True,1.0,1200.0,"Dartmouth College, College Street, Hanover, Grafton County, New Hampshire, 03755, United States",university,amenity,Dartmouth College,us,12.0
25,35,4.708107880805011,0.0039234232340041,3.2695193616701467e-06,6,11:05:2013 ,2,14,43.7068642,-72.2869489,1368213259,False,0.0,3600.0,"Dartmouth College, College Street, Hanover, Grafton County, New Hampshire, 03755, United States",university,amenity,Dartmouth College,us,36.0
87,35,20.45213703475241,0.0170434475289603,1.4202872940800288e-05,6,11:05:2013 ,2,34,43.7067152,-72.2869475,1368214459,True,1.0,1200.0,"Dartmouth College, College Street, Hanover, Grafton County, New Hampshire, 03755, United States",university,amenity,Dartmouth College,us,25.0
88,35,2.031488401046818,0.0016914974196892,1.4084075101492706e-06,6,11:05:2013 ,3,54,43.7067126,-72.286955,1368219260,False,0.0,4801.0,"Dartmouth College, College Street, Hanover, Grafton County, New Hampshire, 03755, United States",university,amenity,Dartmouth College,us,25.0
26,35,24.597467780235,0.0205149856382276,1.71100797649939e-05,6,11:05:2013 ,4,14,43.7068918,-72.2869245,1368220459,True,1.0,1199.0,"Dartmouth College, College Street, Hanover, Grafton County, New Hampshire, 03755, United States",university,amenity,Dartmouth College,us,36.0
27,35,3.91198401143184,0.0032599866761931,2.7166555634943327e-06,6,11:05:2013 ,4,34,43.7068633,-72.2869331,1368221659,False,0.0,1200.0,"Dartmouth College, College Street, Hanover, Grafton County, New Hampshire, 03755, United States",university,amenity,Dartmouth College,us,36.0
89,35,24.74846073949371,0.0206237172829114,1.7186431069092854e-05,6,11:05:2013 ,4,54,43.706683,-72.287023,1368222859,True,1.0,1200.0,"Dartmouth College, College Street, Hanover, Grafton County, New Hampshire, 03755, United States",university,amenity,Dartmouth College,us,25.0
28,35,5.092443775707078,0.0042437031464225,3.536419288685472e-06,6,11:05:2013 ,6,14,43.7068461,-72.2869133,1368227659,False,0.0,4800.0,"Dartmouth College, College Street, Hanover, Grafton County, New Hampshire, 03755, United States",university,amenity,Dartmouth College,us,36.0
90,35,20.30115010376823,0.0169176250864735,1.4098020905394604e-05,6,11:05:2013 ,6,34,43.7066982,-72.2869306,1368228859,True,1.0,1200.0,"Dartmouth College, College Street, Hanover, Grafton County, New Hampshire, 03755, United States",university,amenity,Dartmouth College,us,25.0
29,35,23.80134669378913,0.0198344555781576,1.652871298179801e-05,6,11:05:2013 ,6,54,43.7068716,-72.2869098,1368230059,True,1.0,1200.0,"Dartmouth College, College Street, Hanover, Grafton County, New Hampshire, 03755, United States",university,amenity,Dartmouth College,us,36.0
30,35,12.037931826968093,0.0100316098558067,8.359674879838953e-06,6,11:05:2013 ,9,34,43.7068907,-72.2869176,1368239659,False,0.0,9600.0,"Dartmouth College, College Street, Hanover, Grafton County, New Hampshire, 03755, United States",university,amenity,Dartmouth College,us,36.0
124,35,32.2979080136773,0.026914923344731,2.2429102787275905e-05,6,11:05:2013 ,9,54,43.7066554,-72.2870333,1368240859,True,1.0,1200.0,"Dartmouth College, College Street, Hanover, Grafton County, New Hampshire, 03755, United States",university,amenity,Dartmouth College,us,10.0
31,35,29.703644986301647,0.0247530374885847,2.0627531240487257e-05,6,11:05:2013 ,10,14,43.7068718,-72.2868953,1368242059,True,1.0,1200.0,"Dartmouth College, College Street, Hanover, Grafton County, New Hampshire, 03755, United States",university,amenity,Dartmouth College,us,36.0
91,35,0.6176819125564885,0.0005147349271304,4.289457726086727e-07,6,11:05:2013 ,10,54,43.7068147,-72.2870173,1368244459,False,0.0,2400.0,"Dartmouth College, College Street, Hanover, Grafton County, New Hampshire, 03755, United States",university,amenity,Dartmouth College,us,25.0
319,35,0.3707092368334678,0.0003089243640278,2.574369700232416e-07,6,11:05:2013 ,11,54,43.6587238,-72.2487129,1368248059,False,0.0,3600.0,"Wheelock Office Park, 31, Old Etna Road, Lebanon, Grafton County, New Hampshire, 03766, United States",office,building,Wheelock Office Park,us,9.0
296,35,0.027450825957362,2.28756882978017e-05,1.9063073581501416e-08,6,11:05:2013 ,22,54,43.7178529,-72.3080468,1368287659,False,0.0,39600.0,"31, Hazen Street, Norwich, Windsor County, Vermont, 05055, United States",yes,building,,us,18.0
125,35,1520.6996011446415,0.2534076989076223,4.222757855484458e-05,0,12:05:2013 ,0,34,43.7067738,-72.2871346,1368293660,True,1.0,6001.0,"Dartmouth College, College Street, Hanover, Grafton County, New Hampshire, 03755, United States",university,amenity,Dartmouth College,us,10.0
32,35,16.25189554325268,0.0135545417374918,1.1304872174722108e-05,0,12:05:2013 ,0,54,43.7068922,-72.286886,1368294859,False,0.0,1199.0,"Dartmouth College, College Street, Hanover, Grafton County, New Hampshire, 03755, United States",university,amenity,Dartmouth College,us,36.0
126,35,32.68224349410223,0.0272352029117518,2.269600242645988e-05,0,12:05:2013 ,1,14,43.7066541,-72.2870278,1368296059,True,1.0,1200.0,"Dartmouth College, College Street, Hanover, Grafton County, New Hampshire, 03755, United States",university,amenity,Dartmouth College,us,10.0
92,35,24.377855651470583,0.0203148797095588,1.692906642463235e-05,0,12:05:2013 ,1,34,43.7068317,-72.2869032,1368297259,True,1.0,1200.0,"Dartmouth College, College Street, Hanover, Grafton County, New Hampshire, 03755, United States",university,amenity,Dartmouth College,us,25.0
93,35,8.729904880563659,0.007274920733803,6.062433944835874e-06,0,12:05:2013 ,5,34,43.7068336,-72.2869244,1368311659,False,0.0,14400.0,"Dartmouth College, College Street, Hanover, Grafton County, New Hampshire, 03755, United States",university,amenity,Dartmouth College,us,25.0
94,35,22.31891396303448,0.0185990949691953,1.549924580766283e-05,0,12:05:2013 ,5,54,43.706671,-72.2869979,1368312859,True,1.0,1200.0,"Dartmouth College, College Street, Hanover, Grafton County, New Hampshire, 03755, United States",university,amenity,Dartmouth College,us,25.0
33,35,0.3294302474283099,0.0002745252061902,2.2877100515854858e-07,0,12:05:2013 ,7,54,43.7068687,-72.2868635,1368320059,False,0.0,7200.0,"Dartmouth College, College Street, Hanover, Grafton County, New Hampshire, 03755, United States",university,amenity,Dartmouth College,us,36.0
320,35,2.910753764563696,0.0024256281371364,2.021356780947011e-06,0,12:05:2013 ,11,34,43.6587269,-72.2486792,1368333259,False,0.0,13200.0,"Wheelock Office Park, 31, Old Etna Road, Lebanon, Grafton County, New Hampshire, 03766, United States",office,building,Wheelock Office Park,us,9.0
297,35,0.041176240548752,3.431353379062668e-05,2.85946114921889e-08,0,12:05:2013 ,21,34,43.7178535,-72.3080734,1368369259,False,0.0,36000.0,"31, Hazen Street, Norwich, Windsor County, Vermont, 05055, United States",yes,building,,us,18.0
321,35,0.2334095591563613,0.0001945079659636,1.6208997163636205e-07,1,13:05:2013 ,3,38,43.6586922,-72.2487165,1368391089,False,0.0,21830.0,"Wheelock Office Park, 31, Old Etna Road, Lebanon, Grafton County, New Hampshire, 03766, United States",office,building,Wheelock Office Park,us,9.0
309,35,8.784994059244209,0.0073208283827035,6.1006903189195895e-06,1,13:05:2013 ,8,38,43.7031024,-72.2910909,1368409089,False,0.0,18000.0,"Dartmouth College, College Street, Hanover, Grafton County, New Hampshire, 03755, United States",university,amenity,Dartmouth College,us,2.0
195,35,312.2495816540615,0.2599913252739896,0.0002164790385295,1,13:05:2013 ,8,58,43.7053772,-72.2831853,1368410290,True,1.0,1201.0,"10, North Park Street, Hanover, Grafton County, New Hampshire, 03755, United States",dormitory,building,,us,14.0
196,35,0.6176869166302567,0.0005147390971918,4.289492476599005e-07,2,14:05:2013 ,3,11,43.7053673,-72.2832069,1368475868,False,0.0,65578.0,"10, North Park Street, Hanover, Grafton County, New Hampshire, 03755, United States",dormitory,building,,us,14.0
322,35,2.745994403289552,0.0022883286694079,1.9069405578399667e-06,2,14:05:2013 ,11,51,43.658709,-72.2487313,1368507068,False,0.0,31200.0,"Wheelock Office Park, 31, Old Etna Road, Lebanon, Grafton County, New Hampshire, 03766, United States",office,building,Wheelock Office Park,us,9.0
326,35,0.2196065640228112,0.000183005470019,1.525045583491745e-07,3,15:05:2013 ,0,31,43.7178935,-72.3082278,1368552668,False,0.0,45600.0,"37, Hazen Street, Norwich, Windsor County, Vermont, 05055, United States",yes,building,,us,3.0
34,35,1510.8849771978062,0.6295354071657525,0.0002623064196523,3,15:05:2013 ,1,11,43.7068859,-72.2869546,1368555068,True,1.0,2400.0,"Dartmouth College, College Street, Hanover, Grafton County, New Hampshire, 03755, United States",university,amenity,Dartmouth College,us,36.0
95,35,5.243432483244858,0.0043695270693707,3.641272557808929e-06,3,15:05:2013 ,6,31,43.7068149,-72.2870219,1368574268,False,0.0,19200.0,"Dartmouth College, College Street, Hanover, Grafton County, New Hampshire, 03755, United States",university,amenity,Dartmouth College,us,25.0
323,35,3.6659029150026585,0.0030549190958355,2.5457659131962907e-06,3,15:05:2013 ,11,31,43.6587136,-72.2487339,1368592268,False,0.0,18000.0,"Wheelock Office Park, 31, Old Etna Road, Lebanon, Grafton County, New Hampshire, 03766, United States",office,building,Wheelock Office Park,us,9.0
327,35,0.0,0.0,0.0,3,15:05:2013 ,20,31,43.7179173,-72.3082665,1368624668,False,0.0,32400.0,"37, Hazen Street, Norwich, Windsor County, Vermont, 05055, United States",yes,building,,us,3.0
230,35,1983.498103478878,0.8261133292290204,0.0003440705244602,3,15:05:2013 ,21,11,43.7034666,-72.2874159,1368627069,True,1.0,2401.0,"Dartmouth College, College Street, Hanover, Grafton County, New Hampshire, 03755, United States",university,amenity,Dartmouth College,us,1.0
229,35,23.486069004630576,0.0097899412274408,4.080842529154165e-06,3,15:05:2013 ,21,51,43.7036377,-72.2871841,1368629468,True,1.0,2399.0,"Dartmouth College, College Street, Hanover, Grafton County, New Hampshire, 03755, United States",university,amenity,Dartmouth College,us,1.0
324,35,0.302059414613148,0.302059414613148,0.302059414613148,1,20:05:2013 ,3,38,43.6586998,-72.2487372,1368995882,False,0.0,366414.0,"Wheelock Office Park, 31, Old Etna Road, Lebanon, Grafton County, New Hampshire, 03766, United States",office,building,Wheelock Office Park,us,9.0
249,35,0.4667027224370883,0.0003889189353642,3.240991128035335e-07,1,20:05:2013 ,8,18,43.7031022,-72.2906917,1369012681,False,0.0,16799.0,"Dartmouth College, College Street, Hanover, Grafton County, New Hampshire, 03755, United States",university,amenity,Dartmouth College,us,12.0
35,35,516.8403505932488,0.0072926916593987,1.029009278745714e-07,2,21:05:2013 ,3,59,43.7068675,-72.2870258,1369083552,True,1.0,70871.0,"Dartmouth College, College Street, Hanover, Grafton County, New Hampshire, 03755, United States",university,amenity,Dartmouth College,us,36.0
