,tnv,distance,velocity,accelerate,week_date,date,hour in date,min in date,latitude,longitude,time,moving,active,time_difference,address,type,address_type,hall,nation,count
95,36,0.0,0.0,0.0,3,27:03:2013 ,11,9,43.7065952,-72.2870184,1364357354,False,0.0,,"Dartmouth College, College Street, Hanover, Grafton County, New Hampshire, 03755, United States",university,amenity,Dartmouth College,us,30.0
96,36,0.8235766656540363,0.8235766656540363,0.8235766656540363,5,29:03:2013 ,0,43,43.7066463,-72.2870352,1364492624,False,0.0,135270.0,"Dartmouth College, College Street, Hanover, Grafton County, New Hampshire, 03755, United States",university,amenity,Dartmouth College,us,30.0
0,36,181.667958252896,0.0075691828779174,3.153694795182458e-07,5,29:03:2013 ,7,23,43.7053228,-72.2832332,1364516625,True,1.0,24001.0,"8, North Park Street, Hanover, Grafton County, New Hampshire, 03755, United States",dormitory,building,,us,95.0
1,36,0.3294330646257212,0.0002745275538547,2.2877296154563975e-07,5,29:03:2013 ,20,43,43.7053481,-72.2831665,1364564623,False,0.0,47998.0,"8, North Park Street, Hanover, Grafton County, New Hampshire, 03755, United States",dormitory,building,,us,95.0
325,36,486.38935014059234,0.4046500417143031,0.0003366472892797,5,29:03:2013 ,21,3,43.7088916,-72.2842229,1364565825,True,1.0,1202.0,"Dewey Field Road, Hanover, Grafton County, New Hampshire, 03755, United States",bicycle_parking,amenity,,us,3.0
304,36,29.826843086163507,0.0248350067328588,2.067860677173928e-05,5,29:03:2013 ,21,23,43.7086743,-72.2837171,1364567026,True,1.0,1201.0,"Class of 1978 Life Sciences Center, 78, College Street, Hanover, Grafton County, New Hampshire, 03755, United States",university,building,Class of 1978 Life Sciences Center,us,4.0
305,36,0.6588537918097084,0.000549044826508,4.575373554234086e-07,5,29:03:2013 ,22,3,43.7086782,-72.2837996,1364569423,False,0.0,2397.0,"Class of 1978 Life Sciences Center, 78, College Street, Hanover, Grafton County, New Hampshire, 03755, United States",university,building,Class of 1978 Life Sciences Center,us,4.0
290,36,957.8686637395864,0.2660007397221845,7.386857531857387e-05,5,29:03:2013 ,23,3,43.7016999,-72.2875397,1364573024,True,1.0,3601.0,"Hood Museum of Art, 6, East Wheelock Street, Hanover, Grafton County, New Hampshire, 03755, United States",museum,tourism,Hood Museum of Art,us,1.0
225,36,883.2259046551324,0.7360215872126102,0.0006133513226771,5,29:03:2013 ,23,23,43.7081344,-72.2850707,1364574224,True,1.0,1200.0,"Anonymous Hall, 64, College Street, Hanover, Grafton County, New Hampshire, 03755, United States",university,building,Anonymous Hall,us,14.0
161,36,4.035494890339384,0.0033629124086161,2.802427007180128e-06,6,30:03:2013 ,4,3,43.707986,-72.2849291,1364591023,False,0.0,16799.0,"Anonymous Hall, 64, College Street, Hanover, Grafton County, New Hampshire, 03755, United States",university,building,Anonymous Hall,us,9.0
245,36,46.13362804517604,0.0383807221673677,3.193071727734422e-05,6,30:03:2013 ,4,23,43.7083221,-72.2846427,1364592225,True,1.0,1202.0,"Anonymous Hall, 64, College Street, Hanover, Grafton County, New Hampshire, 03755, United States",university,building,Anonymous Hall,us,1.0
2,36,412.50169072698014,0.344325284413172,0.0002874167649525,6,30:03:2013 ,4,43,43.7053169,-72.2831572,1364593423,True,1.0,1198.0,"8, North Park Street, Hanover, Grafton County, New Hampshire, 03755, United States",dormitory,building,,us,95.0
3,36,0.9196675907522336,0.0007663896589601,6.386580491334956e-07,0,31:03:2013 ,2,43,43.7052885,-72.2831555,1364672623,False,0.0,79200.0,"8, North Park Street, Hanover, Grafton County, New Hampshire, 03755, United States",dormitory,building,,us,95.0
155,36,55.11136241729854,0.0065600955144981,7.808707909175217e-07,0,31:03:2013 ,5,3,43.70569,-72.2833493,1364681024,True,1.0,8401.0,"14, North Park Street, Hanover, Grafton County, New Hampshire, 03755, United States",dormitory,building,,us,4.0
156,36,3.870830746241805,0.0032283826073743,2.6925626416799965e-06,0,31:03:2013 ,5,23,43.7057182,-72.2834223,1364682223,False,0.0,1199.0,"14, North Park Street, Hanover, Grafton County, New Hampshire, 03755, United States",dormitory,building,,us,4.0
242,36,329.89684695121343,0.2749140391260112,0.000229095032605,0,31:03:2013 ,5,43,43.7081216,-72.2852912,1364683423,True,1.0,1200.0,"Dartmouth College, College Street, Hanover, Grafton County, New Hampshire, 03755, United States",university,amenity,Dartmouth College,us,1.0
226,36,4.378645877003622,0.003639772133835,3.025579496122276e-06,0,31:03:2013 ,10,43,43.7081206,-72.285086,1364701426,False,0.0,18003.0,"Anonymous Hall, 64, College Street, Hanover, Grafton County, New Hampshire, 03755, United States",university,building,Anonymous Hall,us,14.0
4,36,375.2762012292994,0.3135139525725141,0.0002619164181892,0,31:03:2013 ,11,3,43.7053866,-72.2832341,1364702623,True,1.0,1197.0,"8, North Park Street, Hanover, Grafton County, New Hampshire, 03755, United States",dormitory,building,,us,95.0
5,36,1.1530158557960093,0.0009608465464966,8.007054554138953e-07,1,01:04:2013 ,20,43,43.7053312,-72.2831593,1364823823,False,0.0,121200.0,"8, North Park Street, Hanover, Grafton County, New Hampshire, 03755, United States",dormitory,building,,us,95.0
341,36,507.596220421986,0.4229968503516549,0.000352497375293,1,01:04:2013 ,21,3,43.7090292,-72.2841047,1364825023,True,1.0,1200.0,"Life Sciences Greenhouse, 78, College Street, Hanover, Grafton County, New Hampshire, 03755, United States",house,place,Life Sciences Greenhouse,us,5.0
349,36,9.127854082997956,0.0076065450691649,6.33878755763747e-06,1,01:04:2013 ,21,23,43.7089627,-72.2839367,1364826223,False,0.0,1200.0,"Life Sciences Greenhouse, 78, College Street, Hanover, Grafton County, New Hampshire, 03755, United States",house,place,Life Sciences Greenhouse,us,1.0
300,36,30.71902870990722,0.0255991905915893,2.133265882632446e-05,1,01:04:2013 ,21,43,43.7087389,-72.2841548,1364827423,True,1.0,1200.0,"Class of 1978 Life Sciences Center, 78, College Street, Hanover, Grafton County, New Hampshire, 03755, United States",university,building,Class of 1978 Life Sciences Center,us,2.0
262,36,6.025765745275458,0.0050214714543962,4.184559545330179e-06,1,01:04:2013 ,22,3,43.708695,-72.2841507,1364828623,False,0.0,1200.0,"Class of 1978 Life Sciences Center, 78, College Street, Hanover, Grafton County, New Hampshire, 03755, United States",university,building,Class of 1978 Life Sciences Center,us,3.0
180,36,93.51623155353572,0.0779301929612797,6.494182746773313e-05,1,01:04:2013 ,22,23,43.7080137,-72.2849502,1364829823,True,1.0,1200.0,"Anonymous Hall, 64, College Street, Hanover, Grafton County, New Hampshire, 03755, United States",university,building,Anonymous Hall,us,13.0
181,36,4.570814835360481,0.0038090123628004,3.174176969000333e-06,2,02:04:2013 ,10,43,43.7080488,-72.2849853,1364874223,False,0.0,44400.0,"Anonymous Hall, 64, College Street, Hanover, Grafton County, New Hampshire, 03755, United States",university,building,Anonymous Hall,us,13.0
6,36,351.11793540996445,0.2925982795083037,0.0002438318995902,2,02:04:2013 ,11,3,43.7054908,-72.2832917,1364875423,True,1.0,1200.0,"8, North Park Street, Hanover, Grafton County, New Hampshire, 03755, United States",dormitory,building,,us,95.0
7,36,2.608011983795936,0.0021733433198299,1.811119433191622e-06,2,02:04:2013 ,22,23,43.7053224,-72.2831676,1364916223,False,0.0,40800.0,"8, North Park Street, Hanover, Grafton County, New Hampshire, 03755, United States",dormitory,building,,us,95.0
97,36,184.24849870497084,0.0219343450839251,2.611231557610131e-06,3,03:04:2013 ,0,43,43.7066647,-72.2871043,1364924623,True,1.0,8400.0,"Dartmouth College, College Street, Hanover, Grafton County, New Hampshire, 03755, United States",university,amenity,Dartmouth College,us,30.0
98,36,9.237782070328212,0.0076917419403232,6.40444791034408e-06,3,03:04:2013 ,1,3,43.706732,-72.2869543,1364925824,False,0.0,1201.0,"Dartmouth College, College Street, Hanover, Grafton County, New Hampshire, 03755, United States",university,amenity,Dartmouth College,us,30.0
125,36,23.403280703822418,0.019502733919852,1.6252278266543345e-05,3,03:04:2013 ,1,23,43.7069025,-72.2869641,1364927024,True,1.0,1200.0,"Dartmouth College, College Street, Hanover, Grafton County, New Hampshire, 03755, United States",university,amenity,Dartmouth College,us,18.0
126,36,4.145329276676921,0.0034544410638974,2.878700886581195e-06,3,03:04:2013 ,2,43,43.7069118,-72.2869543,1364931823,False,0.0,4799.0,"Dartmouth College, College Street, Hanover, Grafton County, New Hampshire, 03755, United States",university,amenity,Dartmouth College,us,18.0
227,36,175.03660305508654,0.1458638358792388,0.000121553196566,3,03:04:2013 ,3,3,43.708187,-72.2851531,1364933023,True,1.0,1200.0,"Anonymous Hall, 64, College Street, Hanover, Grafton County, New Hampshire, 03755, United States",university,building,Anonymous Hall,us,14.0
228,36,4.872788005411924,0.0040606566711766,3.383880559313836e-06,3,03:04:2013 ,3,43,43.7081088,-72.28516,1364935423,False,0.0,2400.0,"Anonymous Hall, 64, College Street, Hanover, Grafton County, New Hampshire, 03755, United States",university,building,Anonymous Hall,us,14.0
182,36,27.315083147373755,0.0037937615482463,5.269113261453271e-07,3,03:04:2013 ,5,43,43.7079098,-72.2850146,1364942623,True,1.0,7200.0,"Anonymous Hall, 64, College Street, Hanover, Grafton County, New Hampshire, 03755, United States",university,building,Anonymous Hall,us,13.0
229,36,13.588911368988196,0.0113240928074901,9.436744006241804e-06,3,03:04:2013 ,10,43,43.7080502,-72.2850493,1364960623,False,0.0,18000.0,"Anonymous Hall, 64, College Street, Hanover, Grafton County, New Hampshire, 03755, United States",university,building,Anonymous Hall,us,14.0
8,36,373.2173927006126,0.3110144939171771,0.0002591787449309,3,03:04:2013 ,11,3,43.7053312,-72.283228,1364961823,True,1.0,1200.0,"8, North Park Street, Hanover, Grafton County, New Hampshire, 03755, United States",dormitory,building,,us,95.0
9,36,11.996855085664546,0.0099973792380537,8.331149365044823e-06,3,03:04:2013 ,22,3,43.7052888,-72.2831369,1365001423,False,0.0,39600.0,"8, North Park Street, Hanover, Grafton County, New Hampshire, 03755, United States",dormitory,building,,us,95.0
157,36,57.37621017358671,0.0478135084779889,3.98445903983241e-05,3,03:04:2013 ,22,23,43.7057068,-72.2833778,1365002623,True,1.0,1200.0,"14, North Park Street, Hanover, Grafton County, New Hampshire, 03755, United States",dormitory,building,,us,4.0
230,36,329.08702434822607,0.0304710207729838,2.821390812313324e-06,4,04:04:2013 ,1,23,43.7081043,-72.2851529,1365013423,True,1.0,10800.0,"Anonymous Hall, 64, College Street, Hanover, Grafton County, New Hampshire, 03755, United States",university,building,Anonymous Hall,us,14.0
231,36,9.059265476382985,0.0075431019786702,6.280684411881983e-06,4,04:04:2013 ,9,43,43.70814,-72.2852734,1365043424,False,0.0,30001.0,"Anonymous Hall, 64, College Street, Hanover, Grafton County, New Hampshire, 03755, United States",university,building,Anonymous Hall,us,14.0
10,36,385.5709423610484,0.3215770995504991,0.0002682044199753,4,04:04:2013 ,10,3,43.705331,-72.2832407,1365044623,True,1.0,1199.0,"8, North Park Street, Hanover, Grafton County, New Hampshire, 03755, United States",dormitory,building,,us,95.0
11,36,0.837309000775783,0.0006977575006464,5.814645838720715e-07,4,04:04:2013 ,22,43,43.7053583,-72.2831732,1365090223,False,0.0,45600.0,"8, North Park Street, Hanover, Grafton County, New Hampshire, 03755, United States",dormitory,building,,us,95.0
326,36,488.036454652276,0.4063584135322864,0.0003383500528994,4,04:04:2013 ,23,3,43.7089138,-72.284098,1365091424,True,1.0,1201.0,"Dewey Field Road, Hanover, Grafton County, New Hampshire, 03755, United States",bicycle_parking,amenity,,us,3.0
293,36,22.387283756061585,0.0186716294879579,1.55726684636847e-05,4,04:04:2013 ,23,23,43.7087507,-72.2839571,1365092623,True,1.0,1199.0,"Class of 1978 Life Sciences Center, 78, College Street, Hanover, Grafton County, New Hampshire, 03755, United States",university,building,Class of 1978 Life Sciences Center,us,3.0
294,36,8.606275792576657,0.0071718964938138,5.976580411511567e-06,4,04:04:2013 ,23,43,43.708688,-72.2838714,1365093823,False,0.0,1200.0,"Class of 1978 Life Sciences Center, 78, College Street, Hanover, Grafton County, New Hampshire, 03755, United States",university,building,Class of 1978 Life Sciences Center,us,3.0
12,36,457.6468557107422,0.3813723797589518,0.0003178103164657,5,05:04:2013 ,0,3,43.7053539,-72.2832533,1365095023,True,1.0,1200.0,"8, North Park Street, Hanover, Grafton County, New Hampshire, 03755, United States",dormitory,building,,us,95.0
13,36,5.435646769821862,0.0045297056415182,3.7747547012651816e-06,5,05:04:2013 ,0,43,43.7052878,-72.283144,1365097423,False,0.0,2400.0,"8, North Park Street, Hanover, Grafton County, New Hampshire, 03755, United States",dormitory,building,,us,95.0
150,36,197.37085349220715,0.1644757112435059,0.0001370630927029,5,05:04:2013 ,1,3,43.7067257,-72.2871427,1365098623,True,1.0,1200.0,"Dartmouth College, College Street, Hanover, Grafton County, New Hampshire, 03755, United States",university,amenity,Dartmouth College,us,2.0
153,36,0.28825143776934,0.0002402095314744,2.0017460956204169e-07,5,05:04:2013 ,3,3,43.7068864,-72.2866521,1365105823,False,0.0,7200.0,"Dartmouth College, College Street, Hanover, Grafton County, New Hampshire, 03755, United States",university,amenity,Dartmouth College,us,1.0
99,36,24.32294307151016,0.0202691192262584,1.6890932688548718e-05,5,05:04:2013 ,3,23,43.7067092,-72.2869429,1365107023,True,1.0,1200.0,"Dartmouth College, College Street, Hanover, Grafton County, New Hampshire, 03755, United States",university,amenity,Dartmouth College,us,30.0
100,36,4.804196078253214,0.0040034967318776,3.336247276564732e-06,5,05:04:2013 ,4,3,43.7067029,-72.2868643,1365109423,False,0.0,2400.0,"Dartmouth College, College Street, Hanover, Grafton County, New Hampshire, 03755, United States",university,amenity,Dartmouth College,us,30.0
288,36,608.7540700850377,0.2535418867492868,0.0001055984534565,5,05:04:2013 ,4,43,43.702268,-72.2879689,1365111824,True,1.0,2401.0,"Dartmouth College, College Street, Hanover, Grafton County, New Hampshire, 03755, United States",university,amenity,Dartmouth College,us,1.0
14,36,420.2092547736104,0.3504664343399586,0.0002922989444036,5,05:04:2013 ,5,3,43.7053293,-72.2831866,1365113023,True,1.0,1199.0,"8, North Park Street, Hanover, Grafton County, New Hampshire, 03755, United States",dormitory,building,,us,95.0
15,36,2.6080123132951822,0.0021733435944126,1.811119662010543e-06,5,05:04:2013 ,20,43,43.7052999,-72.2831346,1365169423,False,0.0,56400.0,"8, North Park Street, Hanover, Grafton County, New Hampshire, 03755, United States",dormitory,building,,us,95.0
295,36,471.7848984215778,0.3931540820179815,0.0003276284016816,5,05:04:2013 ,21,3,43.708737,-72.2839451,1365170623,True,1.0,1200.0,"Class of 1978 Life Sciences Center, 78, College Street, Hanover, Grafton County, New Hampshire, 03755, United States",university,building,Class of 1978 Life Sciences Center,us,3.0
263,36,3.0609245319307328,0.0025507704432756,2.1256420360630087e-06,5,05:04:2013 ,22,3,43.7086915,-72.2840093,1365174223,False,0.0,3600.0,"Class of 1978 Life Sciences Center, 78, College Street, Hanover, Grafton County, New Hampshire, 03755, United States",university,building,Class of 1978 Life Sciences Center,us,3.0
183,36,91.89654510578266,0.0765804542548188,6.381704521234907e-05,5,05:04:2013 ,22,23,43.708022,-72.2848658,1365175423,True,1.0,1200.0,"Anonymous Hall, 64, College Street, Hanover, Grafton County, New Hampshire, 03755, United States",university,building,Anonymous Hall,us,13.0
232,36,16.81455475810089,0.014012128965084,1.1676774137570064e-05,5,05:04:2013 ,23,3,43.7081391,-72.2850342,1365177823,False,0.0,2400.0,"Anonymous Hall, 64, College Street, Hanover, Grafton County, New Hampshire, 03755, United States",university,building,Anonymous Hall,us,14.0
322,36,1070.3621328622448,0.445798472662326,0.0001856720002758,5,05:04:2013 ,23,43,43.7003413,-72.2884134,1365180224,True,1.0,2401.0,"7, Lebanon Street, Hanover, Grafton County, New Hampshire, 03755, United States",commercial,building,,us,1.0
184,36,1055.1947187181163,0.2931910860567147,8.146459740392185e-05,6,06:04:2013 ,0,43,43.7080286,-72.284987,1365183823,True,1.0,3599.0,"Anonymous Hall, 64, College Street, Hanover, Grafton County, New Hampshire, 03755, United States",university,building,Anonymous Hall,us,13.0
162,36,10.239726695791097,0.0085331055798259,7.110921316521593e-06,6,06:04:2013 ,10,43,43.7079362,-72.284685,1365219823,False,0.0,36000.0,"Anonymous Hall, 64, College Street, Hanover, Grafton County, New Hampshire, 03755, United States",university,building,Anonymous Hall,us,9.0
16,36,354.412487768931,0.2953437398074425,0.0002461197831728,6,06:04:2013 ,11,3,43.7053542,-72.2831573,1365221023,True,1.0,1200.0,"8, North Park Street, Hanover, Grafton County, New Hampshire, 03755, United States",dormitory,building,,us,95.0
17,36,4.99640141159375,0.0041636678429947,3.46972320249566e-06,1,08:04:2013 ,20,43,43.7053677,-72.28319,1365428623,False,0.0,207600.0,"8, North Park Street, Hanover, Grafton County, New Hampshire, 03755, United States",dormitory,building,,us,95.0
327,36,475.0103546486866,0.3958419622072388,0.0003298683018393,1,08:04:2013 ,21,3,43.7088283,-72.2840779,1365429823,True,1.0,1200.0,"Dewey Field Road, Hanover, Grafton County, New Hampshire, 03755, United States",bicycle_parking,amenity,,us,3.0
306,36,3.8021340986180654,0.0031684450821817,2.640370901818101e-06,1,08:04:2013 ,22,3,43.708729,-72.2837536,1365433423,False,0.0,3600.0,"Class of 1978 Life Sciences Center, 78, College Street, Hanover, Grafton County, New Hampshire, 03755, United States",university,building,Class of 1978 Life Sciences Center,us,4.0
233,36,88.38262684961215,0.0736521890413434,6.137682420111955e-05,1,08:04:2013 ,22,23,43.7080851,-72.2851261,1365434623,True,1.0,1200.0,"Anonymous Hall, 64, College Street, Hanover, Grafton County, New Hampshire, 03755, United States",university,building,Anonymous Hall,us,14.0
185,36,1.4824265366739318,0.0012353554472282,1.0294628726902305e-06,2,09:04:2013 ,5,23,43.7080251,-72.2849447,1365459823,False,0.0,25200.0,"Anonymous Hall, 64, College Street, Hanover, Grafton County, New Hampshire, 03755, United States",university,building,Anonymous Hall,us,13.0
193,36,670.9993654863995,0.1863369523705635,5.174589068885409e-05,2,09:04:2013 ,6,23,43.7031367,-72.290821,1365463424,True,1.0,3601.0,"Dartmouth College, College Street, Hanover, Grafton County, New Hampshire, 03755, United States",university,amenity,Dartmouth College,us,32.0
194,36,1.976623216888576,0.0016471860140738,1.3726550117281777e-06,2,09:04:2013 ,8,23,43.7031033,-72.2907621,1365470623,False,0.0,7199.0,"Dartmouth College, College Street, Hanover, Grafton County, New Hampshire, 03755, United States",university,amenity,Dartmouth College,us,32.0
163,36,654.3770892697006,0.5453142410580838,0.000454428534215,2,09:04:2013 ,8,43,43.7078706,-72.2848882,1365471823,True,1.0,1200.0,"Anonymous Hall, 64, College Street, Hanover, Grafton County, New Hampshire, 03755, United States",university,building,Anonymous Hall,us,9.0
234,36,9.608320220107297,0.008006933516756,6.672444597296735e-06,2,09:04:2013 ,9,23,43.7080533,-72.2851328,1365474223,False,0.0,2400.0,"Anonymous Hall, 64, College Street, Hanover, Grafton County, New Hampshire, 03755, United States",university,building,Anonymous Hall,us,14.0
164,36,22.291308692954093,0.0185760905774617,1.5480075481218123e-05,2,09:04:2013 ,9,43,43.7078909,-72.2846836,1365475423,True,1.0,1200.0,"Anonymous Hall, 64, College Street, Hanover, Grafton County, New Hampshire, 03755, United States",university,building,Anonymous Hall,us,9.0
165,36,3.472724233461736,0.0028939368612181,2.4116140510150943e-06,2,09:04:2013 ,10,23,43.7078883,-72.2847261,1365477823,False,0.0,2400.0,"Anonymous Hall, 64, College Street, Hanover, Grafton County, New Hampshire, 03755, United States",university,building,Anonymous Hall,us,9.0
186,36,22.5383800646337,0.0187819833871947,1.565165282266229e-05,2,09:04:2013 ,10,43,43.7080525,-72.2848061,1365479023,True,1.0,1200.0,"Anonymous Hall, 64, College Street, Hanover, Grafton County, New Hampshire, 03755, United States",university,building,Anonymous Hall,us,13.0
166,36,6.684645268367986,0.0055705377236399,4.64211476969999e-06,2,09:04:2013 ,11,3,43.7080038,-72.2847403,1365480223,False,0.0,1200.0,"Anonymous Hall, 64, College Street, Hanover, Grafton County, New Hampshire, 03755, United States",university,building,Anonymous Hall,us,9.0
18,36,369.2093866106673,0.3076744888422227,0.0002563954073685,2,09:04:2013 ,11,23,43.705314,-72.2831634,1365481423,True,1.0,1200.0,"8, North Park Street, Hanover, Grafton County, New Hampshire, 03755, United States",dormitory,building,,us,95.0
19,36,4.9414968551214775,0.0041179140459345,3.431595038278804e-06,2,09:04:2013 ,22,3,43.7053332,-72.2831947,1365519823,False,0.0,38400.0,"8, North Park Street, Hanover, Grafton County, New Hampshire, 03755, United States",dormitory,building,,us,95.0
195,36,300.0055755950761,0.2497964825937353,0.0002079904101529,2,09:04:2013 ,22,23,43.7031476,-72.2907745,1365521024,True,1.0,1201.0,"Dartmouth College, College Street, Hanover, Grafton County, New Hampshire, 03755, United States",university,amenity,Dartmouth College,us,32.0
196,36,5.696520098425023,0.0047471000820208,3.955916735017377e-06,3,10:04:2013 ,0,43,43.7030336,-72.2908973,1365529423,False,0.0,8399.0,"Dartmouth College, College Street, Hanover, Grafton County, New Hampshire, 03755, United States",university,amenity,Dartmouth College,us,32.0
187,36,686.3181651871917,0.5719318043226597,0.0004766098369355,3,10:04:2013 ,1,3,43.7080336,-72.2848266,1365530623,True,1.0,1200.0,"Anonymous Hall, 64, College Street, Hanover, Grafton County, New Hampshire, 03755, United States",university,building,Anonymous Hall,us,13.0
167,36,3.376638643690028,0.0028138655364083,2.344887947006964e-06,3,10:04:2013 ,8,3,43.7079851,-72.2848609,1365555823,False,0.0,25200.0,"Anonymous Hall, 64, College Street, Hanover, Grafton County, New Hampshire, 03755, United States",university,building,Anonymous Hall,us,9.0
101,36,172.36017854376357,0.1436334821198029,0.0001196945684331,3,10:04:2013 ,8,23,43.7067294,-72.2870973,1365557023,True,1.0,1200.0,"Dartmouth College, College Street, Hanover, Grafton County, New Hampshire, 03755, United States",university,amenity,Dartmouth College,us,30.0
20,36,183.7267764740385,0.0306262337846371,5.105223167967527e-06,3,10:04:2013 ,10,3,43.7054423,-72.2832005,1365563023,True,1.0,6000.0,"8, North Park Street, Hanover, Grafton County, New Hampshire, 03755, United States",dormitory,building,,us,95.0
21,36,7.714226843300712,0.0064285223694172,5.357101974514383e-06,3,10:04:2013 ,23,23,43.7052594,-72.283122,1365611023,False,0.0,48000.0,"8, North Park Street, Hanover, Grafton County, New Hampshire, 03755, United States",dormitory,building,,us,95.0
188,36,380.2041651979075,0.3168368043315896,0.0002640306702763,3,10:04:2013 ,23,43,43.7080293,-72.284812,1365612223,True,1.0,1200.0,"Anonymous Hall, 64, College Street, Hanover, Grafton County, New Hampshire, 03755, United States",university,building,Anonymous Hall,us,13.0
189,36,0.6863084685609465,0.0005719237238007,4.766031031673241e-07,4,11:04:2013 ,4,43,43.7080513,-72.2847652,1365630223,False,0.0,18000.0,"Anonymous Hall, 64, College Street, Hanover, Grafton County, New Hampshire, 03755, United States",university,building,Anonymous Hall,us,13.0
265,36,678.8645789041603,0.5647791837804994,0.0004698662094679,4,11:04:2013 ,5,3,43.7031056,-72.2903601,1365631425,True,1.0,1202.0,"Class of 1953 Commons, 6, Mass Row, Hanover, Grafton County, New Hampshire, 03755, United States",university,building,Class of 1953 Commons,us,2.0
267,36,6.80837582159238,0.0056736465179936,4.728038764994708e-06,4,11:04:2013 ,6,3,43.7029037,-72.2908313,1365635024,False,0.0,3599.0,"Dartmouth College, College Street, Hanover, Grafton County, New Hampshire, 03755, United States",university,amenity,Dartmouth College,us,8.0
197,36,22.099761379362715,0.0184318276725293,1.537266694956578e-05,4,11:04:2013 ,6,23,43.7030647,-72.2906538,1365636223,True,1.0,1199.0,"Dartmouth College, College Street, Hanover, Grafton County, New Hampshire, 03755, United States",university,amenity,Dartmouth College,us,32.0
198,36,3.0884742032246337,0.0025737285026871,2.144773752239329e-06,4,11:04:2013 ,8,23,43.7030973,-72.2907036,1365643423,False,0.0,7200.0,"Dartmouth College, College Street, Hanover, Grafton County, New Hampshire, 03755, United States",university,amenity,Dartmouth College,us,32.0
168,36,673.5114037364177,0.5612595031136814,0.0004677162525947,4,11:04:2013 ,8,43,43.708004,-72.2847932,1365644623,True,1.0,1200.0,"Anonymous Hall, 64, College Street, Hanover, Grafton County, New Hampshire, 03755, United States",university,building,Anonymous Hall,us,9.0
190,36,0.4392374827212812,0.4392374827212812,0.4392374827212812,4,11:04:2013 ,10,23,43.7080252,-72.2847998,1365650624,False,0.0,6001.0,"Anonymous Hall, 64, College Street, Hanover, Grafton County, New Hampshire, 03755, United States",university,building,Anonymous Hall,us,13.0
22,36,366.29935014625335,0.101778091177064,2.8279547423468743e-05,4,11:04:2013 ,11,23,43.7053566,-72.2831548,1365654223,True,1.0,3599.0,"8, North Park Street, Hanover, Grafton County, New Hampshire, 03755, United States",dormitory,building,,us,95.0
23,36,1.8530610052652388,0.0015442175043876,1.2868479203230826e-06,4,11:04:2013 ,20,3,43.705352,-72.2832274,1365685423,False,0.0,31200.0,"8, North Park Street, Hanover, Grafton County, New Hampshire, 03755, United States",dormitory,building,,us,95.0
170,36,164.40137403229215,0.1367731897107255,0.0001137880114065,4,11:04:2013 ,20,23,43.7041543,-72.2862329,1365686625,True,1.0,1202.0,"Dartmouth College, College Street, Hanover, Grafton County, New Hampshire, 03755, United States",university,amenity,Dartmouth College,us,1.0
199,36,145.7892690191348,0.1216938806503629,0.0001015808686563,4,11:04:2013 ,20,43,43.7030922,-72.2907026,1365687823,True,1.0,1198.0,"Dartmouth College, College Street, Hanover, Grafton County, New Hampshire, 03755, United States",university,amenity,Dartmouth College,us,32.0
200,36,11.942098710602094,0.0099517489255017,8.293124104584787e-06,4,11:04:2013 ,22,43,43.7031525,-72.2908081,1365695023,False,0.0,7200.0,"Dartmouth College, College Street, Hanover, Grafton County, New Hampshire, 03755, United States",university,amenity,Dartmouth College,us,32.0
301,36,771.2550458137678,0.6427125381781398,0.0005355937818151,4,11:04:2013 ,23,3,43.7087713,-72.2841506,1365696223,True,1.0,1200.0,"Class of 1978 Life Sciences Center, 78, College Street, Hanover, Grafton County, New Hampshire, 03755, United States",university,building,Class of 1978 Life Sciences Center,us,2.0
307,36,18.18710740034896,0.0151559228336241,1.2629935694686775e-05,4,11:04:2013 ,23,23,43.7086388,-72.2836733,1365697423,False,0.0,1200.0,"Class of 1978 Life Sciences Center, 78, College Street, Hanover, Grafton County, New Hampshire, 03755, United States",university,building,Class of 1978 Life Sciences Center,us,4.0
342,36,43.0450866408859,0.0358709055340715,2.9892421278392983e-05,4,11:04:2013 ,23,43,43.7089524,-72.2840651,1365698623,True,1.0,1200.0,"Life Sciences Greenhouse, 78, College Street, Hanover, Grafton County, New Hampshire, 03755, United States",house,place,Life Sciences Greenhouse,us,5.0
173,36,468.73707483977495,0.3906142290331458,0.0003255118575276,5,12:04:2013 ,0,3,43.7055375,-72.2832803,1365699823,True,1.0,1200.0,"10, North Park Street, Hanover, Grafton County, New Hampshire, 03755, United States",dormitory,building,,us,2.0
24,36,29.96466882042888,0.0249705573503573,2.080879779196449e-05,5,12:04:2013 ,0,23,43.7053192,-72.2831712,1365701023,True,1.0,1200.0,"8, North Park Street, Hanover, Grafton County, New Hampshire, 03755, United States",dormitory,building,,us,95.0
25,36,0.3843385984164895,0.3843385984164895,0.3843385984164895,5,12:04:2013 ,2,43,43.7053373,-72.2831717,1365709424,False,0.0,8401.0,"8, North Park Street, Hanover, Grafton County, New Hampshire, 03755, United States",dormitory,building,,us,95.0
201,36,310.9730821569874,0.0647995586907662,1.3502721127477868e-05,5,12:04:2013 ,4,3,43.7030718,-72.2909009,1365714223,True,1.0,4799.0,"Dartmouth College, College Street, Hanover, Grafton County, New Hampshire, 03755, United States",university,amenity,Dartmouth College,us,32.0
202,36,1.7432715519124329,0.0183502268622361,0.0001931602827603,5,12:04:2013 ,4,25,43.7031364,-72.2908617,1365715518,False,0.0,1295.0,"Dartmouth College, College Street, Hanover, Grafton County, New Hampshire, 03755, United States",university,amenity,Dartmouth College,us,32.0
191,36,675.5976335446551,0.095087633151957,1.3383199599149483e-05,5,12:04:2013 ,6,23,43.7080583,-72.2848016,1365722623,True,1.0,7105.0,"Anonymous Hall, 64, College Street, Hanover, Grafton County, New Hampshire, 03755, United States",university,building,Anonymous Hall,us,13.0
192,36,0.7274870557525969,0.0006062392131271,5.051993442726367e-07,5,12:04:2013 ,10,23,43.7080269,-72.2848563,1365737023,False,0.0,14400.0,"Anonymous Hall, 64, College Street, Hanover, Grafton County, New Hampshire, 03755, United States",university,building,Anonymous Hall,us,13.0
26,36,370.27999625090587,0.1542833317712107,6.428472157133783e-05,5,12:04:2013 ,11,3,43.7053293,-72.2831802,1365739423,True,1.0,2400.0,"8, North Park Street, Hanover, Grafton County, New Hampshire, 03755, United States",dormitory,building,,us,95.0
27,36,0.7274980461557718,0.0006057435854752,5.043660162158594e-07,5,12:04:2013 ,22,23,43.7053374,-72.2831782,1365780224,False,0.0,40801.0,"8, North Park Street, Hanover, Grafton County, New Hampshire, 03755, United States",dormitory,building,,us,95.0
169,36,366.175854094027,0.152636871235526,6.362520685099044e-05,5,12:04:2013 ,23,3,43.7080051,-72.284697,1365782623,True,1.0,2399.0,"Anonymous Hall, 64, College Street, Hanover, Grafton County, New Hampshire, 03755, United States",university,building,Anonymous Hall,us,9.0
243,36,19.216643126254688,0.0160138692718789,1.334489105989909e-05,6,13:04:2013 ,6,43,43.7079234,-72.2850385,1365810223,False,0.0,27600.0,"Anonymous Hall, 64, College Street, Hanover, Grafton County, New Hampshire, 03755, United States",university,building,Anonymous Hall,us,1.0
235,36,25.269882581115745,0.0210582354842631,1.7548529570219266e-05,6,13:04:2013 ,7,3,43.7081075,-72.2850857,1365811423,True,1.0,1200.0,"Anonymous Hall, 64, College Street, Hanover, Grafton County, New Hampshire, 03755, United States",university,building,Anonymous Hall,us,14.0
241,36,3.2119229720517524,0.0026766024767097,2.2305020639248283e-06,6,13:04:2013 ,10,3,43.7080974,-72.2848645,1365822223,False,0.0,10800.0,"Anonymous Hall, 64, College Street, Hanover, Grafton County, New Hampshire, 03755, United States",university,building,Anonymous Hall,us,1.0
28,36,376.4841712883049,0.3137368094069207,0.0002614473411724,6,13:04:2013 ,10,23,43.7053546,-72.2831776,1365823423,True,1.0,1200.0,"8, North Park Street, Hanover, Grafton County, New Hampshire, 03755, United States",dormitory,building,,us,95.0
29,36,0.3294330884121535,0.3294330884121535,0.3294330884121535,0,14:04:2013 ,1,3,43.7053353,-72.283172,1365876224,False,0.0,52801.0,"8, North Park Street, Hanover, Grafton County, New Hampshire, 03755, United States",dormitory,building,,us,95.0
264,36,452.8564866380578,0.0943451013829287,1.965522945477681e-05,0,14:04:2013 ,2,23,43.7086345,-72.2840112,1365881024,True,1.0,4800.0,"Class of 1978 Life Sciences Center, 78, College Street, Hanover, Grafton County, New Hampshire, 03755, United States",university,building,Class of 1978 Life Sciences Center,us,3.0
240,36,54.93201092062129,0.0458148548128617,3.82108880841216e-05,0,14:04:2013 ,2,43,43.7082343,-72.2844713,1365882223,True,1.0,1199.0,"Vail Dartmouth Medical School, College Street, Hanover, Grafton County, New Hampshire, 03755, United States",bus_stop,highway,Vail Dartmouth Medical School,us,1.0
236,36,0.0686307943589569,5.719232863246409e-05,4.766027386038674e-08,0,14:04:2013 ,5,43,43.7081844,-72.2851908,1365893023,False,0.0,10800.0,"Anonymous Hall, 64, College Street, Hanover, Grafton County, New Hampshire, 03755, United States",university,building,Anonymous Hall,us,14.0
311,36,1031.5837940358665,0.1432556303341017,1.989385228914064e-05,0,14:04:2013 ,7,43,43.7006691,-72.2870704,1365900224,True,1.0,7201.0,"Sargent Place, Hanover, Grafton County, New Hampshire, 03755, United States",parking,amenity,,us,2.0
312,36,0.5078893127933669,0.0004235940890686,3.53289482125685e-07,0,14:04:2013 ,8,3,43.7006728,-72.2870654,1365901423,False,0.0,1199.0,"Sargent Place, Hanover, Grafton County, New Hampshire, 03755, United States",parking,amenity,,us,2.0
30,36,651.91527572014,0.5432627297667834,0.0004527189414723,0,14:04:2013 ,8,23,43.7054221,-72.2831204,1365902623,True,1.0,1200.0,"8, North Park Street, Hanover, Grafton County, New Hampshire, 03755, United States",dormitory,building,,us,95.0
31,36,0.3843386187222124,0.0003202821822685,2.66901818557092e-07,0,14:04:2013 ,22,45,43.7053286,-72.283176,1365954355,False,0.0,51732.0,"8, North Park Street, Hanover, Grafton County, New Hampshire, 03755, United States",dormitory,building,,us,95.0
147,36,105.44581687044062,0.0877983487680604,7.310437033144086e-05,0,14:04:2013 ,23,5,43.7060968,-72.2832695,1365955556,True,1.0,1201.0,"18, North Park Street, Hanover, Grafton County, New Hampshire, 03755, United States",dormitory,building,,us,3.0
237,36,283.3507787014778,0.0393597414504066,5.467390116739366e-06,1,15:04:2013 ,1,5,43.7081611,-72.285177,1365962755,True,1.0,7199.0,"Anonymous Hall, 64, College Street, Hanover, Grafton County, New Hampshire, 03755, United States",university,building,Anonymous Hall,us,14.0
238,36,1.9902933677813928,0.0016585778064844,1.3821481720704116e-06,1,15:04:2013 ,10,45,43.7081628,-72.2852299,1365997555,False,0.0,34800.0,"Anonymous Hall, 64, College Street, Hanover, Grafton County, New Hampshire, 03755, United States",university,building,Anonymous Hall,us,14.0
32,36,383.7864640137545,0.3198220533447954,0.0002665183777873,1,15:04:2013 ,11,5,43.7053668,-72.2832139,1365998755,True,1.0,1200.0,"8, North Park Street, Hanover, Grafton County, New Hampshire, 03755, United States",dormitory,building,,us,95.0
33,36,3.1296141907587764,0.0026080118256323,2.173343188026928e-06,1,15:04:2013 ,23,45,43.7053313,-72.2831897,1366044355,False,0.0,45600.0,"8, North Park Street, Hanover, Grafton County, New Hampshire, 03755, United States",dormitory,building,,us,95.0
244,36,380.36872563449367,0.3169739380287447,0.0002641449483572,2,16:04:2013 ,0,5,43.7081024,-72.2842841,1366045555,True,1.0,1200.0,"Dana Circle Parking Lot, 64, College Street, Hanover, Grafton County, New Hampshire, 03755, United States",parking,amenity,Dana Circle Parking Lot,us,1.0
102,36,196.2986777574356,0.1635822314645296,0.0001363185262204,2,16:04:2013 ,0,25,43.7066723,-72.2869355,1366046755,True,1.0,1200.0,"Dartmouth College, College Street, Hanover, Grafton County, New Hampshire, 03755, United States",university,amenity,Dartmouth College,us,30.0
34,36,182.98566400382668,0.1524880533365222,0.0001270733777804,2,16:04:2013 ,0,45,43.7053392,-72.2831565,1366047955,True,1.0,1200.0,"8, North Park Street, Hanover, Grafton County, New Hampshire, 03755, United States",dormitory,building,,us,95.0
35,36,3.211972095134515,0.002676643412612,2.230536177176747e-06,2,16:04:2013 ,22,5,43.7053745,-72.283171,1366124755,False,0.0,76800.0,"8, North Park Street, Hanover, Grafton County, New Hampshire, 03755, United States",dormitory,building,,us,95.0
175,36,300.9800906513972,0.2508167422094976,0.0002090139518412,2,16:04:2013 ,22,25,43.7031818,-72.2909114,1366125955,True,1.0,1200.0,"Mass Parking Lot, 14, Mass Row, Hanover, Grafton County, New Hampshire, 03755, United States",parking,amenity,Mass Parking Lot,us,3.0
203,36,5.943597882801084,0.0049529982356675,4.127498529722975e-06,3,17:04:2013 ,0,45,43.7030386,-72.2907794,1366134355,False,0.0,8400.0,"Dartmouth College, College Street, Hanover, Grafton County, New Hampshire, 03755, United States",university,amenity,Dartmouth College,us,32.0
103,36,513.5874101146203,0.4279895084288502,0.0003566579236907,3,17:04:2013 ,1,5,43.7067802,-72.2869378,1366135555,True,1.0,1200.0,"Dartmouth College, College Street, Hanover, Grafton County, New Hampshire, 03755, United States",university,amenity,Dartmouth College,us,30.0
104,36,0.4392406654512588,0.000366033887876,3.050282398967075e-07,3,17:04:2013 ,2,45,43.7067348,-72.2869182,1366141555,False,0.0,6000.0,"Dartmouth College, College Street, Hanover, Grafton County, New Hampshire, 03755, United States",university,amenity,Dartmouth College,us,30.0
329,36,268.10004860332543,0.2230449655601709,0.0001855615354077,3,17:04:2013 ,3,5,43.708688,-72.28583,1366142757,True,1.0,1202.0,"F Lot Parking, 1, Dewey Field Road, Hanover, Grafton County, New Hampshire, 03755, United States",parking,amenity,F Lot Parking,us,1.0
105,36,298.46235678321864,0.0497520181335587,8.293385253135307e-06,3,17:04:2013 ,8,45,43.7066457,-72.2869839,1366163155,True,1.0,20398.0,"Dartmouth College, College Street, Hanover, Grafton County, New Hampshire, 03755, United States",university,amenity,Dartmouth College,us,30.0
106,36,1.0294708744913117,0.0008578923954094,7.149103295078551e-07,3,17:04:2013 ,11,5,43.7066399,-72.2869725,1366171555,False,0.0,8400.0,"Dartmouth College, College Street, Hanover, Grafton County, New Hampshire, 03755, United States",university,amenity,Dartmouth College,us,30.0
36,36,178.1951908785005,0.0742479961993752,3.0936665083073e-05,3,17:04:2013 ,11,45,43.7053417,-72.2831816,1366173955,True,1.0,2400.0,"8, North Park Street, Hanover, Grafton County, New Hampshire, 03755, United States",dormitory,building,,us,95.0
37,36,3.802206922413958,0.0031685057686782,2.640421473898582e-06,3,17:04:2013 ,22,5,43.705319,-72.2831851,1366211155,False,0.0,37200.0,"8, North Park Street, Hanover, Grafton County, New Hampshire, 03755, United States",dormitory,building,,us,95.0
160,36,311.0789666921669,0.2583712347941585,0.0002145940488323,3,17:04:2013 ,22,25,43.7075853,-72.2857265,1366212359,True,1.0,1204.0,"Dana Parking Lot, 64, College Street, Hanover, Grafton County, New Hampshire, 03755, United States",parking,amenity,Dana Parking Lot,us,1.0
313,36,171.3710700939685,0.1432868479046559,0.0001198050567764,3,17:04:2013 ,22,45,43.7088338,-72.2861672,1366213555,True,1.0,1196.0,"F Lot Parking, 1, Dewey Field Road, Hanover, Grafton County, New Hampshire, 03755, United States",parking,amenity,F Lot Parking,us,3.0
255,36,8.235666707155364,0.0068630555892961,5.719212991080114e-06,3,17:04:2013 ,23,5,43.7087738,-72.2861786,1366214755,False,0.0,1200.0,"Dartmouth College, College Street, Hanover, Grafton County, New Hampshire, 03755, United States",university,amenity,Dartmouth College,us,7.0
316,36,1106.349789379624,0.4609790789081767,0.0001920746162117,3,17:04:2013 ,23,45,43.7007138,-72.2886534,1366217155,True,1.0,2400.0,"Hanover Park, 3, Lebanon Street, Hanover, Grafton County, New Hampshire, 03755, United States",retail,building,Hanover Park,us,1.0
275,36,1083.742289971805,0.4517475156197603,0.0001883065925884,4,18:04:2013 ,0,25,43.7087044,-72.2863032,1366219555,True,1.0,2400.0,"Dartmouth College, College Street, Hanover, Grafton County, New Hampshire, 03755, United States",university,amenity,Dartmouth College,us,13.0
256,36,15.92229518174557,0.0132685793181213,1.1057149431767756e-05,4,18:04:2013 ,5,45,43.7086763,-72.286194,1366238755,False,0.0,19200.0,"Dartmouth College, College Street, Hanover, Grafton County, New Hampshire, 03755, United States",university,amenity,Dartmouth College,us,7.0
204,36,755.0444022342369,0.6292036685285308,0.0005243363904404,4,18:04:2013 ,6,5,43.7031756,-72.2908653,1366239955,True,1.0,1200.0,"Dartmouth College, College Street, Hanover, Grafton County, New Hampshire, 03755, United States",university,amenity,Dartmouth College,us,32.0
268,36,36.649902915918645,0.0305415857632655,2.5451321469387948e-05,4,18:04:2013 ,6,25,43.7029086,-72.2908797,1366241155,True,1.0,1200.0,"Dartmouth College, College Street, Hanover, Grafton County, New Hampshire, 03755, United States",university,amenity,Dartmouth College,us,8.0
205,36,26.79424154338444,0.022328534619487,1.860711218290585e-05,4,18:04:2013 ,6,45,43.7031038,-72.2906495,1366242355,True,1.0,1200.0,"Dartmouth College, College Street, Hanover, Grafton County, New Hampshire, 03755, United States",university,amenity,Dartmouth College,us,32.0
206,36,0.0274531059436005,2.287758828633382e-05,1.9064656905278184e-08,4,18:04:2013 ,8,25,43.7030726,-72.2906538,1366248355,False,0.0,6000.0,"Dartmouth College, College Street, Hanover, Grafton County, New Hampshire, 03755, United States",university,amenity,Dartmouth College,us,32.0
38,36,309.3121889188077,0.2577601574323397,0.0002148001311936,4,18:04:2013 ,8,45,43.705326,-72.2831936,1366249555,True,1.0,1200.0,"8, North Park Street, Hanover, Grafton County, New Hampshire, 03755, United States",dormitory,building,,us,95.0
39,36,3.321783446428773,0.0027681528720239,2.306794060019981e-06,4,18:04:2013 ,20,25,43.7053568,-72.2831905,1366291555,False,0.0,42000.0,"8, North Park Street, Hanover, Grafton County, New Hampshire, 03755, United States",dormitory,building,,us,95.0
207,36,312.6339608981507,0.2605283007484589,0.0002171069172903,4,18:04:2013 ,20,45,43.7030792,-72.2907187,1366292755,True,1.0,1200.0,"Dartmouth College, College Street, Hanover, Grafton County, New Hampshire, 03755, United States",university,amenity,Dartmouth College,us,32.0
176,36,9.30659903513937,0.0077554991959494,6.462915996624563e-06,4,18:04:2013 ,22,45,43.7031817,-72.2908135,1366299955,False,0.0,7200.0,"Mass Parking Lot, 14, Mass Row, Hanover, Grafton County, New Hampshire, 03755, United States",parking,amenity,Mass Parking Lot,us,3.0
40,36,299.92315987839817,0.2499359665653318,0.0002082799721377,4,18:04:2013 ,23,5,43.7053667,-72.2831866,1366301155,True,1.0,1200.0,"8, North Park Street, Hanover, Grafton County, New Hampshire, 03755, United States",dormitory,building,,us,95.0
41,36,2.0040514887274434,0.0016700429072728,1.3917024227273913e-06,5,19:04:2013 ,3,45,43.7053091,-72.2831837,1366317955,False,0.0,16800.0,"8, North Park Street, Hanover, Grafton County, New Hampshire, 03755, United States",dormitory,building,,us,95.0
276,36,480.8441086667032,0.4007034238889193,0.0003339195199074,5,19:04:2013 ,4,5,43.7088122,-72.2862537,1366319155,True,1.0,1200.0,"Dartmouth College, College Street, Hanover, Grafton County, New Hampshire, 03755, United States",university,amenity,Dartmouth College,us,13.0
277,36,5.119839923158174,0.0042665332692984,3.555444391082065e-06,5,19:04:2013 ,5,25,43.7088067,-72.2862845,1366323955,False,0.0,4800.0,"Dartmouth College, College Street, Hanover, Grafton County, New Hampshire, 03755, United States",university,amenity,Dartmouth College,us,13.0
269,36,808.7283866800842,0.6739403222334035,0.0005616169351945,5,19:04:2013 ,5,45,43.7029149,-72.2908668,1366325155,True,1.0,1200.0,"Dartmouth College, College Street, Hanover, Grafton County, New Hampshire, 03755, United States",university,amenity,Dartmouth College,us,8.0
270,36,6.492665477085689,0.005410554564238,4.508795470198395e-06,5,19:04:2013 ,6,25,43.7028876,-72.2908693,1366327555,False,0.0,2400.0,"Dartmouth College, College Street, Hanover, Grafton County, New Hampshire, 03755, United States",university,amenity,Dartmouth College,us,8.0
208,36,39.8207393281053,0.0331839494400877,2.7653291200073123e-05,5,19:04:2013 ,6,45,43.7031777,-72.2908523,1366328755,True,1.0,1200.0,"Dartmouth College, College Street, Hanover, Grafton County, New Hampshire, 03755, United States",university,amenity,Dartmouth College,us,32.0
271,36,40.79532562539399,0.0339961046878283,2.833008723985693e-05,5,19:04:2013 ,7,5,43.7028805,-72.2908749,1366329955,True,1.0,1200.0,"Dartmouth College, College Street, Hanover, Grafton County, New Hampshire, 03755, United States",university,amenity,Dartmouth College,us,8.0
42,36,354.8017504430941,0.2956681253692451,0.0002463901044743,5,19:04:2013 ,7,25,43.7054653,-72.2832389,1366331155,True,1.0,1200.0,"8, North Park Street, Hanover, Grafton County, New Hampshire, 03755, United States",dormitory,building,,us,95.0
43,36,70.58093385605268,0.0073529465419369,7.660117243397166e-07,5,19:04:2013 ,10,5,43.7053428,-72.2831608,1366340755,True,1.0,9600.0,"8, North Park Street, Hanover, Grafton County, New Hampshire, 03755, United States",dormitory,building,,us,95.0
44,36,0.4392441266318169,0.0003660367721931,3.0503064349431734e-07,5,19:04:2013 ,22,5,43.7053323,-72.2831623,1366383955,False,0.0,43200.0,"8, North Park Street, Hanover, Grafton County, New Hampshire, 03755, United States",dormitory,building,,us,95.0
308,36,621.0853547670865,0.172523709657524,4.792325268264557e-05,5,19:04:2013 ,23,5,43.7008076,-72.2889049,1366387555,True,1.0,3600.0,"Hanover Park, 3, Lebanon Street, Hanover, Grafton County, New Hampshire, 03755, United States",retail,building,Hanover Park,us,1.0
309,36,8.085040996758583,0.0232328764274671,6.676113915938847e-05,5,19:04:2013 ,23,31,43.7008723,-72.289074,1366389103,False,0.0,1548.0,"Hanover Park, 3, Lebanon Street, Hanover, Grafton County, New Hampshire, 03755, United States",retail,building,Hanover Park,us,1.0
278,36,1085.4439433307195,0.528968783299571,0.0002577820581381,6,20:04:2013 ,0,5,43.70878,-72.2862949,1366391155,True,1.0,2052.0,"Dartmouth College, College Street, Hanover, Grafton County, New Hampshire, 03755, United States",university,amenity,Dartmouth College,us,13.0
279,36,4.7629612819126015,0.0039691344015938,3.307612001328196e-06,6,20:04:2013 ,2,25,43.7087949,-72.2862905,1366399555,False,0.0,8400.0,"Dartmouth College, College Street, Hanover, Grafton County, New Hampshire, 03755, United States",university,amenity,Dartmouth College,us,13.0
152,36,322.53830514750274,0.1343909604781261,5.5996233532552566e-05,6,20:04:2013 ,3,5,43.7064451,-72.2833124,1366401955,True,1.0,2400.0,"20, North Park Street, Hanover, Grafton County, New Hampshire, 03755, United States",dormitory,building,,us,1.0
107,36,25.228913573008203,0.0210240946441735,1.7520078870144585e-05,6,20:04:2013 ,3,25,43.7066289,-72.2869826,1366403155,True,1.0,1200.0,"Dartmouth College, College Street, Hanover, Grafton County, New Hampshire, 03755, United States",university,amenity,Dartmouth College,us,30.0
303,36,797.3039132792294,0.6644199277326912,0.0005536832731105,6,20:04:2013 ,3,45,43.7008204,-72.2883236,1366404355,True,1.0,1200.0,"7, Lebanon Street, Hanover, Grafton County, New Hampshire, 03755, United States",commercial,building,,us,1.0
296,36,9.691045074264464,0.0020214945920451,4.2167179642160053e-07,6,20:04:2013 ,5,5,43.701296,-72.2878974,1366409155,False,0.0,4800.0,"Dartmouth College, College Street, Hanover, Grafton County, New Hampshire, 03755, United States",university,amenity,Dartmouth College,us,3.0
291,36,32.559687032259966,0.0271330725268833,2.261089377240276e-05,6,20:04:2013 ,5,25,43.7015332,-72.2880244,1366410355,True,1.0,1200.0,"Dartmouth College, College Street, Hanover, Grafton County, New Hampshire, 03755, United States",university,amenity,Dartmouth College,us,1.0
45,36,539.6722195156846,0.229941295064203,9.797243079003112e-05,6,20:04:2013 ,6,5,43.7053485,-72.2831779,1366412703,True,1.0,2348.0,"8, North Park Street, Hanover, Grafton County, New Hampshire, 03755, United States",dormitory,building,,us,95.0
46,36,1.5373543269100318,0.0012811286057583,1.0676071714652998e-06,0,21:04:2013 ,20,45,43.7053386,-72.2831917,1366551955,False,0.0,139252.0,"8, North Park Street, Hanover, Grafton County, New Hampshire, 03755, United States",dormitory,building,,us,95.0
239,36,383.4708230617645,0.3195590192181371,0.0002662991826817,0,21:04:2013 ,21,5,43.7081323,-72.2846439,1366553155,True,1.0,1200.0,"Anonymous Hall, 64, College Street, Hanover, Grafton County, New Hampshire, 03755, United States",university,building,Anonymous Hall,us,1.0
317,36,80.98422722373687,0.0674868560197807,5.62390466831506e-05,0,21:04:2013 ,21,25,43.7087223,-72.2864256,1366554355,True,1.0,1200.0,"Dartmouth College, College Street, Hanover, Grafton County, New Hampshire, 03755, United States",university,amenity,Dartmouth College,us,3.0
257,36,4.5982494422062805,0.0038318745351719,3.193228779309917e-06,1,22:04:2013 ,3,45,43.708702,-72.286196,1366577155,False,0.0,22800.0,"Dartmouth College, College Street, Hanover, Grafton County, New Hampshire, 03755, United States",university,amenity,Dartmouth College,us,7.0
177,36,755.6757142315237,0.3148648809298015,0.0001311937003874,1,22:04:2013 ,4,25,43.7031967,-72.2908306,1366579555,True,1.0,2400.0,"Mass Parking Lot, 14, Mass Row, Hanover, Grafton County, New Hampshire, 03755, United States",parking,amenity,Mass Parking Lot,us,3.0
209,36,4.612121171389273,0.003843434309491,3.202861924575884e-06,1,22:04:2013 ,8,25,43.703081,-72.2906834,1366593955,False,0.0,14400.0,"Dartmouth College, College Street, Hanover, Grafton County, New Hampshire, 03755, United States",university,amenity,Dartmouth College,us,32.0
47,36,324.3151016013926,0.2702625846678271,0.0002252188205565,1,22:04:2013 ,8,45,43.7054437,-72.2832229,1366595155,True,1.0,1200.0,"8, North Park Street, Hanover, Grafton County, New Hampshire, 03755, United States",dormitory,building,,us,95.0
48,36,0.9196673392481772,0.0007663894493734,6.386578744779007e-07,1,22:04:2013 ,23,25,43.7053371,-72.2831625,1366647955,False,0.0,52800.0,"8, North Park Street, Hanover, Grafton County, New Hampshire, 03755, United States",dormitory,building,,us,95.0
127,36,216.93072233853965,0.180775601948783,0.0001506463349573,1,22:04:2013 ,23,45,43.7069175,-72.2869239,1366649155,True,1.0,1200.0,"Dartmouth College, College Street, Hanover, Grafton County, New Hampshire, 03755, United States",university,amenity,Dartmouth College,us,18.0
108,36,32.311629428380854,0.026926357856984,2.2438631547486705e-05,2,23:04:2013 ,0,5,43.7066821,-72.286964,1366650355,True,1.0,1200.0,"Dartmouth College, College Street, Hanover, Grafton County, New Hampshire, 03755, United States",university,amenity,Dartmouth College,us,30.0
109,36,1.729510559549151,0.0014412587996242,1.2010489996869105e-06,2,23:04:2013 ,0,25,43.7066947,-72.2869741,1366651555,False,0.0,1200.0,"Dartmouth College, College Street, Hanover, Grafton County, New Hampshire, 03755, United States",university,amenity,Dartmouth College,us,30.0
128,36,31.43314676333525,0.026194288969446,2.182857414120504e-05,2,23:04:2013 ,0,45,43.7069237,-72.2869297,1366652755,True,1.0,1200.0,"Dartmouth College, College Street, Hanover, Grafton County, New Hampshire, 03755, United States",university,amenity,Dartmouth College,us,18.0
110,36,10.157435884268164,0.0084645299035568,7.053774919630671e-06,2,23:04:2013 ,2,5,43.7067755,-72.2869203,1366657555,False,0.0,4800.0,"Dartmouth College, College Street, Hanover, Grafton County, New Hampshire, 03755, United States",university,amenity,Dartmouth College,us,30.0
129,36,22.75814101921913,0.0189651175160159,1.580426459667995e-05,2,23:04:2013 ,2,25,43.7069413,-72.2869203,1366658755,True,1.0,1200.0,"Dartmouth College, College Street, Hanover, Grafton County, New Hampshire, 03755, United States",university,amenity,Dartmouth College,us,18.0
111,36,16.238165865491585,0.0135318048879096,1.1276504073258044e-05,2,23:04:2013 ,7,45,43.7068113,-72.2869248,1366677955,False,0.0,19200.0,"Dartmouth College, College Street, Hanover, Grafton County, New Hampshire, 03755, United States",university,amenity,Dartmouth College,us,30.0
130,36,22.34634887733799,0.0186219573977816,1.5518297831484718e-05,2,23:04:2013 ,8,5,43.7069741,-72.2869012,1366679155,True,1.0,1200.0,"Dartmouth College, College Street, Hanover, Grafton County, New Hampshire, 03755, United States",university,amenity,Dartmouth College,us,18.0
131,36,2.0040327491110137,0.0016700272909258,1.391689409104871e-06,2,23:04:2013 ,8,25,43.7069887,-72.286931,1366680355,False,0.0,1200.0,"Dartmouth College, College Street, Hanover, Grafton County, New Hampshire, 03755, United States",university,amenity,Dartmouth College,us,18.0
49,36,227.96664194210044,0.0316620336030695,4.397504667092986e-06,2,23:04:2013 ,10,25,43.7053279,-72.2831764,1366687555,True,1.0,7200.0,"8, North Park Street, Hanover, Grafton County, New Hampshire, 03755, United States",dormitory,building,,us,95.0
50,36,0.2745275665069316,0.0002287729720891,1.9064414340759145e-07,2,23:04:2013 ,22,5,43.7053377,-72.2831606,1366729555,False,0.0,42000.0,"8, North Park Street, Hanover, Grafton County, New Hampshire, 03755, United States",dormitory,building,,us,95.0
210,36,307.9944196237381,0.2566620163531151,0.0002138850136275,2,23:04:2013 ,22,25,43.7030939,-72.2907601,1366730755,True,1.0,1200.0,"Dartmouth College, College Street, Hanover, Grafton County, New Hampshire, 03755, United States",university,amenity,Dartmouth College,us,32.0
211,36,2.0178020975540663,0.0016815017479617,1.401251456634768e-06,3,24:04:2013 ,1,5,43.7031711,-72.2909096,1366740355,False,0.0,9600.0,"Dartmouth College, College Street, Hanover, Grafton County, New Hampshire, 03755, United States",university,amenity,Dartmouth College,us,32.0
51,36,296.60139427639007,0.2471678285636583,0.0002059731904697,3,24:04:2013 ,1,25,43.7053319,-72.2831826,1366741555,True,1.0,1200.0,"8, North Park Street, Hanover, Grafton County, New Hampshire, 03755, United States",dormitory,building,,us,95.0
280,36,466.5826159204457,0.3888188466003714,0.0003240157055003,3,24:04:2013 ,1,45,43.7087311,-72.2863923,1366742755,True,1.0,1200.0,"Dartmouth College, College Street, Hanover, Grafton County, New Hampshire, 03755, United States",university,amenity,Dartmouth College,us,13.0
281,36,0.5764971827001666,0.0004804143189168,4.003452657640046e-07,3,24:04:2013 ,2,45,43.7086432,-72.2863102,1366746355,False,0.0,3600.0,"Dartmouth College, College Street, Hanover, Grafton County, New Hampshire, 03755, United States",university,amenity,Dartmouth College,us,13.0
318,36,26.01099030644237,0.0216758252553686,1.80631877128072e-05,3,24:04:2013 ,3,5,43.7088327,-72.2865442,1366747555,True,1.0,1200.0,"Dartmouth College, College Street, Hanover, Grafton County, New Hampshire, 03755, United States",university,amenity,Dartmouth College,us,3.0
319,36,2.086369616738406,0.0017400914234682,1.4512855908825929e-06,3,24:04:2013 ,3,45,43.7087501,-72.2864982,1366749955,False,0.0,2400.0,"Dartmouth College, College Street, Hanover, Grafton County, New Hampshire, 03755, United States",university,amenity,Dartmouth College,us,3.0
282,36,22.6343746449682,0.0188619788708068,1.5718315725672356e-05,3,24:04:2013 ,4,5,43.7085852,-72.2862769,1366751155,True,1.0,1200.0,"Dartmouth College, College Street, Hanover, Grafton County, New Hampshire, 03755, United States",university,amenity,Dartmouth College,us,13.0
283,36,12.984913668824763,0.0108207613906873,9.017301158906088e-06,3,24:04:2013 ,4,25,43.7086798,-72.2863384,1366752355,False,0.0,1200.0,"Dartmouth College, College Street, Hanover, Grafton County, New Hampshire, 03755, United States",university,amenity,Dartmouth College,us,13.0
52,36,456.5213138365345,0.0237771517623195,1.2383933209541409e-06,3,24:04:2013 ,9,45,43.7053539,-72.2831817,1366771555,True,1.0,19200.0,"8, North Park Street, Hanover, Grafton County, New Hampshire, 03755, United States",dormitory,building,,us,95.0
53,36,0.8784882738965609,0.0007320735615804,6.100613013170562e-07,4,25:04:2013 ,0,5,43.7053296,-72.28318,1366823155,False,0.0,51600.0,"8, North Park Street, Hanover, Grafton County, New Hampshire, 03755, United States",dormitory,building,,us,95.0
352,36,553.7433091501372,0.2305342669234542,9.597596458095516e-05,4,25:04:2013 ,0,45,43.7093638,-72.2836571,1366825557,True,1.0,2402.0,"Dewey Field Road, Hanover, Grafton County, New Hampshire, 03755, United States",service,road,Dewey Field Road,us,1.0
258,36,106.143914394096,0.0886009302121001,7.395737079474137e-05,4,25:04:2013 ,1,5,43.7085905,-72.286223,1366826755,True,1.0,1198.0,"Dartmouth College, College Street, Hanover, Grafton County, New Hampshire, 03755, United States",university,amenity,Dartmouth College,us,7.0
259,36,2.388345576031649,0.0019902879800263,1.658573316688645e-06,4,25:04:2013 ,4,45,43.7086288,-72.2861731,1366839955,False,0.0,13200.0,"Dartmouth College, College Street, Hanover, Grafton County, New Hampshire, 03755, United States",university,amenity,Dartmouth College,us,7.0
212,36,752.2169348006228,0.6268474456671856,0.0005223728713893,4,25:04:2013 ,5,5,43.7031487,-72.2908291,1366841155,True,1.0,1200.0,"Dartmouth College, College Street, Hanover, Grafton County, New Hampshire, 03755, United States",university,amenity,Dartmouth College,us,32.0
272,36,6.2318594476665,0.0051932162063887,4.327680171990626e-06,4,25:04:2013 ,6,25,43.7029706,-72.2908404,1366845955,False,0.0,4800.0,"Dartmouth College, College Street, Hanover, Grafton County, New Hampshire, 03755, United States",university,amenity,Dartmouth College,us,8.0
213,36,20.507473398716552,0.0170895611655971,1.4241300971330938e-05,4,25:04:2013 ,6,45,43.70312,-72.2907638,1366847155,True,1.0,1200.0,"Dartmouth College, College Street, Hanover, Grafton County, New Hampshire, 03755, United States",university,amenity,Dartmouth College,us,32.0
214,36,5.614159030886912,0.0046784658590724,3.898721549227022e-06,4,25:04:2013 ,8,25,43.7030891,-72.2906604,1366853155,False,0.0,6000.0,"Dartmouth College, College Street, Hanover, Grafton County, New Hampshire, 03755, United States",university,amenity,Dartmouth College,us,32.0
54,36,311.5907389025535,0.1298294745427306,5.409561439280442e-05,4,25:04:2013 ,9,5,43.7053591,-72.283207,1366855555,True,1.0,2400.0,"8, North Park Street, Hanover, Grafton County, New Hampshire, 03755, United States",dormitory,building,,us,95.0
55,36,0.6863189174993304,0.0005719324312494,4.76610359374535e-07,6,27:04:2013 ,23,45,43.7053411,-72.2831684,1367081155,False,0.0,225600.0,"8, North Park Street, Hanover, Grafton County, New Hampshire, 03755, United States",dormitory,building,,us,95.0
284,36,468.5042479807777,0.0739082265311212,1.1659287984086015e-05,0,28:04:2013 ,1,31,43.7087543,-72.2863115,1367087494,True,1.0,6339.0,"Dartmouth College, College Street, Hanover, Grafton County, New Hampshire, 03755, United States",university,amenity,Dartmouth College,us,13.0
314,36,3.596240462749199,0.0029968670522909,2.4973892102424992e-06,0,28:04:2013 ,5,31,43.7088499,-72.286169,1367101893,False,0.0,14399.0,"F Lot Parking, 1, Dewey Field Road, Hanover, Grafton County, New Hampshire, 03755, United States",parking,amenity,F Lot Parking,us,3.0
56,36,480.6381111797244,0.400531759316437,0.000333776466097,0,28:04:2013 ,5,51,43.7053483,-72.2832217,1367103093,True,1.0,1200.0,"8, North Park Street, Hanover, Grafton County, New Hampshire, 03755, United States",dormitory,building,,us,95.0
297,36,549.6652457164452,0.4576729772826354,0.0003810765839155,0,28:04:2013 ,6,11,43.7013439,-72.2880029,1367104294,True,1.0,1201.0,"Dartmouth College, College Street, Hanover, Grafton County, New Hampshire, 03755, United States",university,amenity,Dartmouth College,us,3.0
298,36,0.0,0.0,0.0,0,28:04:2013 ,6,51,43.7013543,-72.2879861,1367106694,False,0.0,2400.0,"Dartmouth College, College Street, Hanover, Grafton County, New Hampshire, 03755, United States",university,amenity,Dartmouth College,us,3.0
158,36,589.1559677021435,0.030686804922243,1.598354337321892e-06,0,28:04:2013 ,12,11,43.7056464,-72.2832071,1367125893,True,1.0,19199.0,"14, North Park Street, Hanover, Grafton County, New Hampshire, 03755, United States",dormitory,building,,us,4.0
57,36,44.70677786833638,0.0372246277005298,3.099469417196492e-05,0,28:04:2013 ,12,31,43.7053207,-72.2831872,1367127094,True,1.0,1201.0,"8, North Park Street, Hanover, Grafton County, New Hampshire, 03755, United States",dormitory,building,,us,95.0
58,36,1.949145945485456,0.0016256429903965,1.3558323522906956e-06,0,28:04:2013 ,23,11,43.7053256,-72.2831764,1367165493,False,0.0,38399.0,"8, North Park Street, Hanover, Grafton County, New Hampshire, 03755, United States",dormitory,building,,us,95.0
330,36,3.061783511055249,0.0025514862592127,2.1262385493439225e-06,1,29:04:2013 ,9,51,43.6587223,-72.2486884,1367203893,False,0.0,38400.0,"Wheelock Office Park, 31, Old Etna Road, Lebanon, Grafton County, New Hampshire, 03766, United States",office,building,Wheelock Office Park,us,11.0
59,36,8.71624858553506,0.0072635404879458,6.05295040662157e-06,1,29:04:2013 ,20,11,43.7054043,-72.2831893,1367241094,False,0.0,37201.0,"8, North Park Street, Hanover, Grafton County, New Hampshire, 03755, United States",dormitory,building,,us,95.0
343,36,489.53247331548937,0.1359812425876359,3.7772567385454426e-05,1,29:04:2013 ,21,11,43.7089707,-72.284168,1367244694,True,1.0,3600.0,"Life Sciences Greenhouse, 78, College Street, Hanover, Grafton County, New Hampshire, 03755, United States",house,place,Life Sciences Greenhouse,us,5.0
344,36,0.0960826878495194,0.0010221562537182,1.0874002699130768e-05,1,29:04:2013 ,21,53,43.7089707,-72.2841674,1367247187,False,0.0,2493.0,"Life Sciences Greenhouse, 78, College Street, Hanover, Grafton County, New Hampshire, 03755, United States",house,place,Life Sciences Greenhouse,us,5.0
350,36,26.03842236820515,0.0232071500607889,2.068373445703111e-05,1,29:04:2013 ,22,11,43.708781,-72.2843879,1367248309,True,1.0,1122.0,"Dewey Field Road, Hanover, Grafton County, New Hampshire, 03755, United States",bicycle_parking,amenity,,us,1.0
247,36,770.7608481383032,0.3233057248902278,0.0001356148174875,1,29:04:2013 ,22,51,43.7031658,-72.2909683,1367250693,True,1.0,2384.0,"Dartmouth College, College Street, Hanover, Grafton County, New Hampshire, 03755, United States",university,amenity,Dartmouth College,us,8.0
285,36,772.6687777583121,0.3219453240659634,0.0001341438850274,1,29:04:2013 ,23,31,43.7087949,-72.2862053,1367253093,True,1.0,2400.0,"Dartmouth College, College Street, Hanover, Grafton County, New Hampshire, 03755, United States",university,amenity,Dartmouth College,us,13.0
347,36,4.296269844049414,0.0035802248700411,2.9835207250343154e-06,2,30:04:2013 ,1,51,43.7089419,-72.2863518,1367261493,False,0.0,8400.0,"37, Dewey Field Road, Hanover, Grafton County, New Hampshire, 03755, United States",university,building,,us,2.0
112,36,314.31599747609573,0.2619299978967464,0.0002182749982472,2,30:04:2013 ,2,11,43.706652,-72.286935,1367262693,True,1.0,1200.0,"Dartmouth College, College Street, Hanover, Grafton County, New Hampshire, 03755, United States",university,amenity,Dartmouth College,us,30.0
178,36,14.563577370093508,0.0121262093006607,1.0096760450175442e-05,2,30:04:2013 ,3,51,43.706737,-72.2832832,1367268694,False,0.0,6001.0,"22, North Park Street, Hanover, Grafton County, New Hampshire, 03755, United States",dormitory,building,,us,1.0
60,36,190.3154819503389,0.1585962349586158,0.0001321635291321,2,30:04:2013 ,4,11,43.7053505,-72.283148,1367269894,True,1.0,1200.0,"8, North Park Street, Hanover, Grafton County, New Hampshire, 03755, United States",dormitory,building,,us,95.0
61,36,3.747301065090285,0.0031227508875752,2.6022924063126977e-06,3,01:05:2013 ,22,31,43.7053629,-72.283171,1367422294,False,0.0,152400.0,"8, North Park Street, Hanover, Grafton County, New Hampshire, 03755, United States",dormitory,building,,us,95.0
310,36,614.7984086425953,0.1279230979281305,2.6617373684588125e-05,3,01:05:2013 ,23,51,43.700884,-72.2873594,1367427100,True,1.0,4806.0,"C&A Pizza, 17, Lebanon Street, Hanover, Grafton County, New Hampshire, 03755, United States",restaurant,amenity,C&A Pizza,us,1.0
331,36,0.1372997118833046,0.0001144164265694,9.534702214118377e-08,4,02:05:2013 ,5,31,43.6587316,-72.2486962,1367447493,False,0.0,20393.0,"Wheelock Office Park, 31, Old Etna Road, Lebanon, Grafton County, New Hampshire, 03766, United States",office,building,Wheelock Office Park,us,11.0
215,36,20.04077206600299,0.0167006433883358,1.391720282361319e-05,4,02:05:2013 ,6,51,43.7031046,-72.2907755,1367452293,True,1.0,4800.0,"Dartmouth College, College Street, Hanover, Grafton County, New Hampshire, 03755, United States",university,amenity,Dartmouth College,us,32.0
216,36,3.6375366275956975,0.0030312805229964,2.5260671024970124e-06,4,02:05:2013 ,8,31,43.7030824,-72.2906667,1367458293,False,0.0,6000.0,"Dartmouth College, College Street, Hanover, Grafton County, New Hampshire, 03755, United States",university,amenity,Dartmouth College,us,32.0
332,36,0.0137299699236125,1.1441641603010415e-05,9.534701335842014e-09,4,02:05:2013 ,11,11,43.6587495,-72.2487262,1367467894,False,0.0,9601.0,"Wheelock Office Park, 31, Old Etna Road, Lebanon, Grafton County, New Hampshire, 03766, United States",office,building,Wheelock Office Park,us,11.0
62,36,1.0432047150842154,0.0008700623144989,7.256566426179555e-07,0,05:05:2013 ,0,51,43.7053413,-72.2831798,1367689893,False,0.0,221999.0,"8, North Park Street, Hanover, Grafton County, New Hampshire, 03755, United States",dormitory,building,,us,95.0
333,36,8.032033907976972,0.0066877884329533,5.568516596963654e-06,0,05:05:2013 ,8,51,43.6587421,-72.2486958,1367718694,False,0.0,28801.0,"Wheelock Office Park, 31, Old Etna Road, Lebanon, Grafton County, New Hampshire, 03766, United States",office,building,Wheelock Office Park,us,11.0
63,36,144.09908894068846,0.1200825741172403,0.0001000688117643,0,05:05:2013 ,10,11,43.7053461,-72.2831704,1367723493,True,1.0,4799.0,"8, North Park Street, Hanover, Grafton County, New Hampshire, 03755, United States",dormitory,building,,us,95.0
64,36,3.157066742886931,0.0026308889524057,2.1924074603381465e-06,1,06:05:2013 ,22,11,43.7053427,-72.2831959,1367853093,False,0.0,129600.0,"8, North Park Street, Hanover, Grafton County, New Hampshire, 03755, United States",dormitory,building,,us,95.0
248,36,299.12706062566537,0.2490649963577563,0.0002073813458432,1,06:05:2013 ,22,31,43.7031635,-72.2909681,1367854294,True,1.0,1201.0,"Dartmouth College, College Street, Hanover, Grafton County, New Hampshire, 03755, United States",university,amenity,Dartmouth College,us,8.0
217,36,3.2669177291822407,0.0027224314409852,2.268692867487667e-06,1,06:05:2013 ,23,11,43.703164,-72.2909079,1367856693,False,0.0,2399.0,"Dartmouth College, College Street, Hanover, Grafton County, New Hampshire, 03755, United States",university,amenity,Dartmouth College,us,32.0
260,36,754.2346102249074,0.3141335319553966,0.0001308344572908,1,06:05:2013 ,23,51,43.7086588,-72.2861252,1367859094,True,1.0,2401.0,"Dartmouth College, College Street, Hanover, Grafton County, New Hampshire, 03755, United States",university,amenity,Dartmouth College,us,7.0
286,36,1.9491093647939344,0.0016242578039949,1.3535481699957876e-06,2,07:05:2013 ,1,31,43.7086668,-72.2863758,1367865093,False,0.0,5999.0,"Dartmouth College, College Street, Hanover, Grafton County, New Hampshire, 03755, United States",university,amenity,Dartmouth College,us,13.0
113,36,285.42264234979933,0.2378522019581661,0.0001982101682984,2,07:05:2013 ,1,51,43.7065874,-72.2869464,1367866293,True,1.0,1200.0,"Dartmouth College, College Street, Hanover, Grafton County, New Hampshire, 03755, United States",university,amenity,Dartmouth College,us,30.0
148,36,77.86928022002108,0.009271256128113,1.103852378629956e-06,2,07:05:2013 ,7,31,43.7061161,-72.2833509,1367886693,True,1.0,20400.0,"18, North Park Street, Hanover, Grafton County, New Hampshire, 03755, United States",dormitory,building,,us,3.0
65,36,104.64967555065388,0.0872080629588782,7.26733857990652e-05,2,07:05:2013 ,7,51,43.7053537,-72.2831732,1367887893,True,1.0,1200.0,"8, North Park Street, Hanover, Grafton County, New Hampshire, 03755, United States",dormitory,building,,us,95.0
66,36,0.5353287005953474,0.0004461072504961,3.717560420801024e-07,3,08:05:2013 ,0,11,43.7053549,-72.2832091,1367946693,False,0.0,58800.0,"8, North Park Street, Hanover, Grafton County, New Hampshire, 03755, United States",dormitory,building,,us,95.0
218,36,317.74024236662115,0.2647835353055176,0.0002206529460879,3,08:05:2013 ,0,31,43.7030401,-72.2907235,1367947893,True,1.0,1200.0,"Dartmouth College, College Street, Hanover, Grafton County, New Hampshire, 03755, United States",university,amenity,Dartmouth College,us,32.0
219,36,18.14649970486004,0.0151220830873833,1.2601735906152803e-05,3,08:05:2013 ,0,51,43.7031723,-72.2909171,1367949093,False,0.0,1200.0,"Dartmouth College, College Street, Hanover, Grafton County, New Hampshire, 03755, United States",university,amenity,Dartmouth College,us,32.0
179,36,37.36362791286244,0.0310845490123647,2.586068969414705e-05,3,08:05:2013 ,1,11,43.7034445,-72.2911866,1367950295,True,1.0,1202.0,"Dartmouth College, College Street, Hanover, Grafton County, New Hampshire, 03755, United States",university,amenity,Dartmouth College,us,1.0
159,36,495.4126961286811,0.2065941184856885,8.61526765995365e-05,3,08:05:2013 ,1,51,43.7070537,-72.2867802,1367952693,True,1.0,2398.0,"Dartmouth College, College Street, Hanover, Grafton County, New Hampshire, 03755, United States",university,amenity,Dartmouth College,us,1.0
114,36,49.48316733413627,0.0412359727784468,3.4363310648705743e-05,3,08:05:2013 ,2,11,43.7066932,-72.2869521,1367953893,True,1.0,1200.0,"Dartmouth College, College Street, Hanover, Grafton County, New Hampshire, 03755, United States",university,amenity,Dartmouth College,us,30.0
132,36,4.831641612555935,0.0039701245789284,3.262222332726754e-06,3,08:05:2013 ,3,51,43.7069615,-72.2869764,1367959894,False,0.0,6001.0,"Dartmouth College, College Street, Hanover, Grafton County, New Hampshire, 03755, United States",university,amenity,Dartmouth College,us,18.0
334,36,0.810068207394675,0.0006750568394955,5.625473662463021e-07,3,08:05:2013 ,9,31,43.6587472,-72.2486998,1367980293,False,0.0,20399.0,"Wheelock Office Park, 31, Old Etna Road, Lebanon, Grafton County, New Hampshire, 03766, United States",office,building,Wheelock Office Park,us,11.0
67,36,0.1509901509918044,0.0001258251258265,1.0485427152208641e-07,5,10:05:2013 ,21,51,43.7053508,-72.2831689,1368197493,False,0.0,217200.0,"8, North Park Street, Hanover, Grafton County, New Hampshire, 03755, United States",dormitory,building,,us,95.0
266,36,308.18656866666146,0.2568221405555512,0.0002140184504629,5,10:05:2013 ,22,11,43.7031056,-72.2904289,1368198693,True,1.0,1200.0,"Class of 1953 Commons, 6, Mass Row, Hanover, Grafton County, New Hampshire, 03755, United States",university,building,Class of 1953 Commons,us,2.0
249,36,2.704129730423363,0.0022534414420194,1.8778678683495571e-06,5,10:05:2013 ,22,51,43.7031628,-72.290975,1368201093,False,0.0,2400.0,"Dartmouth College, College Street, Hanover, Grafton County, New Hampshire, 03755, United States",university,amenity,Dartmouth College,us,8.0
115,36,483.8559597566657,0.1344044332657404,3.733456479603902e-05,5,10:05:2013 ,23,51,43.7066878,-72.2870103,1368204693,True,1.0,3600.0,"Dartmouth College, College Street, Hanover, Grafton County, New Hampshire, 03755, United States",university,amenity,Dartmouth College,us,30.0
116,36,5.559139244198031,0.0046326160368316,3.86051336402641e-06,6,11:05:2013 ,0,31,43.706727,-72.2868873,1368207093,False,0.0,2400.0,"Dartmouth College, College Street, Hanover, Grafton County, New Hampshire, 03755, United States",university,amenity,Dartmouth College,us,30.0
68,36,170.9750334158099,0.1424791945131749,0.0001187326620943,6,11:05:2013 ,0,51,43.7054814,-72.2832438,1368208293,True,1.0,1200.0,"8, North Park Street, Hanover, Grafton County, New Hampshire, 03755, United States",dormitory,building,,us,95.0
69,36,24.982001316903705,0.020818334430753,1.734861202562757e-05,6,11:05:2013 ,1,11,43.7052994,-72.2831774,1368209493,True,1.0,1200.0,"8, North Park Street, Hanover, Grafton County, New Hampshire, 03755, United States",dormitory,building,,us,95.0
70,36,4.076734573593535,0.0033972788113279,2.831065676106622e-06,6,11:05:2013 ,2,31,43.7053148,-72.2832078,1368214293,False,0.0,4800.0,"8, North Park Street, Hanover, Grafton County, New Hampshire, 03755, United States",dormitory,building,,us,95.0
171,36,160.7638934363423,0.133858362561484,0.0001114557556715,6,11:05:2013 ,2,51,43.7041436,-72.284451,1368215494,True,1.0,1201.0,"Andres Hall, 8, Ivy Lane, Hanover, Grafton County, New Hampshire, 03755, United States",dormitory,building,Andres Hall,us,1.0
321,36,526.1961838039406,0.4384968198366171,0.0003654140165305,6,11:05:2013 ,3,11,43.7003102,-72.2900789,1368216694,True,1.0,1200.0,"63, South Main Street, Hanover, Grafton County, New Hampshire, 03755, United States",commercial,building,,us,1.0
348,36,1190.8914755140495,0.9924095629283748,0.0008270079691069,6,11:05:2013 ,3,31,43.7089861,-72.2863088,1368217894,True,1.0,1200.0,"37, Dewey Field Road, Hanover, Grafton County, New Hampshire, 03755, United States",university,building,,us,2.0
287,36,24.67953509169838,0.0205834321031679,1.7167166057688037e-05,6,11:05:2013 ,3,51,43.7088063,-72.2862682,1368219093,True,1.0,1199.0,"Dartmouth College, College Street, Hanover, Grafton County, New Hampshire, 03755, United States",university,amenity,Dartmouth College,us,13.0
261,36,4.447264484731909,0.0037060537372765,3.08837811439716e-06,6,11:05:2013 ,10,51,43.7086089,-72.2861238,1368244293,False,0.0,25200.0,"Dartmouth College, College Street, Hanover, Grafton County, New Hampshire, 03755, United States",university,amenity,Dartmouth College,us,7.0
335,36,6.878715137879941,0.0057370434844703,4.784856951184607e-06,6,11:05:2013 ,11,51,43.6587158,-72.2487305,1368247893,False,0.0,3600.0,"Wheelock Office Park, 31, Old Etna Road, Lebanon, Grafton County, New Hampshire, 03766, United States",office,building,Wheelock Office Park,us,11.0
71,36,1.1118364329663886,0.0009265303608053,7.721086340044365e-07,6,11:05:2013 ,23,11,43.7053687,-72.2832211,1368288693,False,0.0,40800.0,"8, North Park Street, Hanover, Grafton County, New Hampshire, 03755, United States",dormitory,building,,us,95.0
315,36,473.6377410216938,0.0986745293795195,2.055719362073324e-05,0,12:05:2013 ,0,31,43.7088193,-72.2861502,1368293493,True,1.0,4800.0,"F Lot Parking, 1, Dewey Field Road, Hanover, Grafton County, New Hampshire, 03755, United States",parking,amenity,F Lot Parking,us,3.0
346,36,18.48905939588409,0.01540754949657,1.2839624580475066e-05,0,12:05:2013 ,5,31,43.7089902,-72.2859544,1368311493,False,0.0,18000.0,"F Lot Parking, 1, Dewey Field Road, Hanover, Grafton County, New Hampshire, 03755, United States",parking,amenity,F Lot Parking,us,1.0
351,36,0.5492717883511683,0.5492717883511683,0.5492717883511683,0,12:05:2013 ,7,31,43.6350655,-72.3161115,1368318694,False,0.0,7201.0,"South Main Street, Glen Road Plaza, West Lebanon, Lebanon, Grafton County, New Hampshire, 03784, United States",parking,amenity,,us,1.0
72,36,2.6766438755055333,0.0022323968936659,1.8618823133160964e-06,0,12:05:2013 ,23,11,43.7053223,-72.2832378,1368375093,False,0.0,56399.0,"8, North Park Street, Hanover, Grafton County, New Hampshire, 03755, United States",dormitory,building,,us,95.0
149,36,106.68118940690886,0.088900991172424,7.408415931035337e-05,0,12:05:2013 ,23,31,43.7060995,-72.2832254,1368376293,True,1.0,1200.0,"18, North Park Street, Hanover, Grafton County, New Hampshire, 03755, United States",dormitory,building,,us,3.0
336,36,0.9336381457274994,0.9336381457274994,0.9336381457274994,1,13:05:2013 ,3,31,43.6587129,-72.2487165,1368390694,False,0.0,14401.0,"Wheelock Office Park, 31, Old Etna Road, Lebanon, Grafton County, New Hampshire, 03766, United States",office,building,Wheelock Office Park,us,11.0
220,36,0.6314216226337256,0.0005261846855281,4.384872379400872e-07,1,13:05:2013 ,8,31,43.7030232,-72.2907356,1368408693,False,0.0,17999.0,"Dartmouth College, College Street, Hanover, Grafton County, New Hampshire, 03755, United States",university,amenity,Dartmouth College,us,32.0
73,36,315.44796722882035,0.2626544273345715,0.0002186964424101,1,13:05:2013 ,8,51,43.7053213,-72.2832548,1368409894,True,1.0,1201.0,"8, North Park Street, Hanover, Grafton County, New Hampshire, 03755, United States",dormitory,building,,us,95.0
74,36,0.2333483972833081,0.000194456997736,1.620474981134084e-07,2,14:05:2013 ,3,11,43.7053651,-72.2832078,1368475894,False,0.0,66000.0,"8, North Park Street, Hanover, Grafton County, New Hampshire, 03755, United States",dormitory,building,,us,95.0
337,36,1.784896509928697,0.0014886543035268,1.2415799028580927e-06,2,14:05:2013 ,11,51,43.6587108,-72.2487436,1368507093,False,0.0,31199.0,"Wheelock Office Park, 31, Old Etna Road, Lebanon, Grafton County, New Hampshire, 03766, United States",office,building,Wheelock Office Park,us,11.0
75,36,1.7432497813456846,0.0014514985689805,1.2085749949879988e-06,3,15:05:2013 ,20,31,43.7053598,-72.2832023,1368624694,False,0.0,117601.0,"8, North Park Street, Hanover, Grafton County, New Hampshire, 03755, United States",dormitory,building,,us,95.0
246,36,278.7019418879473,0.0580750035190554,1.2101480208179932e-05,3,15:05:2013 ,21,51,43.7033294,-72.2873738,1368629493,True,1.0,4799.0,"Dartmouth College, College Street, Hanover, Grafton County, New Hampshire, 03755, United States",university,amenity,Dartmouth College,us,1.0
338,36,3.7208229625614937,0.0031006858021345,2.583904835112148e-06,4,16:05:2013 ,4,11,43.6586793,-72.248666,1368652293,False,0.0,22800.0,"Wheelock Office Park, 31, Old Etna Road, Lebanon, Grafton County, New Hampshire, 03766, United States",office,building,Wheelock Office Park,us,11.0
250,36,119.90111495644634,0.0999175957970386,8.326466316419884e-05,4,16:05:2013 ,5,31,43.7031198,-72.290988,1368657093,True,1.0,4800.0,"Dartmouth College, College Street, Hanover, Grafton County, New Hampshire, 03755, United States",university,amenity,Dartmouth College,us,8.0
221,36,1.537374284158583,0.0012811452367988,1.0676210306656824e-06,4,16:05:2013 ,8,11,43.7030273,-72.2906976,1368666694,False,0.0,9601.0,"Dartmouth College, College Street, Hanover, Grafton County, New Hampshire, 03755, United States",university,amenity,Dartmouth College,us,32.0
76,36,325.4544884685831,0.0231310937077884,1.6440009742564623e-06,4,16:05:2013 ,12,6,43.7053983,-72.2831945,1368680764,True,1.0,14070.0,"8, North Park Street, Hanover, Grafton County, New Hampshire, 03755, United States",dormitory,building,,us,95.0
77,36,0.6451396590447762,0.0005376163825373,4.48013652114428e-07,0,19:05:2013 ,21,26,43.7053698,-72.2831723,1368973565,False,0.0,292801.0,"8, North Park Street, Hanover, Grafton County, New Hampshire, 03755, United States",dormitory,building,,us,95.0
339,36,0.3432492999834665,0.0002860410833195,2.383675694329629e-07,1,20:05:2013 ,3,46,43.6587209,-72.2487291,1368996365,False,0.0,22800.0,"Wheelock Office Park, 31, Old Etna Road, Lebanon, Grafton County, New Hampshire, 03766, United States",office,building,Wheelock Office Park,us,11.0
222,36,8.084939189808805,0.0067374493248406,5.6145411040338926e-06,1,20:05:2013 ,8,26,43.7031143,-72.2907726,1369013165,False,0.0,16800.0,"Dartmouth College, College Street, Hanover, Grafton County, New Hampshire, 03755, United States",university,amenity,Dartmouth College,us,32.0
78,36,300.6233188589845,0.2505194323824871,0.000208766193652,1,20:05:2013 ,8,46,43.7053044,-72.283206,1369014365,True,1.0,1200.0,"8, North Park Street, Hanover, Grafton County, New Hampshire, 03755, United States",dormitory,building,,us,95.0
79,36,9.965347391934143,0.0083044561599451,6.9203801332876e-06,2,21:05:2013 ,5,46,43.705361,-72.2831652,1369089965,False,0.0,75600.0,"8, North Park Street, Hanover, Grafton County, New Hampshire, 03755, United States",dormitory,building,,us,95.0
299,36,605.3269789197905,0.5040191331555292,0.0004196662224442,2,21:05:2013 ,6,6,43.7009511,-72.2874082,1369091166,True,1.0,1201.0,"Dartmouth College, College Street, Hanover, Grafton County, New Hampshire, 03755, United States",university,amenity,Dartmouth College,us,1.0
302,36,13.767892880024954,0.0114732440666874,9.561036722239552e-06,2,21:05:2013 ,6,26,43.7010514,-72.2872363,1369092366,False,0.0,1200.0,"Dartmouth College, College Street, Hanover, Grafton County, New Hampshire, 03755, United States",university,amenity,Dartmouth College,us,1.0
80,36,601.7028762566846,0.501837261264958,0.0004185465064761,2,21:05:2013 ,6,46,43.7054349,-72.2831795,1369093565,True,1.0,1199.0,"8, North Park Street, Hanover, Grafton County, New Hampshire, 03755, United States",dormitory,building,,us,95.0
81,36,3.1982462024543805,0.0026652051687119,2.2210043072599867e-06,5,24:05:2013 ,22,26,43.7053243,-72.2831962,1369409165,False,0.0,315600.0,"8, North Park Street, Hanover, Grafton County, New Hampshire, 03755, United States",dormitory,building,,us,95.0
273,36,329.55886619345114,0.2746323884945426,0.0002288603237454,5,24:05:2013 ,22,46,43.7029234,-72.2909722,1369410365,True,1.0,1200.0,"Dartmouth College, College Street, Hanover, Grafton County, New Hampshire, 03755, United States",university,amenity,Dartmouth College,us,8.0
289,36,5.092554917572773,0.0042437957646439,3.536496470536648e-06,5,24:05:2013 ,23,6,43.7029605,-72.291043,1369411565,False,0.0,1200.0,"Dartmouth College, College Street, Hanover, Grafton County, New Hampshire, 03755, United States",university,amenity,Dartmouth College,us,1.0
328,36,32.8008804791274,0.0273340670659395,2.277838922161625e-05,5,24:05:2013 ,23,46,43.6589616,-72.2488779,1369413965,True,1.0,2400.0,"Wheelock Office Park, 31, Old Etna Road, Lebanon, Grafton County, New Hampshire, 03766, United States",office,building,Wheelock Office Park,us,1.0
117,36,2.196202140116556,0.0018301684500971,1.5251403750809417e-06,6,25:05:2013 ,2,26,43.7068378,-72.287048,1369423565,False,0.0,9600.0,"Dartmouth College, College Street, Hanover, Grafton County, New Hampshire, 03755, United States",university,amenity,Dartmouth College,us,30.0
143,36,43.45738653160242,0.0362144887763353,3.017874064694612e-05,6,25:05:2013 ,2,46,43.7065212,-72.2870599,1369424765,True,1.0,1200.0,"Dartmouth College, College Street, Hanover, Grafton County, New Hampshire, 03755, United States",university,amenity,Dartmouth College,us,4.0
144,36,1.578522980410003,0.0013154358170083,1.0961965141736132e-06,6,25:05:2013 ,4,26,43.7065204,-72.287077,1369430765,False,0.0,6000.0,"Dartmouth College, College Street, Hanover, Grafton County, New Hampshire, 03755, United States",university,amenity,Dartmouth College,us,4.0
292,36,482.08568865725175,0.4004033958947273,0.0003325609600454,6,25:05:2013 ,4,46,43.7030083,-72.2897501,1369431969,True,1.0,1204.0,"Robinson Hall, 6, North Main Street, Hanover, Grafton County, New Hampshire, 03755, United States",university,building,Robinson Hall,us,1.0
340,36,1.6613263372180562,0.0013844386143483,1.1536988452903167e-06,6,25:05:2013 ,10,26,43.6587426,-72.2487211,1369452365,False,0.0,20396.0,"Wheelock Office Park, 31, Old Etna Road, Lebanon, Grafton County, New Hampshire, 03766, United States",office,building,Wheelock Office Park,us,11.0
82,36,2.031504102782635,0.0016929200856521,1.4107667380434964e-06,6,25:05:2013 ,22,6,43.7053367,-72.2832148,1369494365,False,0.0,42000.0,"8, North Park Street, Hanover, Grafton County, New Hampshire, 03755, United States",dormitory,building,,us,95.0
118,36,202.14753994963488,0.0133721995071531,8.845802412617052e-07,0,26:05:2013 ,2,18,43.7068094,-72.287109,1369509482,True,1.0,15117.0,"Dartmouth College, College Street, Hanover, Grafton County, New Hampshire, 03755, United States",university,amenity,Dartmouth College,us,30.0
119,36,3.1295876507839715,0.0026079897089866,2.173324757488869e-06,0,26:05:2013 ,5,58,43.7068638,-72.28702,1369522681,False,0.0,13199.0,"Dartmouth College, College Street, Hanover, Grafton County, New Hampshire, 03755, United States",university,amenity,Dartmouth College,us,30.0
323,36,944.0280894340408,0.262230024842789,7.284167356744141e-05,0,26:05:2013 ,6,58,43.6999864,-72.2897739,1369526281,True,1.0,3600.0,"South Main Street, Hanover, Grafton County, New Hampshire, 03755, United States",parking,amenity,,us,2.0
83,36,731.2014901074102,0.6093345750895085,0.0005077788125745,0,26:05:2013 ,7,18,43.7053133,-72.2831791,1369527481,True,1.0,1200.0,"8, North Park Street, Hanover, Grafton County, New Hampshire, 03755, United States",dormitory,building,,us,95.0
84,36,3.019803138913681,0.0025165026157614,2.097085513134501e-06,1,27:05:2013 ,19,58,43.7053554,-72.2832025,1369659481,False,0.0,132000.0,"8, North Park Street, Hanover, Grafton County, New Hampshire, 03755, United States",dormitory,building,,us,95.0
154,36,74.08114464737965,0.0616828848021479,5.135960433151367e-05,1,27:05:2013 ,20,18,43.7058951,-72.2831486,1369660682,True,1.0,1201.0,"16, North Park Street, Hanover, Grafton County, New Hampshire, 03755, United States",dormitory,building,,us,1.0
151,36,52.95592362137916,0.0221018045164353,9.224459314038137e-06,1,27:05:2013 ,20,58,43.7066385,-72.2872836,1369663082,True,1.0,2400.0,"Dartmouth College, College Street, Hanover, Grafton County, New Hampshire, 03755, United States",university,amenity,Dartmouth College,us,2.0
133,36,50.92443877798819,0.0424724260033262,3.542320767583508e-05,1,27:05:2013 ,21,18,43.7070095,-72.2869476,1369664281,True,1.0,1199.0,"Dartmouth College, College Street, Hanover, Grafton County, New Hampshire, 03755, United States",university,amenity,Dartmouth College,us,18.0
145,36,61.1916969717996,0.0509930808098329,4.249423400819416e-05,1,27:05:2013 ,21,38,43.7065637,-72.2870243,1369665481,True,1.0,1200.0,"Dartmouth College, College Street, Hanover, Grafton County, New Hampshire, 03755, United States",university,amenity,Dartmouth College,us,4.0
146,36,2.731530647634957,0.0022762755396957,1.896896283079831e-06,1,27:05:2013 ,21,58,43.7065438,-72.2870252,1369666681,False,0.0,1200.0,"Dartmouth College, College Street, Hanover, Grafton County, New Hampshire, 03755, United States",university,amenity,Dartmouth College,us,4.0
120,36,21.30318569385492,0.0177526547448791,1.4793878954065918e-05,1,27:05:2013 ,22,18,43.706699,-72.2870433,1369667881,True,1.0,1200.0,"Dartmouth College, College Street, Hanover, Grafton County, New Hampshire, 03755, United States",university,amenity,Dartmouth College,us,30.0
134,36,27.397626466318783,0.0228123451010148,1.8994458868455296e-05,1,27:05:2013 ,22,38,43.7068986,-72.2870146,1369669082,True,1.0,1201.0,"Dartmouth College, College Street, Hanover, Grafton County, New Hampshire, 03755, United States",university,amenity,Dartmouth College,us,18.0
135,36,8.235754041321456,0.0068631283677678,5.719273639806567e-06,1,27:05:2013 ,23,58,43.7069459,-72.2869948,1369673881,False,0.0,4799.0,"Dartmouth College, College Street, Hanover, Grafton County, New Hampshire, 03755, United States",university,amenity,Dartmouth College,us,18.0
121,36,21.35806121603174,0.0177983843466931,1.4831986955577597e-05,2,28:05:2013 ,0,18,43.7067903,-72.2870039,1369675081,True,1.0,1200.0,"Dartmouth College, College Street, Hanover, Grafton County, New Hampshire, 03755, United States",university,amenity,Dartmouth College,us,30.0
136,36,7.604346966438019,0.006336955805365,5.280796504470847e-06,2,28:05:2013 ,1,18,43.7069264,-72.2869921,1369678681,False,0.0,3600.0,"Dartmouth College, College Street, Hanover, Grafton County, New Hampshire, 03755, United States",university,amenity,Dartmouth College,us,18.0
122,36,26.683856090483992,0.0222365467420699,1.8530455618391665e-05,2,28:05:2013 ,1,38,43.706732,-72.287009,1369679881,True,1.0,1200.0,"Dartmouth College, College Street, Hanover, Grafton County, New Hampshire, 03755, United States",university,amenity,Dartmouth College,us,30.0
137,36,6.794497475462406,0.005662081229552,4.718401024626671e-06,2,28:05:2013 ,5,18,43.7069304,-72.2870159,1369693081,False,0.0,13200.0,"Dartmouth College, College Street, Hanover, Grafton County, New Hampshire, 03755, United States",university,amenity,Dartmouth College,us,18.0
85,36,216.0796712332318,0.0450165981735899,9.37845795283124e-06,2,28:05:2013 ,6,38,43.7053562,-72.2831677,1369697881,True,1.0,4800.0,"8, North Park Street, Hanover, Grafton County, New Hampshire, 03755, United States",dormitory,building,,us,95.0
86,36,4.804231820820408,0.0040035265173503,3.33627209779195e-06,3,29:05:2013 ,0,18,43.7053433,-72.2832201,1369761481,False,0.0,63600.0,"8, North Park Street, Hanover, Grafton County, New Hampshire, 03755, United States",dormitory,building,,us,95.0
274,36,334.3631285741648,0.2786359404784706,0.0002321966170653,3,29:05:2013 ,0,38,43.7029074,-72.291016,1369762681,True,1.0,1200.0,"Dartmouth College, College Street, Hanover, Grafton County, New Hampshire, 03755, United States",university,amenity,Dartmouth College,us,8.0
251,36,24.858797991333144,0.0206984163125171,1.7234318328490583e-05,3,29:05:2013 ,0,58,43.7030885,-72.2911031,1369763882,True,1.0,1201.0,"Dartmouth College, College Street, Hanover, Grafton County, New Hampshire, 03755, United States",university,amenity,Dartmouth College,us,8.0
138,36,524.9663358295734,0.4378368105334223,0.0003651683157076,3,29:05:2013 ,1,18,43.706913,-72.286996,1369765081,True,1.0,1199.0,"Dartmouth College, College Street, Hanover, Grafton County, New Hampshire, 03755, United States",university,amenity,Dartmouth College,us,18.0
139,36,0.2196200867336653,0.0001830167389447,1.5251394912060088e-07,3,29:05:2013 ,2,38,43.7069336,-72.2870281,1369769881,False,0.0,4800.0,"Dartmouth College, College Street, Hanover, Grafton County, New Hampshire, 03755, United States",university,amenity,Dartmouth College,us,18.0
320,36,891.7699025363486,0.7431415854469572,0.0006192846545391,3,29:05:2013 ,2,58,43.7004369,-72.2898865,1369771081,True,1.0,1200.0,"63, South Main Street, Hanover, Grafton County, New Hampshire, 03755, United States",commercial,building,,us,1.0
140,36,900.5272518756212,0.7504393765630177,0.0006253661471358,3,29:05:2013 ,3,18,43.7069974,-72.2869908,1369772281,True,1.0,1200.0,"Dartmouth College, College Street, Hanover, Grafton County, New Hampshire, 03755, United States",university,amenity,Dartmouth College,us,18.0
141,36,0.013726255659281,9.299631205474958e-06,6.300563147340758e-09,3,29:05:2013 ,3,58,43.7069392,-72.2870093,1369774681,False,0.0,2400.0,"Dartmouth College, College Street, Hanover, Grafton County, New Hampshire, 03755, United States",university,amenity,Dartmouth College,us,18.0
252,36,525.6937657247738,0.4380781381039781,0.0003650651150866,3,29:05:2013 ,4,18,43.7031094,-72.2910531,1369775881,True,1.0,1200.0,"Dartmouth College, College Street, Hanover, Grafton County, New Hampshire, 03755, United States",university,amenity,Dartmouth College,us,8.0
253,36,0.5216088711590582,6.210368748173094e-05,7.394176387871287e-09,3,29:05:2013 ,6,38,43.7031201,-72.2909871,1369784281,False,0.0,8400.0,"Dartmouth College, College Street, Hanover, Grafton County, New Hampshire, 03755, United States",university,amenity,Dartmouth College,us,8.0
87,36,304.80985477021574,0.1276957916925914,5.349635177737387e-05,3,29:05:2013 ,7,17,43.7053407,-72.2832082,1369786668,True,1.0,2387.0,"8, North Park Street, Hanover, Grafton County, New Hampshire, 03755, United States",dormitory,building,,us,95.0
88,36,2.772728216507954,0.0023106068470899,1.925505705908301e-06,3,29:05:2013 ,19,18,43.7053419,-72.2831833,1369829881,False,0.0,43213.0,"8, North Park Street, Hanover, Grafton County, New Hampshire, 03755, United States",dormitory,building,,us,95.0
345,36,517.0671922261341,0.4298147898804107,0.0003572857771241,3,29:05:2013 ,19,38,43.7091089,-72.2841302,1369831084,True,1.0,1203.0,"Life Sciences Greenhouse, 78, College Street, Hanover, Grafton County, New Hampshire, 03755, United States",house,place,Life Sciences Greenhouse,us,5.0
142,36,304.14453802298954,0.1267797157244641,5.284690109398256e-05,3,29:05:2013 ,21,18,43.706896,-72.2870043,1369837081,True,1.0,5997.0,"Dartmouth College, College Street, Hanover, Grafton County, New Hampshire, 03755, United States",university,amenity,Dartmouth College,us,18.0
89,36,219.6485719489477,0.1830404766241231,0.0001525337305201,3,29:05:2013 ,21,38,43.7052958,-72.2833114,1369838281,True,1.0,1200.0,"8, North Park Street, Hanover, Grafton County, New Hampshire, 03755, United States",dormitory,building,,us,95.0
90,36,0.0686318901149205,5.719324176243381e-05,4.766103480202817e-08,3,29:05:2013 ,22,38,43.7053445,-72.283207,1369841881,False,0.0,3600.0,"8, North Park Street, Hanover, Grafton County, New Hampshire, 03755, United States",dormitory,building,,us,95.0
91,36,0.1509901795891008,0.0001258251496575,1.0485429138132002e-07,4,30:05:2013 ,19,58,43.7053171,-72.2831759,1369918681,False,0.0,76800.0,"8, North Park Street, Hanover, Grafton County, New Hampshire, 03755, United States",dormitory,building,,us,95.0
174,36,29.96466917477536,0.0249705576456461,2.080879803803844e-05,4,30:05:2013 ,20,18,43.7055354,-72.2832679,1369919881,True,1.0,1200.0,"10, North Park Street, Hanover, Grafton County, New Hampshire, 03755, United States",dormitory,building,,us,2.0
223,36,341.8300126753254,0.2848583438961045,0.0002373819532467,4,30:05:2013 ,20,38,43.7030451,-72.2906697,1369921081,True,1.0,1200.0,"Dartmouth College, College Street, Hanover, Grafton County, New Hampshire, 03755, United States",university,amenity,Dartmouth College,us,32.0
254,36,13.15003730879157,0.0109583644239929,9.13197035332748e-06,4,30:05:2013 ,22,38,43.7031274,-72.2909284,1369928281,False,0.0,7200.0,"Dartmouth College, College Street, Hanover, Grafton County, New Hampshire, 03755, United States",university,amenity,Dartmouth College,us,8.0
324,36,429.52121351395874,0.1306727147897653,3.9754400605343887e-05,4,30:05:2013 ,23,32,43.6999983,-72.2897665,1369931568,True,1.0,3287.0,"South Main Street, Hanover, Grafton County, New Hampshire, 03755, United States",parking,amenity,,us,2.0
92,36,750.9948722530364,0.14687949780032,2.87266766673812e-05,5,31:05:2013 ,0,58,43.7054694,-72.2832047,1369936681,True,1.0,5113.0,"8, North Park Street, Hanover, Grafton County, New Hampshire, 03755, United States",dormitory,building,,us,95.0
93,36,22.566159837164523,0.0188051331976371,1.5670944331364252e-05,5,31:05:2013 ,1,18,43.705305,-72.2831755,1369937881,True,1.0,1200.0,"8, North Park Street, Hanover, Grafton County, New Hampshire, 03755, United States",dormitory,building,,us,95.0
94,36,4.749327323811558,0.0001184400439864,2.953690715140591e-09,6,01:06:2013 ,1,46,43.7053057,-72.2831346,1370025980,False,0.0,88099.0,"8, North Park Street, Hanover, Grafton County, New Hampshire, 03755, United States",dormitory,building,,us,95.0
224,36,303.6568843427496,0.250956102762603,0.0002074017378203,6,01:06:2013 ,2,6,43.7030935,-72.2906255,1370027190,True,1.0,1210.0,"Dartmouth College, College Street, Hanover, Grafton County, New Hampshire, 03755, United States",university,amenity,Dartmouth College,us,32.0
172,36,309.47686914192616,0.1290024464951755,5.377342496672596e-05,6,01:06:2013 ,2,46,43.7053481,-72.2880717,1370029589,True,1.0,2399.0,"Dartmouth College, College Street, Hanover, Grafton County, New Hampshire, 03755, United States",university,amenity,Dartmouth College,us,1.0
123,36,209.7793286353115,0.0291400650972789,4.047793457046672e-06,6,01:06:2013 ,4,46,43.7068764,-72.2870445,1370036788,True,1.0,7199.0,"Dartmouth College, College Street, Hanover, Grafton County, New Hampshire, 03755, United States",university,amenity,Dartmouth College,us,30.0
124,36,39.73755437720313,0.0330595294319493,2.7503768246214112e-05,6,01:06:2013 ,5,6,43.7065869,-72.287024,1370037990,True,1.0,1202.0,"Dartmouth College, College Street, Hanover, Grafton County, New Hampshire, 03755, United States",university,amenity,Dartmouth College,us,30.0
