,tnv,distance,velocity,accelerate,week_date,date,hour in date,min in date,latitude,longitude,time,moving,active,time_difference,address,type,address_type,hall,nation,count
0,43,0.0,0.0,0.0,4,28:03:2013 ,1,44,43.7066051,-72.2870108,1364409865,False,0.0,,"Dartmouth College, College Street, Hanover, Grafton County, New Hampshire, 03755, United States",university,amenity,Dartmouth College,us,32.0
1,43,0.3294307409728678,0.0002745256174773,2.287713478978249e-07,2,02:04:2013 ,4,47,43.7066015,-72.2869974,1364852845,False,0.0,442980.0,"Dartmouth College, College Street, Hanover, Grafton County, New Hampshire, 03755, United States",university,amenity,Dartmouth College,us,32.0
201,43,4.160181681630608,0.0034668180680255,2.889015056687922e-06,2,02:04:2013 ,22,47,43.6587273,-72.2487481,1364917645,False,0.0,64800.0,"Wheelock Office Park, 31, Old Etna Road, Lebanon, Grafton County, New Hampshire, 03766, United States",office,building,Wheelock Office Park,us,40.0
193,43,871.5517226541463,0.1037685108529761,1.2354864966421729e-05,3,03:04:2013 ,3,7,43.7003138,-72.2883907,1364933246,True,1.0,15601.0,"Six South Street, 6, South Street, Hanover, Grafton County, New Hampshire, 03755, United States",hotel,tourism,Six South Street,us,2.0
194,43,1.2903161915506485,0.0010752634929588,8.960529107990614e-07,3,03:04:2013 ,3,47,43.7002893,-72.2884295,1364935645,False,0.0,2399.0,"Six South Street, 6, South Street, Hanover, Grafton County, New Hampshire, 03755, United States",hotel,tourism,Six South Street,us,2.0
279,43,20.28817097749872,0.003389270126545,5.661994865594819e-07,3,03:04:2013 ,5,27,43.7001415,-72.2894985,1364941631,True,1.0,5986.0,"Chew & Co. Design, 1, South Street, Hanover, Grafton County, New Hampshire, 03755, United States",interior_decoration,shop,Chew & Co. Design,us,1.0
144,43,1087.8092997881142,0.8953162961219047,0.0007368858404295,3,03:04:2013 ,5,47,43.7080664,-72.2851465,1364942846,True,1.0,1215.0,"Anonymous Hall, 64, College Street, Hanover, Grafton County, New Hampshire, 03755, United States",university,building,Anonymous Hall,us,7.0
138,43,32.84674217810335,0.0273951144104281,2.2848302260573936e-05,3,03:04:2013 ,6,7,43.7078271,-72.2849457,1364944045,True,1.0,1199.0,"Anonymous Hall, 64, College Street, Hanover, Grafton County, New Hampshire, 03755, United States",university,building,Anonymous Hall,us,3.0
145,43,33.560502904630866,0.027967085753859,2.3305904794882542e-05,3,03:04:2013 ,6,27,43.7080716,-72.2851114,1364945245,True,1.0,1200.0,"Anonymous Hall, 64, College Street, Hanover, Grafton County, New Hampshire, 03755, United States",university,building,Anonymous Hall,us,7.0
146,43,4.694349781559204,0.0039119581512993,3.259965126082781e-06,3,03:04:2013 ,6,47,43.7080374,-72.2851172,1364946445,False,0.0,1200.0,"Anonymous Hall, 64, College Street, Hanover, Grafton County, New Hampshire, 03755, United States",university,building,Anonymous Hall,us,7.0
139,43,30.08778375183787,0.0250731531265315,2.089429427210963e-05,3,03:04:2013 ,7,7,43.7078182,-72.2849462,1364947645,True,1.0,1200.0,"Anonymous Hall, 64, College Street, Hanover, Grafton County, New Hampshire, 03755, United States",university,building,Anonymous Hall,us,3.0
126,43,26.340538981565405,0.0219504491513045,1.829204095942042e-05,3,03:04:2013 ,7,27,43.7080101,-72.284948,1364948845,True,1.0,1200.0,"Anonymous Hall, 64, College Street, Hanover, Grafton County, New Hampshire, 03755, United States",university,building,Anonymous Hall,us,12.0
147,43,4.996325795052749,0.0041636048292106,3.4696706910088537e-06,3,03:04:2013 ,10,47,43.7080621,-72.285145,1364960845,False,0.0,12000.0,"Anonymous Hall, 64, College Street, Hanover, Grafton County, New Hampshire, 03755, United States",university,building,Anonymous Hall,us,7.0
202,43,3.26773369268068,0.0027231114105672,2.269259508806028e-06,3,03:04:2013 ,20,27,43.6586879,-72.2487451,1364995645,False,0.0,34800.0,"Wheelock Office Park, 31, Old Etna Road, Lebanon, Grafton County, New Hampshire, 03766, United States",office,building,Wheelock Office Park,us,40.0
271,43,2.086370557318413,0.0017386421310986,1.448868442582231e-06,3,03:04:2013 ,22,7,43.7086546,-72.2836836,1365001645,False,0.0,6000.0,"Class of 1978 Life Sciences Center, 78, College Street, Hanover, Grafton County, New Hampshire, 03755, United States",university,building,Class of 1978 Life Sciences Center,us,3.0
167,43,72.72110617924389,0.0060600921816036,5.050076818003048e-07,4,04:04:2013 ,1,27,43.7081248,-72.2852789,1365013645,True,1.0,12000.0,"Anonymous Hall, 64, College Street, Hanover, Grafton County, New Hampshire, 03755, United States",university,building,Anonymous Hall,us,6.0
168,43,4.241383355270297,0.0011732734039475,3.245569582150825e-07,4,04:04:2013 ,6,27,43.7081587,-72.2851446,1365031660,False,0.0,18015.0,"Anonymous Hall, 64, College Street, Hanover, Grafton County, New Hampshire, 03755, United States",university,building,Anonymous Hall,us,6.0
48,43,284.2429933425676,0.1181883548201944,4.914276707700391e-05,4,04:04:2013 ,7,7,43.7060879,-72.283321,1365034065,True,1.0,2405.0,"North Park Street, Hanover, Grafton County, New Hampshire, 03755, United States",parking,amenity,,us,3.0
49,43,2.058947518735821,0.0017157895989465,1.4298246657887643e-06,4,04:04:2013 ,7,47,43.7061295,-72.2832709,1365036460,False,0.0,2395.0,"North Park Street, Hanover, Grafton County, New Hampshire, 03755, United States",parking,amenity,,us,3.0
195,43,270.9971811467112,0.2252678147520458,0.0001872550413566,4,04:04:2013 ,8,7,43.7081038,-72.2842751,1365037663,True,1.0,1203.0,"Dana Circle Parking Lot, 64, College Street, Hanover, Grafton County, New Hampshire, 03755, United States",parking,amenity,Dana Circle Parking Lot,us,1.0
169,43,4.845334503610313,0.0040377787530085,3.364815627507162e-06,4,04:04:2013 ,8,47,43.7081521,-72.2852304,1365040060,False,0.0,2397.0,"Anonymous Hall, 64, College Street, Hanover, Grafton County, New Hampshire, 03755, United States",university,building,Anonymous Hall,us,6.0
140,43,51.19863575066294,0.0426300047882289,3.5495424469799273e-05,4,04:04:2013 ,9,7,43.7077791,-72.2848636,1365041261,True,1.0,1201.0,"Anonymous Hall, 64, College Street, Hanover, Grafton County, New Hampshire, 03755, United States",university,building,Anonymous Hall,us,3.0
148,43,45.104219317157245,0.0376181979292387,3.137464381087468e-05,4,04:04:2013 ,9,27,43.7081077,-72.2852507,1365042460,True,1.0,1199.0,"Anonymous Hall, 64, College Street, Hanover, Grafton County, New Hampshire, 03755, United States",university,building,Anonymous Hall,us,7.0
156,43,2.2236388065317505,0.0018530323387764,1.544193615647049e-06,4,04:04:2013 ,9,47,43.7080915,-72.2844504,1365043660,False,0.0,1200.0,"Vail Dartmouth Medical School, College Street, Hanover, Grafton County, New Hampshire, 03755, United States",bus_stop,highway,Vail Dartmouth Medical School,us,2.0
203,43,2.608694825668219,0.0021739123547235,1.8115936289362631e-06,4,04:04:2013 ,18,47,43.6586998,-72.2487919,1365076060,False,0.0,32400.0,"Wheelock Office Park, 31, Old Etna Road, Lebanon, Grafton County, New Hampshire, 03766, United States",office,building,Wheelock Office Park,us,40.0
264,43,10.54165801032964,0.008784715008608,7.320595840506696e-06,4,04:04:2013 ,23,45,43.7086873,-72.283786,1365093923,False,0.0,17863.0,"Class of 1978 Life Sciences Center, 78, College Street, Hanover, Grafton County, New Hampshire, 03755, United States",university,building,Class of 1978 Life Sciences Center,us,4.0
190,43,1106.4326873505622,0.4610136197294009,0.0001920890082205,5,05:04:2013 ,0,25,43.7006267,-72.2894748,1365096323,True,1.0,2400.0,"Hanover Post Office, 50, South Main Street, Hanover, Grafton County, New Hampshire, 03755, United States",post_office,amenity,Hanover Post Office,us,1.0
160,43,1010.8987045681306,0.8424155871401088,0.0007020129892834,5,05:04:2013 ,0,45,43.7079913,-72.2847724,1365097523,True,1.0,1200.0,"Anonymous Hall, 64, College Street, Hanover, Grafton County, New Hampshire, 03755, United States",university,building,Anonymous Hall,us,3.0
2,43,169.23058303803336,0.1410254858650278,0.0001175212382208,5,05:04:2013 ,1,5,43.7067584,-72.2870358,1365098723,True,1.0,1200.0,"Dartmouth College, College Street, Hanover, Grafton County, New Hampshire, 03755, United States",university,amenity,Dartmouth College,us,32.0
3,43,12.628170630655337,0.0105234755255461,8.769562937955096e-06,5,05:04:2013 ,1,25,43.7066664,-72.2869964,1365099923,False,0.0,1200.0,"Dartmouth College, College Street, Hanover, Grafton County, New Hampshire, 03755, United States",university,amenity,Dartmouth College,us,32.0
59,43,28.3859222235151,0.0236549351862625,1.971244598855216e-05,5,05:04:2013 ,1,45,43.7068732,-72.287023,1365101123,True,1.0,1200.0,"Dartmouth College, College Street, Hanover, Grafton County, New Hampshire, 03755, United States",university,amenity,Dartmouth College,us,24.0
60,43,1.7295084079942424,0.0014352766871321,1.1911009851719098e-06,5,05:04:2013 ,2,45,43.7069162,-72.2870068,1365104729,False,0.0,3606.0,"Dartmouth College, College Street, Hanover, Grafton County, New Hampshire, 03755, United States",university,amenity,Dartmouth College,us,24.0
95,43,310.9977772191828,0.1296364223506389,5.403769168430135e-05,5,05:04:2013 ,3,25,43.7046505,-72.2889181,1365107128,True,1.0,2399.0,"Dartmouth College, College Street, Hanover, Grafton County, New Hampshire, 03755, United States",university,amenity,Dartmouth College,us,1.0
204,43,2.2791746917055,0.0018993122430879,1.582760202573264e-06,5,05:04:2013 ,4,45,43.6587791,-72.2487326,1365111923,False,0.0,4795.0,"Wheelock Office Park, 31, Old Etna Road, Lebanon, Grafton County, New Hampshire, 03766, United States",office,building,Wheelock Office Park,us,40.0
127,43,1.921663754932428,0.0016013864624436,1.334488718703075e-06,5,05:04:2013 ,10,52,43.7080379,-72.2850175,1365133966,False,0.0,22043.0,"Anonymous Hall, 64, College Street, Hanover, Grafton County, New Hampshire, 03755, United States",university,building,Anonymous Hall,us,12.0
205,43,0.4668190669284606,0.000389015889107,3.241799075892088e-07,5,05:04:2013 ,20,32,43.6587139,-72.2487393,1365168766,False,0.0,34800.0,"Wheelock Office Park, 31, Old Etna Road, Lebanon, Grafton County, New Hampshire, 03766, United States",office,building,Wheelock Office Park,us,40.0
272,43,0.8784719740399244,0.0007320599783666,6.100499819721697e-07,5,05:04:2013 ,21,52,43.7086266,-72.2836445,1365173566,False,0.0,4800.0,"Class of 1978 Life Sciences Center, 78, College Street, Hanover, Grafton County, New Hampshire, 03755, United States",university,building,Class of 1978 Life Sciences Center,us,3.0
128,43,80.02343885201289,0.066686199043344,5.557183253612005e-05,5,05:04:2013 ,22,12,43.7080436,-72.284836,1365174766,True,1.0,1200.0,"Anonymous Hall, 64, College Street, Hanover, Grafton County, New Hampshire, 03755, United States",university,building,Anonymous Hall,us,12.0
129,43,0.5627730581846936,0.5627730581846936,0.5627730581846936,5,05:04:2013 ,22,52,43.7080147,-72.2849809,1365177167,False,0.0,2401.0,"Anonymous Hall, 64, College Street, Hanover, Grafton County, New Hampshire, 03755, United States",university,building,Anonymous Hall,us,12.0
94,43,433.8195172267665,0.0451895330444548,4.707243025464045e-06,6,06:04:2013 ,1,32,43.7048542,-72.288679,1365186767,True,1.0,9600.0,"Dartmouth College, College Street, Hanover, Grafton County, New Hampshire, 03755, United States",university,amenity,Dartmouth College,us,1.0
4,43,251.1646636010292,0.2093038863341909,0.0001744199052784,6,06:04:2013 ,1,52,43.706684,-72.2870765,1365187967,True,1.0,1200.0,"Dartmouth College, College Street, Hanover, Grafton County, New Hampshire, 03755, United States",university,amenity,Dartmouth College,us,32.0
56,43,113.40674401409454,0.0944269309026599,7.86235894276935e-05,6,06:04:2013 ,2,12,43.7058578,-72.2887639,1365189168,True,1.0,1201.0,"Dartmouth College, College Street, Hanover, Grafton County, New Hampshire, 03755, United States",university,amenity,Dartmouth College,us,3.0
57,43,2.7178144556622668,0.0022648453797185,1.8873711497654632e-06,6,06:04:2013 ,2,52,43.7059025,-72.2887454,1365191566,False,0.0,2398.0,"Dartmouth College, College Street, Hanover, Grafton County, New Hampshire, 03755, United States",university,amenity,Dartmouth College,us,3.0
130,43,289.58277091854313,0.2413189757654526,0.0002010991464712,6,06:04:2013 ,3,12,43.7080122,-72.2848815,1365192766,True,1.0,1200.0,"Anonymous Hall, 64, College Street, Hanover, Grafton County, New Hampshire, 03755, United States",university,building,Anonymous Hall,us,12.0
131,43,0.3843328107933382,0.3843328107933382,0.3843328107933382,6,06:04:2013 ,10,32,43.7080183,-72.2848821,1365219167,False,0.0,26401.0,"Anonymous Hall, 64, College Street, Hanover, Grafton County, New Hampshire, 03755, United States",university,building,Anonymous Hall,us,12.0
206,43,5.601829095503138,0.0046681909129192,3.8901590940994015e-06,6,06:04:2013 ,22,32,43.6587231,-72.248775,1365262366,False,0.0,43199.0,"Wheelock Office Park, 31, Old Etna Road, Lebanon, Grafton County, New Hampshire, 03766, United States",office,building,Wheelock Office Park,us,40.0
87,43,0.7000453275115901,0.0005833711062596,4.861425885497153e-07,0,07:04:2013 ,1,32,43.7053275,-72.2832714,1365273166,False,0.0,10800.0,"8, North Park Street, Hanover, Grafton County, New Hampshire, 03755, United States",dormitory,building,,us,5.0
32,43,115.7268290189283,0.0077736836850223,5.221793299538113e-07,0,07:04:2013 ,5,40,43.7061706,-72.283276,1365288053,True,1.0,14887.0,"North Park Street, Hanover, Grafton County, New Hampshire, 03755, United States",parking,amenity,,us,8.0
88,43,112.56976200690202,0.0938081350057516,7.817344583812641e-05,0,07:04:2013 ,6,0,43.7053505,-72.2832654,1365289253,True,1.0,1200.0,"8, North Park Street, Hanover, Grafton County, New Hampshire, 03755, United States",dormitory,building,,us,5.0
89,43,2.841359925992584,0.0023677999383271,1.973166615272628e-06,0,07:04:2013 ,8,40,43.7053528,-72.283193,1365298853,False,0.0,9600.0,"8, North Park Street, Hanover, Grafton County, New Hampshire, 03755, United States",dormitory,building,,us,5.0
207,43,6.562926810148154,0.0054691056751234,4.5575880626028845e-06,1,08:04:2013 ,20,25,43.6587379,-72.2487149,1365427541,False,0.0,128688.0,"Wheelock Office Park, 31, Old Etna Road, Lebanon, Grafton County, New Hampshire, 03766, United States",office,building,Wheelock Office Park,us,40.0
265,43,12.64175170749954,0.0105347930895829,8.778994241319125e-06,1,08:04:2013 ,21,45,43.7088032,-72.283893,1365432341,False,0.0,4800.0,"Class of 1978 Life Sciences Center, 78, College Street, Hanover, Grafton County, New Hampshire, 03755, United States",university,building,Class of 1978 Life Sciences Center,us,4.0
273,43,25.64038922071682,0.021366991017264,1.7805825847720013e-05,1,08:04:2013 ,22,5,43.7086164,-72.2836131,1365433541,True,1.0,1200.0,"Class of 1978 Life Sciences Center, 78, College Street, Hanover, Grafton County, New Hampshire, 03755, United States",university,building,Class of 1978 Life Sciences Center,us,3.0
100,43,747.9754841908389,0.6227939085685585,0.0005185627881503,1,08:04:2013 ,22,25,43.7031672,-72.2908644,1365434742,True,1.0,1201.0,"Dartmouth College, College Street, Hanover, Grafton County, New Hampshire, 03755, United States",university,amenity,Dartmouth College,us,26.0
151,43,16.92483767856886,0.0140922878256193,1.1733795025494893e-05,2,09:04:2013 ,2,5,43.7030344,-72.2909347,1365447942,False,0.0,13200.0,"Dartmouth College, College Street, Hanover, Grafton County, New Hampshire, 03755, United States",university,amenity,Dartmouth College,us,4.0
161,43,686.1946265685357,0.5723057769545752,0.0004773192468345,2,09:04:2013 ,2,25,43.7080335,-72.2847698,1365449141,True,1.0,1199.0,"Anonymous Hall, 64, College Street, Hanover, Grafton County, New Hampshire, 03755, United States",university,building,Anonymous Hall,us,3.0
149,43,12.614348348810998,0.0105119569573424,8.759964131118748e-06,2,09:04:2013 ,10,45,43.7081134,-72.2851432,1365479141,False,0.0,30000.0,"Anonymous Hall, 64, College Street, Hanover, Grafton County, New Hampshire, 03755, United States",university,building,Anonymous Hall,us,7.0
208,43,5.670478274834395,0.0047253985623619,3.937832135301663e-06,2,09:04:2013 ,21,5,43.6587037,-72.2487416,1365516341,False,0.0,37200.0,"Wheelock Office Park, 31, Old Etna Road, Lebanon, Grafton County, New Hampshire, 03766, United States",office,building,Wheelock Office Park,us,40.0
101,43,8.579094275835216,0.0071492452298626,5.957704358218899e-06,3,10:04:2013 ,0,25,43.7031325,-72.2909939,1365528341,False,0.0,12000.0,"Dartmouth College, College Street, Hanover, Grafton County, New Hampshire, 03755, United States",university,amenity,Dartmouth College,us,26.0
163,43,28.839495268959208,0.0240329127241326,2.002742727011056e-05,3,10:04:2013 ,0,45,43.7029224,-72.2909621,1365529541,True,1.0,1200.0,"Dartmouth College, College Street, Hanover, Grafton County, New Hampshire, 03755, United States",university,amenity,Dartmouth College,us,2.0
5,43,531.5142553932981,0.4429285461610817,0.0003691071218009,3,10:04:2013 ,1,5,43.7067946,-72.2870251,1365530741,True,1.0,1200.0,"Dartmouth College, College Street, Hanover, Grafton County, New Hampshire, 03755, United States",university,amenity,Dartmouth College,us,32.0
61,43,9.635835913143511,0.0080298632609529,6.6915527174607714e-06,3,10:04:2013 ,2,45,43.7068829,-72.286946,1365536741,False,0.0,6000.0,"Dartmouth College, College Street, Hanover, Grafton County, New Hampshire, 03755, United States",university,amenity,Dartmouth College,us,24.0
132,43,156.5612118321497,0.1304676765267914,0.0001087230637723,3,10:04:2013 ,3,5,43.7080235,-72.2850913,1365537941,True,1.0,1200.0,"Anonymous Hall, 64, College Street, Hanover, Grafton County, New Hampshire, 03755, United States",university,building,Anonymous Hall,us,12.0
133,43,1.4687003179788465,0.001223916931649,1.019930776374199e-06,3,10:04:2013 ,7,45,43.7080308,-72.2848758,1365554741,False,0.0,16800.0,"Anonymous Hall, 64, College Street, Hanover, Grafton County, New Hampshire, 03755, United States",university,building,Anonymous Hall,us,12.0
179,43,26.75229220159423,0.0222379818799619,1.84854379717057e-05,3,10:04:2013 ,8,5,43.7082257,-72.2849437,1365555944,True,1.0,1203.0,"Anonymous Hall, 64, College Street, Hanover, Grafton County, New Hampshire, 03755, United States",university,building,Anonymous Hall,us,1.0
53,43,209.2012352601376,0.1747712909441416,0.000146007761858,3,10:04:2013 ,8,25,43.7067016,-72.2871304,1365557141,True,1.0,1197.0,"Dartmouth College, College Street, Hanover, Grafton County, New Hampshire, 03755, United States",university,amenity,Dartmouth College,us,3.0
209,43,0.0,0.0,0.0,3,10:04:2013 ,20,25,43.6587062,-72.2488106,1365600342,False,0.0,43201.0,"Wheelock Office Park, 31, Old Etna Road, Lebanon, Grafton County, New Hampshire, 03766, United States",office,building,Wheelock Office Park,us,40.0
266,43,14.439874500225873,0.0120332287501882,1.0027690625156856e-05,3,10:04:2013 ,22,5,43.7086829,-72.2839677,1365606341,False,0.0,5999.0,"Class of 1978 Life Sciences Center, 78, College Street, Hanover, Grafton County, New Hampshire, 03755, United States",university,building,Class of 1978 Life Sciences Center,us,4.0
58,43,381.5479501600095,0.3176918818984259,0.0002645227992493,3,10:04:2013 ,22,25,43.7059032,-72.2887688,1365607542,True,1.0,1201.0,"Dartmouth College, College Street, Hanover, Grafton County, New Hampshire, 03755, United States",university,amenity,Dartmouth College,us,3.0
54,43,111.55366842403652,0.0930389227890212,7.759709990744059e-05,3,10:04:2013 ,22,45,43.7067159,-72.287253,1365608741,True,1.0,1199.0,"Dartmouth College, College Street, Hanover, Grafton County, New Hampshire, 03755, United States",university,amenity,Dartmouth College,us,3.0
162,43,189.2571076167319,0.0315428512694553,5.257141878242553e-06,4,11:04:2013 ,0,25,43.7080947,-72.2847705,1365614741,True,1.0,6000.0,"Anonymous Hall, 64, College Street, Hanover, Grafton County, New Hampshire, 03755, United States",university,building,Anonymous Hall,us,3.0
134,43,1.4275212536747257,0.0011905932057337,9.929884951907558e-07,4,11:04:2013 ,10,25,43.7080993,-72.2848109,1365650741,False,0.0,36000.0,"Anonymous Hall, 64, College Street, Hanover, Grafton County, New Hampshire, 03755, United States",university,building,Anonymous Hall,us,12.0
278,43,1127.7403240668625,0.9266559770475452,0.0007614264396446,4,11:04:2013 ,10,45,43.6998835,-72.2896989,1365651958,True,1.0,1217.0,"South Main Street, Hanover, Grafton County, New Hampshire, 03755, United States",parking,amenity,,us,1.0
210,43,0.0,0.0,0.0,4,11:04:2013 ,21,25,43.6587031,-72.248718,1365690342,False,0.0,38384.0,"Wheelock Office Park, 31, Old Etna Road, Lebanon, Grafton County, New Hampshire, 03766, United States",office,building,Wheelock Office Park,us,40.0
173,43,252.543707325108,0.2099282687656757,0.0001745039640612,4,11:04:2013 ,22,45,43.7021705,-72.2880244,1365695145,True,1.0,4803.0,"Hopkins Center for the Arts, 4, East Wheelock Street, Hanover, Grafton County, New Hampshire, 03755, United States",arts_centre,amenity,Hopkins Center for the Arts,us,2.0
246,43,927.298122430954,0.7753328782867507,0.0006482716373635,4,11:04:2013 ,23,5,43.7089261,-72.2840961,1365696341,True,1.0,1196.0,"Life Sciences Greenhouse, 78, College Street, Hanover, Grafton County, New Hampshire, 03755, United States",house,place,Life Sciences Greenhouse,us,8.0
274,43,7.16502406254621,0.0059708533854551,4.975711154545979e-06,4,11:04:2013 ,23,25,43.7089783,-72.2840719,1365697541,False,0.0,1200.0,"Life Sciences Greenhouse, 78, College Street, Hanover, Grafton County, New Hampshire, 03755, United States",house,place,Life Sciences Greenhouse,us,4.0
267,43,28.94835724887893,0.0241236310407324,2.010302586727704e-05,4,11:04:2013 ,23,45,43.7087674,-72.2838746,1365698741,True,1.0,1200.0,"Class of 1978 Life Sciences Center, 78, College Street, Hanover, Grafton County, New Hampshire, 03755, United States",university,building,Class of 1978 Life Sciences Center,us,4.0
6,43,296.10152480772655,0.2467512706731054,0.0002056260588942,5,12:04:2013 ,0,5,43.7066102,-72.2870349,1365699941,True,1.0,1200.0,"Dartmouth College, College Street, Hanover, Grafton County, New Hampshire, 03755, United States",university,amenity,Dartmouth College,us,32.0
7,43,0.9059345172222756,0.0007549454310185,6.291211925154693e-07,5,12:04:2013 ,0,25,43.7066036,-72.2870673,1365701141,False,0.0,1200.0,"Dartmouth College, College Street, Hanover, Grafton County, New Hampshire, 03755, United States",university,amenity,Dartmouth College,us,32.0
62,43,49.34592970623359,0.0411216080885279,3.426800674044e-05,5,12:04:2013 ,0,45,43.7069631,-72.2869888,1365702341,True,1.0,1200.0,"Dartmouth College, College Street, Hanover, Grafton County, New Hampshire, 03755, United States",university,amenity,Dartmouth College,us,24.0
63,43,3.596279656360561,0.0029968997136338,2.4974164280281675e-06,5,12:04:2013 ,3,5,43.7068834,-72.2869538,1365710741,False,0.0,8400.0,"Dartmouth College, College Street, Hanover, Grafton County, New Hampshire, 03755, United States",university,amenity,Dartmouth College,us,24.0
155,43,177.61844007376197,0.0740076833640674,3.0836534735028115e-05,5,12:04:2013 ,3,45,43.7055894,-72.2831468,1365713141,True,1.0,2400.0,"10, North Park Street, Hanover, Grafton County, New Hampshire, 03755, United States",dormitory,building,,us,1.0
135,43,339.71129784417474,0.0471821247005798,6.553072875080531e-06,5,12:04:2013 ,5,45,43.7080643,-72.2849824,1365720341,True,1.0,7200.0,"Anonymous Hall, 64, College Street, Hanover, Grafton County, New Hampshire, 03755, United States",university,building,Anonymous Hall,us,12.0
136,43,1.3863430953085716,0.0011552859127571,9.627382606309525e-07,5,12:04:2013 ,10,25,43.7080553,-72.2849105,1365737141,False,0.0,16800.0,"Anonymous Hall, 64, College Street, Hanover, Grafton County, New Hampshire, 03755, United States",university,building,Anonymous Hall,us,12.0
211,43,20.7048104257331,0.0172540086881109,1.4378340573425764e-05,5,12:04:2013 ,11,25,43.6586858,-72.2487497,1365740741,True,1.0,3600.0,"Wheelock Office Park, 31, Old Etna Road, Lebanon, Grafton County, New Hampshire, 03766, United States",office,building,Wheelock Office Park,us,40.0
212,43,0.3295193612769394,0.3295193612769394,0.3295193612769394,5,12:04:2013 ,20,25,43.6587026,-72.2487501,1365773142,False,0.0,32401.0,"Wheelock Office Park, 31, Old Etna Road, Lebanon, Grafton County, New Hampshire, 03766, United States",office,building,Wheelock Office Park,us,40.0
247,43,2.3059848873088296,0.0019216540727573,1.6013783939644649e-06,5,12:04:2013 ,22,5,43.7089504,-72.2840505,1365779141,False,0.0,5999.0,"Life Sciences Greenhouse, 78, College Street, Hanover, Grafton County, New Hampshire, 03755, United States",house,place,Life Sciences Greenhouse,us,8.0
102,43,795.2482615079914,0.6627068845899928,0.0005522557371583,5,12:04:2013 ,22,25,43.7031568,-72.2908777,1365780341,True,1.0,1200.0,"Dartmouth College, College Street, Hanover, Grafton County, New Hampshire, 03755, United States",university,amenity,Dartmouth College,us,26.0
103,43,4.749385489995606,0.003957821241663,3.2981843680525043e-06,6,13:04:2013 ,1,45,43.7031252,-72.2909713,1365792341,False,0.0,12000.0,"Dartmouth College, College Street, Hanover, Grafton County, New Hampshire, 03755, United States",university,amenity,Dartmouth College,us,26.0
174,43,145.77638506639545,0.1212781905710444,0.0001008969971472,6,13:04:2013 ,2,5,43.7020632,-72.2880016,1365793543,True,1.0,1202.0,"Hopkins Center for the Arts, 4, East Wheelock Street, Hanover, Grafton County, New Hampshire, 03755, United States",arts_centre,amenity,Hopkins Center for the Arts,us,2.0
175,43,57.734277628752686,0.0481520247112199,4.016015405439527e-05,6,13:04:2013 ,2,25,43.7016426,-72.2881037,1365794742,True,1.0,1199.0,"Hopkins Center for the Arts, 4, East Wheelock Street, Hanover, Grafton County, New Hampshire, 03755, United States",arts_centre,amenity,Hopkins Center for the Arts,us,2.0
176,43,3.857192690648421,0.0032170080822755,2.683075965200651e-06,6,13:04:2013 ,2,45,43.7016145,-72.2880004,1365795941,False,0.0,1199.0,"Hopkins Center for the Arts, 4, East Wheelock Street, Hanover, Grafton County, New Hampshire, 03755, United States",arts_centre,amenity,Hopkins Center for the Arts,us,2.0
43,43,623.8003504928824,0.5194007914178871,0.000432473598183,6,13:04:2013 ,3,5,43.706159,-72.2867383,1365797142,True,1.0,1201.0,"Dartmouth College, College Street, Hanover, Grafton County, New Hampshire, 03755, United States",university,amenity,Dartmouth College,us,1.0
137,43,262.2123904277509,0.2186925691640958,0.0001823958041401,6,13:04:2013 ,3,25,43.7080693,-72.2848963,1365798341,True,1.0,1199.0,"Anonymous Hall, 64, College Street, Hanover, Grafton County, New Hampshire, 03755, United States",university,building,Anonymous Hall,us,12.0
150,43,8.112164785327732,0.0067601373211064,5.633447767588703e-06,6,13:04:2013 ,10,5,43.7080483,-72.2852027,1365822341,False,0.0,24000.0,"Anonymous Hall, 64, College Street, Hanover, Grafton County, New Hampshire, 03755, United States",university,building,Anonymous Hall,us,7.0
281,43,4.297484630508617,0.0035812371920905,2.9843643267420946e-06,6,13:04:2013 ,22,25,43.6585629,-72.2488032,1365866741,False,0.0,44400.0,"Wheelock Office Park, 31, Old Etna Road, Lebanon, Grafton County, New Hampshire, 03766, United States",office,building,Wheelock Office Park,us,6.0
213,43,21.597255375397378,0.0179977128128311,1.4998094010692624e-05,6,13:04:2013 ,22,45,43.6587202,-72.2486779,1365867941,True,1.0,1200.0,"Wheelock Office Park, 31, Old Etna Road, Lebanon, Grafton County, New Hampshire, 03766, United States",office,building,Wheelock Office Park,us,40.0
40,43,15.99112336093878,0.0133370503427345,1.1123478184098914e-05,6,13:04:2013 ,23,25,43.7065927,-72.2833045,1365870341,False,0.0,2400.0,"20, North Park Street, Hanover, Grafton County, New Hampshire, 03755, United States",dormitory,building,,us,3.0
33,43,39.13366033029109,0.0326113836085759,2.71761530071466e-05,6,13:04:2013 ,23,45,43.7063076,-72.283279,1365871541,True,1.0,1200.0,"North Park Street, Hanover, Grafton County, New Hampshire, 03755, United States",parking,amenity,,us,8.0
41,43,23.70531487967048,0.019754429066392,1.6462024221993388e-05,0,14:04:2013 ,0,5,43.7064803,-72.2833809,1365872741,True,1.0,1200.0,"20, North Park Street, Hanover, Grafton County, New Hampshire, 03755, United States",dormitory,building,,us,3.0
42,43,1.72951251978203,0.0014412604331516,1.201050360959743e-06,0,14:04:2013 ,1,5,43.7064804,-72.2833518,1365876341,False,0.0,3600.0,"20, North Park Street, Hanover, Grafton County, New Hampshire, 03755, United States",dormitory,building,,us,3.0
157,43,200.80107598845504,0.0418335574975948,8.715324478665583e-06,0,14:04:2013 ,2,25,43.7079433,-72.2845786,1365881141,True,1.0,4800.0,"Vail Dartmouth Medical School, College Street, Hanover, Grafton County, New Hampshire, 03755, United States",bus_stop,highway,Vail Dartmouth Medical School,us,2.0
170,43,33.71146874678661,0.0280928906223221,2.3410742185268475e-05,0,14:04:2013 ,2,45,43.7081889,-72.285079,1365882341,True,1.0,1200.0,"Anonymous Hall, 64, College Street, Hanover, Grafton County, New Hampshire, 03755, United States",university,building,Anonymous Hall,us,6.0
171,43,4.913963948881929,0.0040949699574016,3.41247496450134e-06,0,14:04:2013 ,5,45,43.7082009,-72.2851257,1365893141,False,0.0,10800.0,"Anonymous Hall, 64, College Street, Hanover, Grafton County, New Hampshire, 03755, United States",university,building,Anonymous Hall,us,6.0
191,43,1027.5754915470843,0.1223304156603671,1.4563144721472285e-05,0,14:04:2013 ,8,5,43.7007148,-72.2870676,1365901541,True,1.0,8400.0,"Sargent Place, Hanover, Grafton County, New Hampshire, 03755, United States",parking,amenity,,us,1.0
282,43,18.75515041023988,0.0078146460042666,3.2561025017777568e-06,0,14:04:2013 ,10,5,43.6585687,-72.2487398,1365908741,False,0.0,7200.0,"Wheelock Office Park, 31, Old Etna Road, Lebanon, Grafton County, New Hampshire, 03766, United States",office,building,Wheelock Office Park,us,6.0
214,43,26.64988365455994,0.0222082363787999,1.850686364899996e-05,0,14:04:2013 ,10,25,43.6587628,-72.2487771,1365909941,True,1.0,1200.0,"Wheelock Office Park, 31, Old Etna Road, Lebanon, Grafton County, New Hampshire, 03766, United States",office,building,Wheelock Office Park,us,40.0
215,43,2.581235518784751,0.0021510295989872,1.7925246658227438e-06,1,15:04:2013 ,0,25,43.6586559,-72.2487403,1365960341,False,0.0,50400.0,"Wheelock Office Park, 31, Old Etna Road, Lebanon, Grafton County, New Hampshire, 03766, United States",office,building,Wheelock Office Park,us,40.0
172,43,2.004019446215072,0.0016700162051792,1.3916801709826889e-06,1,15:04:2013 ,10,45,43.7081702,-72.2851892,1365997541,False,0.0,37200.0,"Anonymous Hall, 64, College Street, Hanover, Grafton County, New Hampshire, 03755, United States",university,building,Anonymous Hall,us,6.0
216,43,1.881006191364505,0.0015675051594704,1.306254299558684e-06,2,16:04:2013 ,20,45,43.6587236,-72.2487068,1366119941,False,0.0,122400.0,"Wheelock Office Park, 31, Old Etna Road, Lebanon, Grafton County, New Hampshire, 03766, United States",office,building,Wheelock Office Park,us,40.0
104,43,1.853083268708337,0.0015442360572569,1.2868633810474562e-06,3,17:04:2013 ,0,25,43.7032132,-72.2909372,1366133141,False,0.0,13200.0,"Dartmouth College, College Street, Hanover, Grafton County, New Hampshire, 03755, United States",university,amenity,Dartmouth College,us,26.0
164,43,36.347910797400985,0.0302899256645008,2.524160472041735e-05,3,17:04:2013 ,0,45,43.7029484,-72.2909736,1366134341,True,1.0,1200.0,"Dartmouth College, College Street, Hanover, Grafton County, New Hampshire, 03755, United States",university,amenity,Dartmouth College,us,2.0
64,43,536.3046434637878,0.4469205362198231,0.0003724337801831,3,17:04:2013 ,1,5,43.7068555,-72.2869482,1366135541,True,1.0,1200.0,"Dartmouth College, College Street, Hanover, Grafton County, New Hampshire, 03755, United States",university,amenity,Dartmouth College,us,24.0
65,43,2.4295479524264563,0.0020246232936887,1.687186078073928e-06,3,17:04:2013 ,2,45,43.7068696,-72.2869249,1366141541,False,0.0,6000.0,"Dartmouth College, College Street, Hanover, Grafton County, New Hampshire, 03755, United States",university,amenity,Dartmouth College,us,24.0
241,43,263.1172672714488,0.2190818212085335,0.0001824161708647,3,17:04:2013 ,3,5,43.7087865,-72.2858583,1366142742,True,1.0,1201.0,"F Lot Parking, 1, Dewey Field Road, Hanover, Grafton County, New Hampshire, 03755, United States",parking,amenity,F Lot Parking,us,1.0
242,43,3.2119096688230453,0.0026765913906858,2.2304928255715594e-06,3,17:04:2013 ,7,5,43.7088113,-72.2862167,1366157141,False,0.0,14399.0,"F Lot Parking, 1, Dewey Field Road, Hanover, Grafton County, New Hampshire, 03755, United States",parking,amenity,F Lot Parking,us,4.0
217,43,5.876429048259573,0.0048970242068829,4.080853505735815e-06,3,17:04:2013 ,20,25,43.6586665,-72.2487661,1366205141,False,0.0,48000.0,"Wheelock Office Park, 31, Old Etna Road, Lebanon, Grafton County, New Hampshire, 03766, United States",office,building,Wheelock Office Park,us,40.0
275,43,4.351172335027751,0.0036259769458564,3.0216474548803827e-06,3,17:04:2013 ,22,5,43.7089888,-72.2841415,1366211141,False,0.0,6000.0,"Life Sciences Greenhouse, 78, College Street, Hanover, Grafton County, New Hampshire, 03755, United States",house,place,Life Sciences Greenhouse,us,4.0
254,43,29.854279027451152,0.025604012888037,2.195884467241596e-05,3,17:04:2013 ,22,25,43.7087713,-72.2863191,1366212307,True,1.0,1166.0,"37, Dewey Field Road, Hanover, Grafton County, New Hampshire, 03755, United States",university,building,,us,10.0
255,43,4.241367759880676,0.0035344731332338,2.945394277694914e-06,3,17:04:2013 ,23,5,43.7088133,-72.2863901,1366214741,False,0.0,2434.0,"37, Dewey Field Road, Hanover, Grafton County, New Hampshire, 03755, United States",university,building,,us,10.0
177,43,878.596670748898,0.183040973072687,3.813353605680981e-05,4,18:04:2013 ,0,25,43.7024125,-72.2880395,1366219541,True,1.0,4800.0,"Dartmouth College, College Street, Hanover, Grafton County, New Hampshire, 03755, United States",university,amenity,Dartmouth College,us,1.0
66,43,614.2852589689015,0.5119043824740847,0.000426586985395,4,18:04:2013 ,0,45,43.7068877,-72.2868434,1366220741,True,1.0,1200.0,"Dartmouth College, College Street, Hanover, Grafton County, New Hampshire, 03755, United States",university,amenity,Dartmouth College,us,24.0
67,43,3.3766599252738074,0.0028138832710615,2.3449027258845885e-06,4,18:04:2013 ,1,5,43.7068631,-72.2868784,1366221941,False,0.0,1200.0,"Dartmouth College, College Street, Hanover, Grafton County, New Hampshire, 03755, United States",university,amenity,Dartmouth College,us,24.0
50,43,104.88258389654322,0.0874021532471193,7.283512770593279e-05,4,18:04:2013 ,1,25,43.706099,-72.2832465,1366223141,True,1.0,1200.0,"North Park Street, Hanover, Grafton County, New Hampshire, 03755, United States",parking,amenity,,us,3.0
218,43,1.2768875013466223,0.0010640729177888,8.867274314907101e-07,4,18:04:2013 ,2,5,43.6587001,-72.2487996,1366225541,False,0.0,2400.0,"Wheelock Office Park, 31, Old Etna Road, Lebanon, Grafton County, New Hampshire, 03766, United States",office,building,Wheelock Office Park,us,40.0
256,43,6.217926220524076,0.00518160518377,4.318004319808386e-06,4,18:04:2013 ,4,5,43.7088878,-72.2864674,1366232741,False,0.0,7200.0,"37, Dewey Field Road, Hanover, Grafton County, New Hampshire, 03755, United States",university,building,,us,10.0
219,43,7.249426360449055,0.0060411886337075,5.034323861422955e-06,4,18:04:2013 ,23,7,43.6587175,-72.2487067,1366301245,False,0.0,68504.0,"Wheelock Office Park, 31, Old Etna Road, Lebanon, Grafton County, New Hampshire, 03766, United States",office,building,Wheelock Office Park,us,40.0
181,43,1118.3733115280902,0.9319777596067418,0.0007766481330056,5,19:04:2013 ,0,7,43.7008014,-72.2875042,1366304845,True,1.0,3600.0,"Duende Tapas, 15, Lebanon Street, Hanover, Grafton County, New Hampshire, 03755, United States",restaurant,amenity,Duende Tapas,us,1.0
68,43,838.4004470397412,0.3493335195998922,0.0001455556331666,5,19:04:2013 ,0,47,43.7069093,-72.2869233,1366307245,True,1.0,2400.0,"Dartmouth College, College Street, Hanover, Grafton County, New Hampshire, 03755, United States",university,amenity,Dartmouth College,us,24.0
69,43,11.090817275134029,0.0092423477292783,7.701956441065299e-06,5,19:04:2013 ,1,47,43.7068461,-72.2869277,1366310845,False,0.0,3600.0,"Dartmouth College, College Street, Hanover, Grafton County, New Hampshire, 03755, United States",university,amenity,Dartmouth College,us,24.0
8,43,37.115840952018594,0.0309298674600154,2.5774889550012912e-05,5,19:04:2013 ,2,7,43.7065757,-72.2870332,1366312045,True,1.0,1200.0,"Dartmouth College, College Street, Hanover, Grafton County, New Hampshire, 03755, United States",university,amenity,Dartmouth College,us,32.0
70,43,42.45535633387299,0.0353794636115608,2.948288634296736e-05,5,19:04:2013 ,2,27,43.706885,-72.2869204,1366313245,True,1.0,1200.0,"Dartmouth College, College Street, Hanover, Grafton County, New Hampshire, 03755, United States",university,amenity,Dartmouth College,us,24.0
9,43,15.400867583662729,0.0128340563197189,1.0695046933099116e-05,5,19:04:2013 ,2,47,43.7067728,-72.2869357,1366314445,False,0.0,1200.0,"Dartmouth College, College Street, Hanover, Grafton County, New Hampshire, 03755, United States",university,amenity,Dartmouth College,us,32.0
196,43,271.7236860436364,0.2264364050363636,0.0001886970041969,5,19:04:2013 ,3,7,43.7087524,-72.2863082,1366315645,True,1.0,1200.0,"Dartmouth College, College Street, Hanover, Grafton County, New Hampshire, 03755, United States",university,amenity,Dartmouth College,us,5.0
280,43,2.553055915481377,0.0021275465962344,1.7729554968620673e-06,5,19:04:2013 ,4,7,43.7088477,-72.2865662,1366319245,False,0.0,3600.0,"Dartmouth College, College Street, Hanover, Grafton County, New Hampshire, 03755, United States",university,amenity,Dartmouth College,us,1.0
34,43,350.32023413538064,0.0973111761487168,2.703088226353245e-05,5,19:04:2013 ,5,7,43.7062955,-72.2833188,1366322845,True,1.0,3600.0,"North Park Street, Hanover, Grafton County, New Hampshire, 03755, United States",parking,amenity,,us,8.0
35,43,21.86599339630908,0.0182216611635908,1.5184717636325748e-05,5,19:04:2013 ,5,27,43.7064548,-72.2833353,1366324045,True,1.0,1200.0,"North Park Street, Hanover, Grafton County, New Hampshire, 03755, United States",parking,amenity,,us,8.0
36,43,13.643938342503478,0.0113699486187528,9.474957182294085e-06,5,19:04:2013 ,5,47,43.7063554,-72.2833291,1366325245,False,0.0,1200.0,"North Park Street, Hanover, Grafton County, New Hampshire, 03755, United States",parking,amenity,,us,8.0
220,43,0.1647597240864264,0.000137299770072,1.1441647506001833e-07,5,19:04:2013 ,20,47,43.6586539,-72.2487278,1366379245,False,0.0,54000.0,"Wheelock Office Park, 31, Old Etna Road, Lebanon, Grafton County, New Hampshire, 03766, United States",office,building,Wheelock Office Park,us,40.0
268,43,12.971158645625875,0.0108092988713548,9.007749059462412e-06,5,19:04:2013 ,22,7,43.7089819,-72.2844797,1366384045,False,0.0,4800.0,"Dewey Field Road, Hanover, Grafton County, New Hampshire, 03755, United States",bicycle_parking,amenity,,us,3.0
105,43,800.3543957455695,0.6669619964546413,0.0005558016637122,5,19:04:2013 ,22,27,43.7031511,-72.2908588,1366385245,True,1.0,1200.0,"Dartmouth College, College Street, Hanover, Grafton County, New Hampshire, 03755, United States",university,amenity,Dartmouth College,us,26.0
152,43,8.098667958463711,0.0067488899653864,5.624074971155354e-06,6,20:04:2013 ,0,47,43.7030066,-72.2912216,1366393645,False,0.0,8400.0,"Dartmouth College, College Street, Hanover, Grafton County, New Hampshire, 03755, United States",university,amenity,Dartmouth College,us,4.0
106,43,23.99401184331745,0.0199950098694312,1.666250822452601e-05,6,20:04:2013 ,1,7,43.7031814,-72.2909521,1366394845,True,1.0,1200.0,"Dartmouth College, College Street, Hanover, Grafton County, New Hampshire, 03755, United States",university,amenity,Dartmouth College,us,26.0
153,43,7.892768226812832,0.0065773068556773,5.4810890463978e-06,6,20:04:2013 ,2,7,43.7030388,-72.2910821,1366398445,False,0.0,3600.0,"Dartmouth College, College Street, Hanover, Grafton County, New Hampshire, 03755, United States",university,amenity,Dartmouth College,us,4.0
142,43,546.6676910343946,0.4555564091953288,0.0003796303409961,6,20:04:2013 ,2,27,43.7070214,-72.2868533,1366399645,True,1.0,1200.0,"Dartmouth College, College Street, Hanover, Grafton County, New Hampshire, 03755, United States",university,amenity,Dartmouth College,us,2.0
10,43,15.318509074494855,0.0127654242287457,1.063785352395476e-05,6,20:04:2013 ,3,27,43.7067839,-72.2869017,1366403245,False,0.0,3600.0,"Dartmouth College, College Street, Hanover, Grafton County, New Hampshire, 03755, United States",university,amenity,Dartmouth College,us,32.0
178,43,750.6049803173274,0.6249833308220878,0.0005203857875287,6,20:04:2013 ,3,47,43.7013156,-72.288023,1366404446,True,1.0,1201.0,"Dartmouth College, College Street, Hanover, Grafton County, New Hampshire, 03755, United States",university,amenity,Dartmouth College,us,1.0
158,43,250.2362503775193,0.0297935766612119,3.547276659270385e-06,6,20:04:2013 ,6,7,43.7031386,-72.2906727,1366412845,True,1.0,8399.0,"Dartmouth College, College Street, Hanover, Grafton County, New Hampshire, 03755, United States",university,amenity,Dartmouth College,us,2.0
107,43,0.7000539750163112,0.0005833783125135,4.861485937613272e-07,6,20:04:2013 ,6,47,43.7031334,-72.2910259,1366415245,False,0.0,2400.0,"Dartmouth College, College Street, Hanover, Grafton County, New Hampshire, 03755, United States",university,amenity,Dartmouth College,us,26.0
221,43,6.933637399231959,0.0057780311660266,4.81502597168886e-06,0,21:04:2013 ,22,7,43.6587049,-72.2487225,1366556862,False,0.0,141617.0,"Wheelock Office Park, 31, Old Etna Road, Lebanon, Grafton County, New Hampshire, 03766, United States",office,building,Wheelock Office Park,us,40.0
287,43,23.75987723627445,0.0197998976968953,1.6499914747412812e-05,0,21:04:2013 ,23,7,43.7090493,-72.2863355,1366560462,True,1.0,3600.0,"Dartmouth College, College Street, Hanover, Grafton County, New Hampshire, 03755, United States",university,amenity,Dartmouth College,us,4.0
257,43,37.19773831171499,0.0309981152597624,2.5831762716468743e-05,0,21:04:2013 ,23,27,43.7087783,-72.2864021,1366561662,True,1.0,1200.0,"37, Dewey Field Road, Hanover, Grafton County, New Hampshire, 03755, United States",university,building,,us,10.0
258,43,1.1529929183267444,0.0009608274319389,8.006895266157948e-07,1,22:04:2013 ,0,47,43.708873,-72.2862945,1366566462,False,0.0,4800.0,"37, Dewey Field Road, Hanover, Grafton County, New Hampshire, 03755, United States",university,building,,us,10.0
288,43,23.553986277017977,0.0196283218975149,1.6356934914595818e-05,1,22:04:2013 ,1,7,43.7090446,-72.2863444,1366567662,True,1.0,1200.0,"Dartmouth College, College Street, Hanover, Grafton County, New Hampshire, 03755, United States",university,amenity,Dartmouth College,us,4.0
289,43,8.894509632048951,0.0074120913600407,6.176742800033994e-06,1,22:04:2013 ,1,27,43.7089798,-72.2863875,1366568862,False,0.0,1200.0,"Dartmouth College, College Street, Hanover, Grafton County, New Hampshire, 03755, United States",university,amenity,Dartmouth College,us,4.0
259,43,21.124473351830293,0.0176037277931919,1.466977316099326e-05,1,22:04:2013 ,1,47,43.7088259,-72.286402,1366570062,True,1.0,1200.0,"37, Dewey Field Road, Hanover, Grafton County, New Hampshire, 03755, United States",university,building,,us,10.0
290,43,24.83051942512164,0.0206920995209346,1.724341626744558e-05,1,22:04:2013 ,2,7,43.7090068,-72.2863931,1366571262,True,1.0,1200.0,"Dartmouth College, College Street, Hanover, Grafton County, New Hampshire, 03755, United States",university,amenity,Dartmouth College,us,4.0
260,43,28.275773146868712,0.0235631442890572,1.9635953574214383e-05,1,22:04:2013 ,2,27,43.7088008,-72.286419,1366572462,True,1.0,1200.0,"37, Dewey Field Road, Hanover, Grafton County, New Hampshire, 03755, United States",university,building,,us,10.0
37,43,350.526221047264,0.2921051842060533,0.0002434209868383,1,22:04:2013 ,2,47,43.7062471,-72.2832881,1366573662,True,1.0,1200.0,"North Park Street, Hanover, Grafton County, New Hampshire, 03755, United States",parking,amenity,,us,8.0
283,43,5.656750790937942,0.0047139589924482,3.928299160373572e-06,1,22:04:2013 ,20,27,43.6586254,-72.2487635,1366637262,False,0.0,63600.0,"Wheelock Office Park, 31, Old Etna Road, Lebanon, Grafton County, New Hampshire, 03766, United States",office,building,Wheelock Office Park,us,6.0
269,43,0.7274832895773055,0.0006062360746477,5.051967288731288e-07,1,22:04:2013 ,22,7,43.7089542,-72.2844021,1366643262,False,0.0,6000.0,"Dewey Field Road, Hanover, Grafton County, New Hampshire, 03755, United States",bicycle_parking,amenity,,us,3.0
108,43,792.9010052417428,0.6607508377014524,0.0005506256980845,1,22:04:2013 ,22,27,43.7031777,-72.2908907,1366644462,True,1.0,1200.0,"Dartmouth College, College Street, Hanover, Grafton County, New Hampshire, 03755, United States",university,amenity,Dartmouth College,us,26.0
159,43,2.621770738178305,0.0021848089484819,1.820674123734934e-06,2,23:04:2013 ,2,7,43.7031428,-72.2907778,1366657662,False,0.0,13200.0,"Dartmouth College, College Street, Hanover, Grafton County, New Hampshire, 03755, United States",university,amenity,Dartmouth College,us,2.0
44,43,506.1474759346116,0.421789563278843,0.0003514913027323,2,23:04:2013 ,2,27,43.7068302,-72.2868857,1366658862,True,1.0,1200.0,"Dartmouth College, College Street, Hanover, Grafton County, New Hampshire, 03755, United States",university,amenity,Dartmouth College,us,4.0
45,43,17.2401813370463,0.0143668177808719,1.1972348150726598e-05,2,23:04:2013 ,5,7,43.7068234,-72.2868867,1366668462,False,0.0,9600.0,"Dartmouth College, College Street, Hanover, Grafton County, New Hampshire, 03755, United States",university,amenity,Dartmouth College,us,4.0
71,43,22.346347360670904,0.0186219561338924,1.5518296778243683e-05,2,23:04:2013 ,5,27,43.7069862,-72.2868725,1366669662,True,1.0,1200.0,"Dartmouth College, College Street, Hanover, Grafton County, New Hampshire, 03755, United States",university,amenity,Dartmouth College,us,24.0
72,43,2.347189008131968,0.0019559908401099,1.6299923667583106e-06,2,23:04:2013 ,6,27,43.7069752,-72.2868793,1366673262,False,0.0,3600.0,"Dartmouth College, College Street, Hanover, Grafton County, New Hampshire, 03755, United States",university,amenity,Dartmouth College,us,24.0
11,43,35.83927068139168,0.0298660589011597,2.488838241763312e-05,2,23:04:2013 ,6,47,43.7067141,-72.2869189,1366674462,True,1.0,1200.0,"Dartmouth College, College Street, Hanover, Grafton County, New Hampshire, 03755, United States",university,amenity,Dartmouth College,us,32.0
73,43,35.15295806395453,0.0292941317199621,2.441177643330176e-05,2,23:04:2013 ,7,7,43.7069702,-72.2868648,1366675662,True,1.0,1200.0,"Dartmouth College, College Street, Hanover, Grafton County, New Hampshire, 03755, United States",university,amenity,Dartmouth College,us,24.0
12,43,17.37744855472042,0.0144812071289336,1.2067672607444736e-05,2,23:04:2013 ,8,27,43.7067755,-72.2868943,1366680462,False,0.0,4800.0,"Dartmouth College, College Street, Hanover, Grafton County, New Hampshire, 03755, United States",university,amenity,Dartmouth College,us,32.0
222,43,0.4118992834328747,0.0003432494028607,2.860411690506074e-07,2,23:04:2013 ,20,27,43.6586639,-72.2487371,1366723662,False,0.0,43200.0,"Wheelock Office Park, 31, Old Etna Road, Lebanon, Grafton County, New Hampshire, 03766, United States",office,building,Wheelock Office Park,us,40.0
109,43,74.31541185848388,0.0619295098820699,5.160792490172492e-05,2,23:04:2013 ,21,27,43.7031525,-72.2909439,1366727262,True,1.0,3600.0,"Dartmouth College, College Street, Hanover, Grafton County, New Hampshire, 03755, United States",university,amenity,Dartmouth College,us,26.0
110,43,17.707247225241844,0.0147560393543682,1.2296699461973503e-05,3,24:04:2013 ,0,47,43.7031995,-72.2909298,1366739262,False,0.0,12000.0,"Dartmouth College, College Street, Hanover, Grafton County, New Hampshire, 03755, United States",university,amenity,Dartmouth College,us,26.0
13,43,495.89379714518174,0.206622415477159,8.609267311548295e-05,3,24:04:2013 ,1,27,43.7068122,-72.2868891,1366741662,True,1.0,2400.0,"Dartmouth College, College Street, Hanover, Grafton County, New Hampshire, 03755, United States",university,amenity,Dartmouth College,us,32.0
74,43,6.437613061979201,0.0053646775516493,4.4705646263744456e-06,3,24:04:2013 ,2,27,43.7069766,-72.2869285,1366745262,False,0.0,3600.0,"Dartmouth College, College Street, Hanover, Grafton County, New Hampshire, 03755, United States",university,amenity,Dartmouth College,us,24.0
14,43,22.511063740643905,0.0187592197838699,1.563268315322493e-05,3,24:04:2013 ,2,47,43.7068126,-72.286925,1366746462,True,1.0,1200.0,"Dartmouth College, College Street, Hanover, Grafton County, New Hampshire, 03755, United States",university,amenity,Dartmouth College,us,32.0
223,43,4.311212467685109,0.0035926770564042,2.993897547003548e-06,3,24:04:2013 ,21,27,43.6586829,-72.2487105,1366813662,False,0.0,67200.0,"Wheelock Office Park, 31, Old Etna Road, Lebanon, Grafton County, New Hampshire, 03766, United States",office,building,Wheelock Office Park,us,40.0
284,43,20.48513098191203,0.0170709424849266,1.4225785404105576e-05,3,24:04:2013 ,21,47,43.6585337,-72.2487905,1366814862,True,1.0,1200.0,"Wheelock Office Park, 31, Old Etna Road, Lebanon, Grafton County, New Hampshire, 03766, United States",office,building,Wheelock Office Park,us,6.0
285,43,13.098402003798164,0.0109153350031651,9.096112502637612e-06,4,25:04:2013 ,0,7,43.658553,-72.248781,1366823262,False,0.0,8400.0,"Wheelock Office Park, 31, Old Etna Road, Lebanon, Grafton County, New Hampshire, 03766, United States",office,building,Wheelock Office Park,us,6.0
261,43,17.720411596397376,0.0147670096636644,1.2305841386387068e-05,4,25:04:2013 ,2,7,43.7088476,-72.2863872,1366830462,False,0.0,7200.0,"37, Dewey Field Road, Hanover, Grafton County, New Hampshire, 03755, United States",university,building,,us,10.0
262,43,26.28551057842331,0.021904592148686,1.8253826790571743e-05,4,25:04:2013 ,2,27,43.7086561,-72.2863599,1366831662,True,1.0,1200.0,"37, Dewey Field Road, Hanover, Grafton County, New Hampshire, 03755, United States",university,building,,us,10.0
184,43,7.810168320987383,0.0065084736008228,5.423728000685683e-06,4,25:04:2013 ,5,27,43.7085801,-72.2862062,1366842462,False,0.0,10800.0,"Dartmouth College, College Street, Hanover, Grafton County, New Hampshire, 03755, United States",university,amenity,Dartmouth College,us,6.0
143,43,216.0913952424408,0.0450190406755084,9.3789668073976e-06,4,25:04:2013 ,6,47,43.7070058,-72.2868623,1366847262,True,1.0,4800.0,"Dartmouth College, College Street, Hanover, Grafton County, New Hampshire, 03755, United States",university,amenity,Dartmouth College,us,2.0
75,43,0.768670107334133,0.0006405584227784,5.337986856487034e-07,4,25:04:2013 ,10,47,43.706976,-72.2868821,1366861662,False,0.0,14400.0,"Dartmouth College, College Street, Hanover, Grafton County, New Hampshire, 03755, United States",university,amenity,Dartmouth College,us,24.0
224,43,2.594965317887145,0.0021624710982392,1.80205924853274e-06,5,26:04:2013 ,20,30,43.6586867,-72.2487375,1366983036,False,0.0,121374.0,"Wheelock Office Park, 31, Old Etna Road, Lebanon, Grafton County, New Hampshire, 03766, United States",office,building,Wheelock Office Park,us,40.0
248,43,27.397321176968305,0.0208344647733599,1.5843699447422e-05,5,26:04:2013 ,21,30,43.7088824,-72.284161,1366986636,True,1.0,3600.0,"Life Sciences Greenhouse, 78, College Street, Hanover, Grafton County, New Hampshire, 03755, United States",house,place,Life Sciences Greenhouse,us,8.0
270,43,11.118146876777278,0.0092651223973143,7.720935331095331e-06,5,26:04:2013 ,22,10,43.7088142,-72.2844081,1366989036,False,0.0,2400.0,"Dewey Field Road, Hanover, Grafton County, New Hampshire, 03755, United States",bicycle_parking,amenity,,us,3.0
111,43,774.2060670117061,0.6451717225097551,0.0005376431020914,5,26:04:2013 ,22,30,43.7031739,-72.290936,1366990236,True,1.0,1200.0,"Dartmouth College, College Street, Hanover, Grafton County, New Hampshire, 03755, United States",university,amenity,Dartmouth College,us,26.0
112,43,0.5216088085467149,0.0004346740071222,3.62228339268552e-07,6,27:04:2013 ,1,50,43.7031415,-72.2910211,1367002236,False,0.0,12000.0,"Dartmouth College, College Street, Hanover, Grafton County, New Hampshire, 03755, United States",university,amenity,Dartmouth College,us,26.0
225,43,3.0892437578443066,0.0025743697982035,2.145308165169657e-06,6,27:04:2013 ,5,30,43.6587272,-72.2487323,1367015436,False,0.0,13200.0,"Wheelock Office Park, 31, Old Etna Road, Lebanon, Grafton County, New Hampshire, 03766, United States",office,building,Wheelock Office Park,us,40.0
291,43,0.1647051093439561,0.0001372542577866,1.143785481555251e-07,6,27:04:2013 ,19,30,43.717692,-72.3066269,1367065836,False,0.0,50400.0,"24, Cliff Street, Norwich, Windsor County, Vermont, 05055, United States",yes,building,,us,1.0
197,43,1233.9606680989668,0.0562938260994054,2.568149000885284e-06,0,28:04:2013 ,1,35,43.7087019,-72.2861668,1367087756,True,1.0,21920.0,"Dartmouth College, College Street, Hanover, Grafton County, New Hampshire, 03755, United States",university,amenity,Dartmouth College,us,5.0
198,43,1.7432169182152142,0.0014526807651793,1.2105673043161208e-06,0,28:04:2013 ,2,55,43.7087159,-72.2861632,1367092556,False,0.0,4800.0,"Dartmouth College, College Street, Hanover, Grafton County, New Hampshire, 03755, United States",university,amenity,Dartmouth College,us,5.0
243,43,20.84996428152495,0.0173749702346041,1.4479141862170104e-05,0,28:04:2013 ,3,15,43.7088678,-72.2860847,1367093756,True,1.0,1200.0,"F Lot Parking, 1, Dewey Field Road, Hanover, Grafton County, New Hampshire, 03755, United States",parking,amenity,F Lot Parking,us,4.0
263,43,4.872770567001319,0.0067489897049879,9.347631170343455e-06,0,28:04:2013 ,5,27,43.7087815,-72.2863056,1367101678,False,0.0,7922.0,"37, Dewey Field Road, Hanover, Grafton County, New Hampshire, 03755, United States",university,building,,us,10.0
226,43,2.2242553975786543,0.0018535461646488,1.5446218038740656e-06,1,29:04:2013 ,20,35,43.6587326,-72.2487301,1367242556,False,0.0,140878.0,"Wheelock Office Park, 31, Old Etna Road, Lebanon, Grafton County, New Hampshire, 03766, United States",office,building,Wheelock Office Park,us,40.0
249,43,2.9785635270083204,0.0024821362725069,2.068446893755778e-06,1,29:04:2013 ,21,55,43.70897,-72.2841501,1367247356,False,0.0,4800.0,"Life Sciences Greenhouse, 78, College Street, Hanover, Grafton County, New Hampshire, 03755, United States",house,place,Life Sciences Greenhouse,us,8.0
182,43,1129.7389117881107,0.4703326027427605,0.0001958087438562,1,29:04:2013 ,22,35,43.7007396,-72.2885082,1367249758,True,1.0,2402.0,"7, Lebanon Street, Hanover, Grafton County, New Hampshire, 03755, United States",commercial,building,,us,2.0
113,43,332.4454833310477,0.2775004034482868,0.0002316363968683,1,29:04:2013 ,22,55,43.7031615,-72.2909748,1367250956,True,1.0,1198.0,"Dartmouth College, College Street, Hanover, Grafton County, New Hampshire, 03755, United States",university,amenity,Dartmouth College,us,26.0
114,43,14.055983145231597,0.0117133192876929,9.76109940641083e-06,2,30:04:2013 ,1,55,43.7032147,-72.2909719,1367261756,False,0.0,10800.0,"Dartmouth College, College Street, Hanover, Grafton County, New Hampshire, 03755, United States",university,amenity,Dartmouth College,us,26.0
15,43,485.3245295866108,0.2022185539944211,8.425773083100882e-05,2,30:04:2013 ,2,35,43.7067504,-72.2868869,1367264156,True,1.0,2400.0,"Dartmouth College, College Street, Hanover, Grafton County, New Hampshire, 03755, United States",university,amenity,Dartmouth College,us,32.0
16,43,10.54178118326076,0.0087848176527172,7.320681377264415e-06,2,30:04:2013 ,8,55,43.7066071,-72.2870016,1367286956,False,0.0,22800.0,"Dartmouth College, College Street, Hanover, Grafton County, New Hampshire, 03755, United States",university,amenity,Dartmouth College,us,32.0
227,43,0.8512582802337456,0.0007093819001947,5.911515834956566e-07,2,30:04:2013 ,20,35,43.6587189,-72.2487188,1367328956,False,0.0,42000.0,"Wheelock Office Park, 31, Old Etna Road, Lebanon, Grafton County, New Hampshire, 03766, United States",office,building,Wheelock Office Park,us,40.0
115,43,2.4982317928326023,0.0020818598273605,1.7348831894670849e-06,3,01:05:2013 ,0,55,43.7031249,-72.2910203,1367344556,False,0.0,15600.0,"Dartmouth College, College Street, Hanover, Grafton County, New Hampshire, 03755, United States",university,amenity,Dartmouth College,us,26.0
17,43,500.82173553330136,0.4173514462777511,0.0003477928718981,3,01:05:2013 ,1,15,43.7067735,-72.286918,1367345756,True,1.0,1200.0,"Dartmouth College, College Street, Hanover, Grafton County, New Hampshire, 03755, United States",university,amenity,Dartmouth College,us,32.0
76,43,2.9236931065117417,0.0024364109220931,2.030342435077598e-06,3,01:05:2013 ,2,35,43.7068795,-72.2869161,1367350556,False,0.0,4800.0,"Dartmouth College, College Street, Hanover, Grafton County, New Hampshire, 03755, United States",university,amenity,Dartmouth College,us,24.0
185,43,228.2391777971936,0.1901993148309946,0.0001584994290258,3,01:05:2013 ,2,55,43.7085423,-72.286156,1367351756,True,1.0,1200.0,"Dartmouth College, College Street, Hanover, Grafton County, New Hampshire, 03755, United States",university,amenity,Dartmouth College,us,6.0
199,43,26.011005048343307,0.021675837540286,1.8063197950238408e-05,3,01:05:2013 ,3,15,43.7087318,-72.2862245,1367352956,True,1.0,1200.0,"Dartmouth College, College Street, Hanover, Grafton County, New Hampshire, 03755, United States",university,amenity,Dartmouth College,us,5.0
186,43,9.100422382897266,0.007583685319081,6.319737765900879e-06,3,01:05:2013 ,7,15,43.7085619,-72.2862611,1367367356,False,0.0,14400.0,"Dartmouth College, College Street, Hanover, Grafton County, New Hampshire, 03755, United States",university,amenity,Dartmouth College,us,6.0
228,43,0.5080089267483832,0.0004233407722903,3.527839769085994e-07,3,01:05:2013 ,20,35,43.6587343,-72.2487013,1367415356,False,0.0,48000.0,"Wheelock Office Park, 31, Old Etna Road, Lebanon, Grafton County, New Hampshire, 03766, United States",office,building,Wheelock Office Park,us,40.0
276,43,1.990284165855046,0.0016585701382125,1.3821417818437822e-06,3,01:05:2013 ,21,55,43.7089859,-72.2841211,1367420156,False,0.0,4800.0,"Life Sciences Greenhouse, 78, College Street, Hanover, Grafton County, New Hampshire, 03755, United States",house,place,Life Sciences Greenhouse,us,4.0
192,43,0.0,0.0,0.0,3,01:05:2013 ,23,55,43.7008721,-72.2854021,1367427358,False,0.0,7202.0,"Lebanon Street, Hanover, Grafton County, New Hampshire, 03755, United States",tertiary,road,Lebanon Street,us,1.0
229,43,6.453088023208856,0.005377573352674,4.481311127228373e-06,4,02:05:2013 ,22,35,43.6586631,-72.2487748,1367508956,False,0.0,81598.0,"Wheelock Office Park, 31, Old Etna Road, Lebanon, Grafton County, New Hampshire, 03766, United States",office,building,Wheelock Office Park,us,40.0
250,43,2.621684773827196,0.0021847373115226,1.8206144262688864e-06,4,02:05:2013 ,23,55,43.7089614,-72.2841458,1367513756,False,0.0,4800.0,"Life Sciences Greenhouse, 78, College Street, Hanover, Grafton County, New Hampshire, 03755, United States",house,place,Life Sciences Greenhouse,us,8.0
165,43,579.4541403011425,0.4828784502509521,0.0004023987085424,5,03:05:2013 ,0,15,43.7047399,-72.2882712,1367514956,True,1.0,1200.0,"Dartmouth College, College Street, Hanover, Grafton County, New Hampshire, 03755, United States",university,amenity,Dartmouth College,us,1.0
183,43,548.1434566754696,0.4567862138962246,0.0003806551782468,5,03:05:2013 ,0,35,43.7007466,-72.2885229,1367516156,True,1.0,1200.0,"7, Lebanon Street, Hanover, Grafton County, New Hampshire, 03755, United States",commercial,building,,us,2.0
46,43,833.5141555323311,0.3472975648051379,0.0001447073186688,5,03:05:2013 ,1,15,43.7068189,-72.2869132,1367518556,True,1.0,2400.0,"Dartmouth College, College Street, Hanover, Grafton County, New Hampshire, 03755, United States",university,amenity,Dartmouth College,us,4.0
18,43,7.137656498557619,0.0059480470821313,4.956705901776124e-06,5,03:05:2013 ,2,55,43.7068152,-72.2869321,1367524556,False,0.0,6000.0,"Dartmouth College, College Street, Hanover, Grafton County, New Hampshire, 03755, United States",university,amenity,Dartmouth College,us,32.0
251,43,285.6418948033758,0.2380349123361465,0.0001983624269467,5,03:05:2013 ,3,15,43.7088962,-72.2841288,1367525756,True,1.0,1200.0,"Life Sciences Greenhouse, 78, College Street, Hanover, Grafton County, New Hampshire, 03755, United States",house,place,Life Sciences Greenhouse,us,8.0
252,43,0.2333437475053974,0.0001944531229211,1.6204426910097044e-07,5,03:05:2013 ,6,15,43.7089129,-72.2841259,1367536556,False,0.0,10800.0,"Life Sciences Greenhouse, 78, College Street, Hanover, Grafton County, New Hampshire, 03755, United States",house,place,Life Sciences Greenhouse,us,8.0
19,43,317.0887572547336,0.2642406310456113,0.0002202005258713,5,03:05:2013 ,6,35,43.7066028,-72.2869459,1367537756,True,1.0,1200.0,"Dartmouth College, College Street, Hanover, Grafton County, New Hampshire, 03755, United States",university,amenity,Dartmouth College,us,32.0
20,43,7.15139128954384,0.0059594927412865,4.966243951072111e-06,5,03:05:2013 ,6,55,43.7066549,-72.2869629,1367538956,False,0.0,1200.0,"Dartmouth College, College Street, Hanover, Grafton County, New Hampshire, 03755, United States",university,amenity,Dartmouth College,us,32.0
77,43,30.7331145634388,0.0256109288028656,2.134244066905472e-05,5,03:05:2013 ,7,15,43.7068788,-72.2869299,1367540156,True,1.0,1200.0,"Dartmouth College, College Street, Hanover, Grafton County, New Hampshire, 03755, United States",university,amenity,Dartmouth College,us,24.0
78,43,1.2628158490367347,0.0010523465408639,8.769554507199547e-07,5,03:05:2013 ,7,35,43.706888,-72.2869406,1367541356,False,0.0,1200.0,"Dartmouth College, College Street, Hanover, Grafton County, New Hampshire, 03755, United States",university,amenity,Dartmouth College,us,24.0
90,43,228.7491749514521,0.1904655911335987,0.0001585891683044,5,03:05:2013 ,7,55,43.7052215,-72.2832276,1367542557,True,1.0,1201.0,"8, North Park Street, Hanover, Grafton County, New Hampshire, 03755, United States",dormitory,building,,us,5.0
230,43,1.125857666696081,0.0009382147222467,7.818456018722782e-07,5,03:05:2013 ,21,35,43.6587292,-72.2487972,1367591756,False,0.0,49199.0,"Wheelock Office Park, 31, Old Etna Road, Lebanon, Grafton County, New Hampshire, 03766, United States",office,building,Wheelock Office Park,us,40.0
116,43,2.0315288927039745,0.0016929407439199,1.410783953266649e-06,6,04:05:2013 ,0,55,43.7031491,-72.2910461,1367603756,False,0.0,12000.0,"Dartmouth College, College Street, Hanover, Grafton County, New Hampshire, 03755, United States",university,amenity,Dartmouth College,us,26.0
21,43,488.67391917041647,0.0311197808807499,1.981772965723108e-06,6,04:05:2013 ,5,17,43.7067092,-72.2868792,1367619459,True,1.0,15703.0,"Dartmouth College, College Street, Hanover, Grafton County, New Hampshire, 03755, United States",university,amenity,Dartmouth College,us,32.0
22,43,9.622119039467025,0.1436137170069705,0.0021434883135368,6,04:05:2013 ,5,18,43.7066391,-72.2869551,1367619526,False,0.0,67.0,"Dartmouth College, College Street, Hanover, Grafton County, New Hampshire, 03755, United States",university,amenity,Dartmouth College,us,32.0
231,43,0.6727685706556511,0.0005606404755463,4.672003962886466e-07,1,06:05:2013 ,0,34,43.6587369,-72.2487158,1367775249,False,0.0,155723.0,"Wheelock Office Park, 31, Old Etna Road, Lebanon, Grafton County, New Hampshire, 03766, United States",office,building,Wheelock Office Park,us,40.0
23,43,6.0944670825610485,0.0050787225688008,4.2322688073340615e-06,1,06:05:2013 ,2,54,43.7066725,-72.2869426,1367783649,False,0.0,8400.0,"Dartmouth College, College Street, Hanover, Grafton County, New Hampshire, 03755, United States",university,amenity,Dartmouth College,us,32.0
141,43,72.83150928352038,0.0605919378398672,5.040926608973977e-05,1,06:05:2013 ,3,14,43.7072031,-72.2869381,1367784851,True,1.0,1202.0,"Dartmouth College, College Street, Hanover, Grafton County, New Hampshire, 03755, United States",university,amenity,Dartmouth College,us,1.0
38,43,137.35881560879054,0.4474228521458975,0.0014574034271853,1,06:05:2013 ,3,19,43.7062024,-72.2833324,1367785158,True,1.0,307.0,"North Park Street, Hanover, Grafton County, New Hampshire, 03755, United States",parking,amenity,,us,8.0
286,43,15.652175938216246,0.0130434799485135,1.0869566623761282e-05,1,06:05:2013 ,16,54,43.6585728,-72.248759,1367834049,False,0.0,48891.0,"Wheelock Office Park, 31, Old Etna Road, Lebanon, Grafton County, New Hampshire, 03766, United States",office,building,Wheelock Office Park,us,6.0
232,43,23.176200807203347,0.0193135006726694,1.6094583893891213e-05,1,06:05:2013 ,17,14,43.6587416,-72.2487147,1367835249,True,1.0,1200.0,"Wheelock Office Park, 31, Old Etna Road, Lebanon, Grafton County, New Hampshire, 03766, United States",office,building,Wheelock Office Park,us,40.0
233,43,0.7963383099701542,0.0006636152583084,5.530127152570515e-07,1,06:05:2013 ,20,34,43.6587311,-72.2487496,1367847249,False,0.0,12000.0,"Wheelock Office Park, 31, Old Etna Road, Lebanon, Grafton County, New Hampshire, 03766, United States",office,building,Wheelock Office Park,us,40.0
253,43,3.980568384200492,0.003317140320167,2.7642836001392308e-06,1,06:05:2013 ,21,54,43.7089619,-72.2841307,1367852049,False,0.0,4800.0,"Life Sciences Greenhouse, 78, College Street, Hanover, Grafton County, New Hampshire, 03755, United States",house,place,Life Sciences Greenhouse,us,8.0
117,43,796.414966548755,0.6631265333461741,0.0005521453233523,1,06:05:2013 ,22,14,43.7031598,-72.2908787,1367853250,True,1.0,1201.0,"Dartmouth College, College Street, Hanover, Grafton County, New Hampshire, 03755, United States",university,amenity,Dartmouth College,us,26.0
118,43,1.6609119038115916,0.0013840932531763,1.1534110443136054e-06,2,07:05:2013 ,1,54,43.7031754,-72.2910495,1367866449,False,0.0,13199.0,"Dartmouth College, College Street, Hanover, Grafton County, New Hampshire, 03755, United States",university,amenity,Dartmouth College,us,26.0
96,43,316.33991146233177,0.1329717996899251,5.589398894069992e-05,2,07:05:2013 ,2,33,43.70548,-72.2886423,1367868828,True,1.0,2379.0,"Baker Memorial Library, 3, Wentworth Street, Hanover, Grafton County, New Hampshire, 03755, United States",library,amenity,Baker Memorial Library,us,4.0
83,43,0.9608458022547882,0.0008007048352123,6.672540293436029e-07,2,07:05:2013 ,4,14,43.7054613,-72.2885986,1367874849,False,0.0,6021.0,"Baker Memorial Library, 3, Wentworth Street, Hanover, Grafton County, New Hampshire, 03755, United States",library,amenity,Baker Memorial Library,us,4.0
92,43,57.70572292035634,0.0480881024336302,4.007341869469191e-05,2,07:05:2013 ,4,34,43.7050409,-72.2888573,1367876049,True,1.0,1200.0,"Dartmouth College, College Street, Hanover, Grafton County, New Hampshire, 03755, United States",university,amenity,Dartmouth College,us,2.0
244,43,515.6680030839874,0.0390657578093929,2.9595271067721955e-06,2,07:05:2013 ,8,14,43.7087977,-72.2862307,1367889249,True,1.0,13200.0,"F Lot Parking, 1, Dewey Field Road, Hanover, Grafton County, New Hampshire, 03755, United States",parking,amenity,F Lot Parking,us,4.0
187,43,18.53026800589649,0.0154418900049137,1.2868241670761453e-05,2,07:05:2013 ,9,54,43.7085642,-72.2861641,1367895249,False,0.0,6000.0,"Dartmouth College, College Street, Hanover, Grafton County, New Hampshire, 03755, United States",university,amenity,Dartmouth College,us,6.0
200,43,21.09705216887245,0.0175808768073937,1.4650730672828096e-05,2,07:05:2013 ,10,14,43.7087179,-72.2861818,1367896449,True,1.0,1200.0,"Dartmouth College, College Street, Hanover, Grafton County, New Hampshire, 03755, United States",university,amenity,Dartmouth College,us,5.0
245,43,5.092387398317183,0.0042436561652643,3.5363801377202664e-06,2,07:05:2013 ,11,14,43.70878,-72.2861357,1367900049,False,0.0,3600.0,"F Lot Parking, 1, Dewey Field Road, Hanover, Grafton County, New Hampshire, 03755, United States",parking,amenity,F Lot Parking,us,4.0
180,43,75.68590436790849,0.0630190710806898,5.24721657624395e-05,2,07:05:2013 ,11,34,43.7082286,-72.285441,1367901250,True,1.0,1201.0,"Dartmouth College, College Street, Hanover, Grafton County, New Hampshire, 03755, United States",university,amenity,Dartmouth College,us,1.0
234,43,10.585812356036136,0.0088215102966967,7.35125858058065e-06,2,07:05:2013 ,20,34,43.6586914,-72.2487684,1367933649,False,0.0,32399.0,"Wheelock Office Park, 31, Old Etna Road, Lebanon, Grafton County, New Hampshire, 03766, United States",office,building,Wheelock Office Park,us,40.0
119,43,8.496733656357986,0.0070806113802983,5.900509483581934e-06,3,08:05:2013 ,0,14,43.7031597,-72.2910498,1367946849,False,0.0,13200.0,"Dartmouth College, College Street, Hanover, Grafton County, New Hampshire, 03755, United States",university,amenity,Dartmouth College,us,26.0
79,43,517.1696138143077,0.0792111523685568,1.2132202844012385e-05,3,08:05:2013 ,2,2,43.7069274,-72.2869354,1367953378,True,1.0,6529.0,"Dartmouth College, College Street, Hanover, Grafton County, New Hampshire, 03755, United States",university,amenity,Dartmouth College,us,24.0
80,43,1.784413153348018,0.0014870109611233,1.2391758009361237e-06,3,08:05:2013 ,3,42,43.7069315,-72.2869423,1367959377,False,0.0,5999.0,"Dartmouth College, College Street, Hanover, Grafton County, New Hampshire, 03755, United States",university,amenity,Dartmouth College,us,24.0
24,43,22.579700783711075,0.0188478303703765,1.573274655290194e-05,3,08:05:2013 ,4,2,43.706767,-72.2869475,1367960575,True,1.0,1198.0,"Dartmouth College, College Street, Hanover, Grafton County, New Hampshire, 03755, United States",university,amenity,Dartmouth College,us,32.0
91,43,207.2126234864112,0.021580152414748,2.247464321469287e-06,3,08:05:2013 ,6,42,43.7052574,-72.2831837,1367970177,True,1.0,9602.0,"8, North Park Street, Hanover, Grafton County, New Hampshire, 03755, United States",dormitory,building,,us,5.0
235,43,0.2745995004922379,0.0002288329170768,1.906940975640541e-07,3,08:05:2013 ,20,42,43.6586789,-72.2487505,1368020577,False,0.0,50400.0,"Wheelock Office Park, 31, Old Etna Road, Lebanon, Grafton County, New Hampshire, 03766, United States",office,building,Wheelock Office Park,us,40.0
277,43,4.008020226936222,0.0033400168557801,2.7833473798168207e-06,3,08:05:2013 ,22,2,43.7089774,-72.2841575,1368025377,False,0.0,4800.0,"Life Sciences Greenhouse, 78, College Street, Hanover, Grafton County, New Hampshire, 03755, United States",house,place,Life Sciences Greenhouse,us,4.0
25,43,310.0745163970603,0.258180280097469,0.0002149710908388,3,08:05:2013 ,22,22,43.7067184,-72.2869084,1368026578,True,1.0,1201.0,"Dartmouth College, College Street, Hanover, Grafton County, New Hampshire, 03755, United States",university,amenity,Dartmouth College,us,32.0
26,43,9.526030234793014,0.0079383585289941,6.615298774161815e-06,3,08:05:2013 ,23,22,43.7068,-72.2868926,1368030177,False,0.0,3599.0,"Dartmouth College, College Street, Hanover, Grafton County, New Hampshire, 03755, United States",university,amenity,Dartmouth College,us,32.0
27,43,26.972126930041306,0.022476772441701,1.8730643701417573e-05,3,08:05:2013 ,23,42,43.7066035,-72.28694,1368031377,True,1.0,1200.0,"Dartmouth College, College Street, Hanover, Grafton County, New Hampshire, 03755, United States",university,amenity,Dartmouth College,us,32.0
47,43,30.87038606915758,0.0257253217242979,2.143776810358165e-05,4,09:05:2013 ,0,2,43.7068284,-72.286879,1368032577,True,1.0,1200.0,"Dartmouth College, College Street, Hanover, Grafton County, New Hampshire, 03755, United States",university,amenity,Dartmouth College,us,4.0
28,43,8.098499265678928,0.0067487493880657,5.623957823388144e-06,4,09:05:2013 ,2,2,43.7067151,-72.2869146,1368039777,False,0.0,7200.0,"Dartmouth College, College Street, Hanover, Grafton County, New Hampshire, 03755, United States",university,amenity,Dartmouth College,us,32.0
236,43,6.508007758750546,0.0054233397989587,4.519449832465657e-06,5,10:05:2013 ,21,42,43.6587147,-72.2487113,1368196977,False,0.0,157200.0,"Wheelock Office Park, 31, Old Etna Road, Lebanon, Grafton County, New Hampshire, 03766, United States",office,building,Wheelock Office Park,us,40.0
120,43,0.452975965401356,0.0003774799711677,3.1456664263983057e-07,6,11:05:2013 ,1,22,43.703183,-72.2909508,1368210177,False,0.0,13200.0,"Dartmouth College, College Street, Hanover, Grafton County, New Hampshire, 03755, United States",university,amenity,Dartmouth College,us,26.0
166,43,21.5918640945106,0.0108939778478862,5.4964570372786464e-06,6,11:05:2013 ,1,55,43.7030257,-72.2913149,1368212159,True,1.0,1982.0,"Dartmouth College, College Street, Hanover, Grafton County, New Hampshire, 03755, United States",university,amenity,Dartmouth College,us,1.0
97,43,340.1828861083074,0.2102490025391269,0.0001299437592948,6,11:05:2013 ,2,22,43.705504,-72.2887129,1368213777,True,1.0,1618.0,"Baker Memorial Library, 3, Wentworth Street, Hanover, Grafton County, New Hampshire, 03755, United States",library,amenity,Baker Memorial Library,us,4.0
84,43,3.788477196735336,0.0031570643306127,2.630886942177317e-06,6,11:05:2013 ,2,42,43.7054764,-72.2887177,1368214977,False,0.0,1200.0,"Baker Memorial Library, 3, Wentworth Street, Hanover, Grafton County, New Hampshire, 03755, United States",library,amenity,Baker Memorial Library,us,4.0
188,43,435.1631612197761,0.0053269412936526,6.52084231268147e-08,0,12:05:2013 ,1,24,43.7086467,-72.2861926,1368296668,True,1.0,81691.0,"Dartmouth College, College Street, Hanover, Grafton County, New Hampshire, 03755, United States",university,amenity,Dartmouth College,us,6.0
189,43,6.3002908818034165,0.0052502424015028,4.375202001252373e-06,0,12:05:2013 ,5,24,43.7086155,-72.2862218,1368311069,False,0.0,14401.0,"Dartmouth College, College Street, Hanover, Grafton County, New Hampshire, 03755, United States",university,amenity,Dartmouth College,us,6.0
39,43,327.28793280044994,0.0340924930000468,3.551301354171549e-06,0,12:05:2013 ,8,4,43.7062311,-72.2833258,1368320669,True,1.0,9600.0,"North Park Street, Hanover, Grafton County, New Hampshire, 03755, United States",parking,amenity,,us,8.0
237,43,6.562930813799313,0.0054691090114994,4.55759084291619e-06,1,13:05:2013 ,22,4,43.6586292,-72.2487584,1368457469,False,0.0,136800.0,"Wheelock Office Park, 31, Old Etna Road, Lebanon, Grafton County, New Hampshire, 03766, United States",office,building,Wheelock Office Park,us,40.0
154,43,107.5747916185233,0.0897204267043563,7.482938007035561e-05,1,13:05:2013 ,23,4,43.7030194,-72.2911896,1368461069,True,1.0,3600.0,"Dartmouth College, College Street, Hanover, Grafton County, New Hampshire, 03755, United States",university,amenity,Dartmouth College,us,4.0
121,43,28.935565340616456,0.0241129711171803,2.009414259765032e-05,1,13:05:2013 ,23,24,43.7032302,-72.2908438,1368462269,True,1.0,1200.0,"Dartmouth College, College Street, Hanover, Grafton County, New Hampshire, 03755, United States",university,amenity,Dartmouth College,us,26.0
122,43,7.645688465790433,0.0063714070548253,5.309505879021134e-06,2,14:05:2013 ,2,4,43.7030816,-72.2910858,1368471869,False,0.0,9600.0,"Dartmouth College, College Street, Hanover, Grafton County, New Hampshire, 03755, United States",university,amenity,Dartmouth College,us,26.0
85,43,319.8540297886082,0.2665450248238402,0.0002221208540198,2,14:05:2013 ,2,24,43.7054118,-72.2887361,1368473069,True,1.0,1200.0,"Baker Memorial Library, 3, Wentworth Street, Hanover, Grafton County, New Hampshire, 03755, United States",library,amenity,Baker Memorial Library,us,4.0
98,43,7.920115764704104,0.0065946009697786,5.490925037284433e-06,2,14:05:2013 ,2,44,43.7054695,-72.2887546,1368474270,False,0.0,1201.0,"Baker Memorial Library, 3, Wentworth Street, Hanover, Grafton County, New Hampshire, 03755, United States",library,amenity,Baker Memorial Library,us,4.0
93,43,56.401712233521614,0.047040627384088,3.923321716771316e-05,2,14:05:2013 ,3,4,43.7050586,-72.2887998,1368475469,True,1.0,1199.0,"Dartmouth College, College Street, Hanover, Grafton County, New Hampshire, 03755, United States",university,amenity,Dartmouth College,us,2.0
238,43,1.798626560208612,0.0014988554668405,1.2490462223670916e-06,2,14:05:2013 ,20,4,43.6586901,-72.2487115,1368536669,False,0.0,61200.0,"Wheelock Office Park, 31, Old Etna Road, Lebanon, Grafton County, New Hampshire, 03766, United States",office,building,Wheelock Office Park,us,40.0
29,43,44.78876515074989,0.0358310121205999,2.866480969647993e-05,2,14:05:2013 ,21,4,43.7067948,-72.2869926,1368540269,True,1.0,3600.0,"Dartmouth College, College Street, Hanover, Grafton County, New Hampshire, 03755, United States",university,amenity,Dartmouth College,us,32.0
123,43,506.5181934371387,0.2110492472654744,8.793718636061435e-05,2,14:05:2013 ,21,44,43.7031047,-72.2910661,1368542669,True,1.0,2400.0,"Dartmouth College, College Street, Hanover, Grafton County, New Hampshire, 03755, United States",university,amenity,Dartmouth College,us,26.0
124,43,8.62027197036585,0.0071835599753048,5.9862999794207295e-06,3,15:05:2013 ,0,44,43.7031731,-72.2909708,1368553469,False,0.0,10800.0,"Dartmouth College, College Street, Hanover, Grafton County, New Hampshire, 03755, United States",university,amenity,Dartmouth College,us,26.0
30,43,493.0525332913224,0.410877111076102,0.0003423975925634,3,15:05:2013 ,1,4,43.7067651,-72.2869986,1368554669,True,1.0,1200.0,"Dartmouth College, College Street, Hanover, Grafton County, New Hampshire, 03755, United States",university,amenity,Dartmouth College,us,32.0
31,43,9.677014502803557,0.0080641787523362,6.720148960280248e-06,3,15:05:2013 ,3,4,43.7068162,-72.2869668,1368561869,False,0.0,7200.0,"Dartmouth College, College Street, Hanover, Grafton County, New Hampshire, 03755, United States",university,amenity,Dartmouth College,us,32.0
99,43,190.45266100072496,0.0529035169446458,1.469542137351273e-05,3,15:05:2013 ,4,4,43.7054287,-72.2887776,1368565469,True,1.0,3600.0,"Baker Memorial Library, 3, Wentworth Street, Hanover, Grafton County, New Hampshire, 03755, United States",library,amenity,Baker Memorial Library,us,4.0
86,43,4.817955405598212,0.0040149628379985,3.3458023649987585e-06,3,15:05:2013 ,4,44,43.7054464,-72.2887386,1368567869,False,0.0,2400.0,"Baker Memorial Library, 3, Wentworth Street, Hanover, Grafton County, New Hampshire, 03755, United States",library,amenity,Baker Memorial Library,us,4.0
51,43,110.94999711485868,0.0923813464736541,7.692035509879615e-05,3,15:05:2013 ,5,4,43.7062547,-72.2892825,1368569070,True,1.0,1201.0,"Dartmouth College, College Street, Hanover, Grafton County, New Hampshire, 03755, United States",university,amenity,Dartmouth College,us,2.0
52,43,3.994355762625211,0.0033286298021876,2.7738581684897296e-06,3,15:05:2013 ,6,4,43.7062305,-72.2892198,1368572669,False,0.0,3599.0,"Dartmouth College, College Street, Hanover, Grafton County, New Hampshire, 03755, United States",university,amenity,Dartmouth College,us,2.0
55,43,62.94877465969688,0.052457312216414,4.371442684701173e-05,3,15:05:2013 ,6,24,43.7066891,-72.2871009,1368573869,True,1.0,1200.0,"Dartmouth College, College Street, Hanover, Grafton County, New Hampshire, 03755, United States",university,amenity,Dartmouth College,us,3.0
239,43,1.620136641468278,0.0013501138678902,1.1250948899085265e-06,3,15:05:2013 ,20,44,43.6587313,-72.2487398,1368625469,False,0.0,51600.0,"Wheelock Office Park, 31, Old Etna Road, Lebanon, Grafton County, New Hampshire, 03766, United States",office,building,Wheelock Office Park,us,40.0
240,43,3.1716244649286254,0.0008810067958135,2.447241099481964e-07,2,21:05:2013 ,20,32,43.6586553,-72.248769,1369143145,False,0.0,517676.0,"Wheelock Office Park, 31, Old Etna Road, Lebanon, Grafton County, New Hampshire, 03766, United States",office,building,Wheelock Office Park,us,40.0
125,43,2.5394116732166654,0.0021161763943472,1.7634803286226843e-06,2,21:05:2013 ,23,52,43.7031269,-72.2909939,1369155145,False,0.0,12000.0,"Dartmouth College, College Street, Hanover, Grafton County, New Hampshire, 03755, United States",university,amenity,Dartmouth College,us,26.0
81,43,522.0974353497979,0.0725135326874719,1.0071323984371102e-05,3,22:05:2013 ,1,52,43.7069305,-72.2869565,1369162345,True,1.0,7200.0,"Dartmouth College, College Street, Hanover, Grafton County, New Hampshire, 03755, United States",university,amenity,Dartmouth College,us,24.0
82,43,3.239396772171061,0.0026994973101425,2.249581091785459e-06,3,22:05:2013 ,2,52,43.7069177,-72.2869685,1369165945,False,0.0,3600.0,"Dartmouth College, College Street, Hanover, Grafton County, New Hampshire, 03755, United States",university,amenity,Dartmouth College,us,24.0
