,tnv,distance,velocity,accelerate,week_date,date,hour in date,min in date,latitude,longitude,time,moving,active,time_difference,address,type,address_type,hall,nation,count
0,48,0.0,0.0,0.0,5,29:03:2013 ,3,15,43.706616,-72.2870224,1364501742,False,0.0,,"Dartmouth College, College Street, Hanover, Grafton County, New Hampshire, 03755, United States",university,amenity,Dartmouth College,us,104.0
1,48,0.5215986709272438,0.0004350280825081,3.6282575688751174e-07,5,29:03:2013 ,10,55,43.7066014,-72.2871304,1364529341,False,0.0,27599.0,"Dartmouth College, College Street, Hanover, Grafton County, New Hampshire, 03755, United States",university,amenity,Dartmouth College,us,104.0
272,48,0.1372822026666499,3.177828765431712e-05,7.356085105166e-09,5,29:03:2013 ,12,35,43.6814451,-72.322502,1364535342,False,0.0,6001.0,"1886, Christian Street, Hartford, Windsor County, Vermont, 05001, United States",house,place,,us,25.0
253,48,25.79531239714888,0.0215140220159707,1.7943304433670314e-05,5,29:03:2013 ,12,55,43.681633,-72.3225303,1364536541,True,1.0,1199.0,"1898, Christian Street, Hartford, Windsor County, Vermont, 05001, United States",house,place,,us,7.0
273,48,25.5893890910938,0.0213067352964977,1.77408287231455e-05,5,29:03:2013 ,13,15,43.6814466,-72.3224996,1364537742,True,1.0,1201.0,"1886, Christian Street, Hartford, Windsor County, Vermont, 05001, United States",house,place,,us,25.0
274,48,0.1510104234726615,0.0001258420195605,1.0486834963379277e-07,5,29:03:2013 ,14,55,43.681444,-72.3225006,1364543742,False,0.0,6000.0,"1886, Christian Street, Hartford, Windsor County, Vermont, 05001, United States",house,place,,us,25.0
254,48,25.946322820659347,0.0216219356838827,1.801827973656899e-05,5,29:03:2013 ,15,15,43.681633,-72.3225303,1364544942,True,1.0,1200.0,"1898, Christian Street, Hartford, Windsor County, Vermont, 05001, United States",house,place,,us,7.0
275,48,0.1510104234726615,0.0001258420195605,1.0486834963379277e-07,5,29:03:2013 ,16,55,43.6814451,-72.322502,1364550942,False,0.0,6000.0,"1886, Christian Street, Hartford, Windsor County, Vermont, 05001, United States",house,place,,us,25.0
255,48,24.42249177390708,0.0203520764782558,1.6960063731879915e-05,5,29:03:2013 ,17,15,43.681623,-72.3225295,1364552142,True,1.0,1200.0,"1898, Christian Street, Hartford, Windsor County, Vermont, 05001, United States",house,place,,us,7.0
256,48,1.468918152690459,0.0012240984605753,1.0200820504794851e-06,5,29:03:2013 ,17,35,43.6816123,-72.3225291,1364553342,False,0.0,1200.0,"1898, Christian Street, Hartford, Windsor County, Vermont, 05001, United States",house,place,,us,7.0
276,48,22.994758281071245,0.0191622985675593,1.596858213963281e-05,5,29:03:2013 ,17,55,43.6814448,-72.3225022,1364554542,True,1.0,1200.0,"1886, Christian Street, Hartford, Windsor County, Vermont, 05001, United States",house,place,,us,25.0
277,48,0.2471079666268964,0.0002059233055224,1.716027546020114e-07,5,29:03:2013 ,18,55,43.6814448,-72.3225022,1364558142,False,0.0,3600.0,"1886, Christian Street, Hartford, Windsor County, Vermont, 05001, United States",house,place,,us,25.0
257,48,22.994758281071245,0.0191622985675593,1.596858213963281e-05,5,29:03:2013 ,19,15,43.6816123,-72.3225291,1364559342,True,1.0,1200.0,"1898, Christian Street, Hartford, Windsor County, Vermont, 05001, United States",house,place,,us,7.0
278,48,22.994758281071245,0.0191622985675593,1.596858213963281e-05,5,29:03:2013 ,19,35,43.6814448,-72.3225022,1364560542,True,1.0,1200.0,"1886, Christian Street, Hartford, Windsor County, Vermont, 05001, United States",house,place,,us,25.0
279,48,0.164738643728645,0.0823693218643225,0.0411846609321612,5,29:03:2013 ,20,35,43.681446,-72.3225026,1364564144,False,0.0,3602.0,"1886, Christian Street, Hartford, Windsor County, Vermont, 05001, United States",house,place,,us,25.0
312,48,2.731497316141834,0.0022762477634515,1.8968731362096072e-06,5,29:03:2013 ,21,55,43.7087361,-72.2836408,1364568942,False,0.0,4798.0,"Class of 1978 Life Sciences Center, 78, College Street, Hanover, Grafton County, New Hampshire, 03755, United States",university,building,Class of 1978 Life Sciences Center,us,3.0
133,48,765.0233455851295,0.3187597273271373,0.0001328165530529,5,29:03:2013 ,22,35,43.7031627,-72.2908939,1364571342,True,1.0,2400.0,"Dartmouth College, College Street, Hanover, Grafton County, New Hampshire, 03755, United States",university,amenity,Dartmouth College,us,19.0
204,48,4.392496569813957,0.0036604138081782,3.0503448401485813e-06,6,30:03:2013 ,0,35,43.703105,-72.2907419,1364578542,False,0.0,7200.0,"Dartmouth College, College Street, Hanover, Grafton County, New Hampshire, 03755, United States",university,amenity,Dartmouth College,us,23.0
332,48,792.8601507037793,0.6596174298700327,0.0005487665805907,6,30:03:2013 ,0,55,43.7088812,-72.2841304,1364579744,True,1.0,1202.0,"Life Sciences Greenhouse, 78, College Street, Hanover, Grafton County, New Hampshire, 03755, United States",house,place,Life Sciences Greenhouse,us,18.0
333,48,1.4549661114708214,0.001212471759559,1.010393132965848e-06,6,30:03:2013 ,1,55,43.7090033,-72.2840487,1364583342,False,0.0,3598.0,"Life Sciences Greenhouse, 78, College Street, Hanover, Grafton County, New Hampshire, 03755, United States",house,place,Life Sciences Greenhouse,us,18.0
303,48,155.95639811477835,0.1298554522187996,0.0001081227745368,6,30:03:2013 ,2,15,43.7078671,-72.28496,1364584543,True,1.0,1201.0,"Anonymous Hall, 64, College Street, Hanover, Grafton County, New Hampshire, 03755, United States",university,building,Anonymous Hall,us,5.0
304,48,5.723819110672074,0.0047698492588933,3.974874382411163e-06,6,30:03:2013 ,4,15,43.7078683,-72.2849447,1364591742,False,0.0,7199.0,"Anonymous Hall, 64, College Street, Hanover, Grafton County, New Hampshire, 03755, United States",university,building,Anonymous Hall,us,5.0
119,48,227.4164631985376,0.0210531811885333,1.9490077012158284e-06,6,30:03:2013 ,7,15,43.7062115,-72.2832959,1364602544,True,1.0,10802.0,"North Park Street, Hanover, Grafton County, New Hampshire, 03755, United States",parking,amenity,,us,2.0
120,48,3.3354938126551272,0.0041537905512517,5.172840038918699e-06,6,30:03:2013 ,7,29,43.7061872,-72.2832931,1364603347,False,0.0,803.0,"North Park Street, Hanover, Grafton County, New Hampshire, 03755, United States",parking,amenity,,us,2.0
280,48,22.21225040800228,0.0185102086733352,1.542517389444603e-05,6,30:03:2013 ,11,55,43.6814451,-72.3225019,1364619342,True,1.0,15995.0,"1886, Christian Street, Hartford, Windsor County, Vermont, 05001, United States",house,place,,us,25.0
258,48,13.27518064059892,0.0110626505338324,9.21887544486036e-06,0,31:03:2013 ,15,15,43.6816064,-72.3225296,1364717742,False,0.0,98400.0,"1898, Christian Street, Hartford, Windsor County, Vermont, 05001, United States",house,place,,us,7.0
281,48,22.143609368248445,0.0184530078068737,1.5377506505728085e-05,0,31:03:2013 ,15,35,43.6814451,-72.322502,1364718942,True,1.0,1200.0,"1886, Christian Street, Hartford, Windsor County, Vermont, 05001, United States",house,place,,us,25.0
282,48,0.0411846604403195,3.4320550366932993e-05,2.8600458639110832e-08,0,31:03:2013 ,19,55,43.6814448,-72.3225022,1364734542,False,0.0,15600.0,"1886, Christian Street, Hartford, Windsor County, Vermont, 05001, United States",house,place,,us,25.0
259,48,28.17029193943196,0.0117376216414299,4.89067568392916e-06,0,31:03:2013 ,20,35,43.68165,-72.3225275,1364736942,True,1.0,2400.0,"1898, Christian Street, Hartford, Windsor County, Vermont, 05001, United States",house,place,,us,7.0
283,48,28.17029193943196,0.0234752432828599,1.956270273571664e-05,0,31:03:2013 ,20,55,43.6814448,-72.3225021,1364738142,True,1.0,1200.0,"1886, Christian Street, Hartford, Windsor County, Vermont, 05001, United States",house,place,,us,25.0
284,48,0.0,0.0,0.0,1,01:04:2013 ,2,15,43.6814451,-72.322502,1364757342,False,0.0,19200.0,"1886, Christian Street, Hartford, Windsor County, Vermont, 05001, United States",house,place,,us,25.0
2,48,3.582558999320104,0.0115940420689971,3.7521171744327183e-05,1,01:04:2013 ,9,40,43.7066051,-72.2870947,1364784051,False,0.0,26709.0,"Dartmouth College, College Street, Hanover, Grafton County, New Hampshire, 03755, United States",university,amenity,Dartmouth College,us,104.0
285,48,0.1647386434473497,0.0823693217236748,0.0411846608618374,1,01:04:2013 ,18,15,43.6814463,-72.3224998,1364814944,False,0.0,30893.0,"1886, Christian Street, Hartford, Windsor County, Vermont, 05001, United States",house,place,,us,25.0
3,48,46.77920592601404,0.0194913358025058,8.121389917710772e-06,1,01:04:2013 ,19,35,43.7066183,-72.287067,1364819742,True,1.0,4798.0,"Dartmouth College, College Street, Hanover, Grafton County, New Hampshire, 03755, United States",university,amenity,Dartmouth College,us,104.0
4,48,1.866773991784608,0.0015556449931538,1.2963708276282e-06,1,01:04:2013 ,20,35,43.7066158,-72.2871212,1364823342,False,0.0,3600.0,"Dartmouth College, College Street, Hanover, Grafton County, New Hampshire, 03755, United States",university,amenity,Dartmouth College,us,104.0
358,48,302.64887078038925,0.252207392316991,0.0002101728269308,1,01:04:2013 ,20,55,43.7088207,-72.2837959,1364824542,True,1.0,1200.0,"Class of 1978 Life Sciences Center, 78, College Street, Hanover, Grafton County, New Hampshire, 03755, United States",university,building,Class of 1978 Life Sciences Center,us,1.0
313,48,6.6434380833999125,0.0055361984028332,4.6134986690277176e-06,1,01:04:2013 ,21,15,43.7087723,-72.283687,1364825742,False,0.0,1200.0,"Class of 1978 Life Sciences Center, 78, College Street, Hanover, Grafton County, New Hampshire, 03755, United States",university,building,Class of 1978 Life Sciences Center,us,3.0
334,48,36.031021655722725,0.0300258513797689,2.5021542816474115e-05,1,01:04:2013 ,21,35,43.7090348,-72.2841094,1364826942,True,1.0,1200.0,"Life Sciences Greenhouse, 78, College Street, Hanover, Grafton County, New Hampshire, 03755, United States",house,place,Life Sciences Greenhouse,us,18.0
314,48,49.20809427149084,0.0410067452262423,3.4172287688535304e-05,1,01:04:2013 ,21,55,43.7086763,-72.2836189,1364828142,True,1.0,1200.0,"Class of 1978 Life Sciences Center, 78, College Street, Hanover, Grafton County, New Hampshire, 03755, United States",university,building,Class of 1978 Life Sciences Center,us,3.0
305,48,103.33045742735209,0.0430543572613967,1.793931552558196e-05,1,01:04:2013 ,22,35,43.7079235,-72.2848352,1364830542,True,1.0,2400.0,"Anonymous Hall, 64, College Street, Hanover, Grafton County, New Hampshire, 03755, United States",university,building,Anonymous Hall,us,5.0
297,48,1.4412479064713053,0.0012010399220594,1.0008666017161842e-06,2,02:04:2013 ,2,35,43.7080393,-72.2848813,1364844942,False,0.0,14400.0,"Anonymous Hall, 64, College Street, Hanover, Grafton County, New Hampshire, 03755, United States",university,building,Anonymous Hall,us,3.0
306,48,21.06968022272244,0.0175580668522687,1.4631722376890584e-05,2,02:04:2013 ,2,55,43.7078858,-72.284975,1364846142,True,1.0,1200.0,"Anonymous Hall, 64, College Street, Hanover, Grafton County, New Hampshire, 03755, United States",university,building,Anonymous Hall,us,5.0
307,48,12.93005948140734,0.0107750495678394,8.979207973199541e-06,2,02:04:2013 ,4,15,43.7078927,-72.2850124,1364850942,False,0.0,4800.0,"Anonymous Hall, 64, College Street, Hanover, Grafton County, New Hampshire, 03755, United States",university,building,Anonymous Hall,us,5.0
205,48,651.1375427014137,0.5426146189178448,0.0004521788490982,2,02:04:2013 ,4,35,43.703149,-72.2906468,1364852142,True,1.0,1200.0,"Dartmouth College, College Street, Hanover, Grafton County, New Hampshire, 03755, United States",university,amenity,Dartmouth College,us,23.0
134,48,0.2745309468669984,0.0002287757890558,1.9064649087986e-07,2,02:04:2013 ,6,55,43.7031449,-72.2908727,1364860542,False,0.0,8400.0,"Dartmouth College, College Street, Hanover, Grafton County, New Hampshire, 03755, United States",university,amenity,Dartmouth College,us,19.0
233,48,32.65547825725647,0.0271676191824097,2.2602012630956497e-05,2,02:04:2013 ,7,15,43.702907,-72.2909362,1364861744,True,1.0,1202.0,"Dartmouth College, College Street, Hanover, Grafton County, New Hampshire, 03755, United States",university,amenity,Dartmouth College,us,1.0
286,48,0.0274564414323066,2.288036786025556e-05,1.9066973216879632e-08,2,02:04:2013 ,21,15,43.6814453,-72.3225019,1364912142,False,0.0,50398.0,"1886, Christian Street, Hartford, Windsor County, Vermont, 05001, United States",house,place,,us,25.0
300,48,3.417814708887577,0.0028363607542635,2.353826352085933e-06,4,04:04:2013 ,3,58,43.7081377,-72.2853237,1365022695,False,0.0,110553.0,"Anonymous Hall, 64, College Street, Hanover, Grafton County, New Hampshire, 03755, United States",university,building,Anonymous Hall,us,3.0
206,48,697.8755200471529,0.2907814666863137,0.0001211589444526,4,04:04:2013 ,4,38,43.7030535,-72.2906557,1365025095,True,1.0,2400.0,"Dartmouth College, College Street, Hanover, Grafton County, New Hampshire, 03755, United States",university,amenity,Dartmouth College,us,23.0
135,48,4.090511063715759,0.0034087592197631,2.840632683135944e-06,4,04:04:2013 ,7,18,43.7031634,-72.2910274,1365034695,False,0.0,9600.0,"Dartmouth College, College Street, Hanover, Grafton County, New Hampshire, 03755, United States",university,amenity,Dartmouth College,us,19.0
287,48,0.1510104234726615,0.0001258420195605,1.0486834963379277e-07,4,04:04:2013 ,18,18,43.6814451,-72.322502,1365074295,False,0.0,39600.0,"1886, Christian Street, Hartford, Windsor County, Vermont, 05001, United States",house,place,,us,25.0
244,48,120.56020907283153,0.1004668408940262,8.372236741168857e-05,4,04:04:2013 ,19,18,43.7036688,-72.2888624,1365077895,True,1.0,3600.0,"Dartmouth College, College Street, Hanover, Grafton County, New Hampshire, 03755, United States",university,amenity,Dartmouth College,us,1.0
5,48,400.0420481055157,0.3333683734212631,0.000277806977851,4,04:04:2013 ,19,38,43.7065832,-72.2870642,1365079095,True,1.0,1200.0,"Dartmouth College, College Street, Hanover, Grafton County, New Hampshire, 03755, United States",university,amenity,Dartmouth College,us,104.0
6,48,1.509891056177118,0.0012582425468142,1.0485354556785545e-06,4,04:04:2013 ,20,58,43.7065896,-72.2870768,1365083895,False,0.0,4800.0,"Dartmouth College, College Street, Hanover, Grafton County, New Hampshire, 03755, United States",university,amenity,Dartmouth College,us,104.0
207,48,482.428665098725,0.2010119437911354,8.375497657963976e-05,4,04:04:2013 ,21,38,43.703075,-72.2905503,1365086295,True,1.0,2400.0,"Dartmouth College, College Street, Hanover, Grafton County, New Hampshire, 03755, United States",university,amenity,Dartmouth College,us,23.0
230,48,2.7178569449885983,0.0022648807874904,1.8874006562420824e-06,4,04:04:2013 ,23,38,43.7031192,-72.2911477,1365093495,False,0.0,7200.0,"Dartmouth College, College Street, Hanover, Grafton County, New Hampshire, 03755, United States",university,amenity,Dartmouth College,us,3.0
335,48,800.546704547898,0.6665667814720216,0.0005550098097185,4,04:04:2013 ,23,58,43.7089514,-72.284121,1365094696,True,1.0,1201.0,"Life Sciences Greenhouse, 78, College Street, Hanover, Grafton County, New Hampshire, 03755, United States",house,place,Life Sciences Greenhouse,us,18.0
336,48,1.6059536906110634,0.0013371804251549,1.11338919663191e-06,5,05:04:2013 ,0,38,43.7089441,-72.2840906,1365097096,False,0.0,2400.0,"Life Sciences Greenhouse, 78, College Street, Hanover, Grafton County, New Hampshire, 03755, United States",house,place,Life Sciences Greenhouse,us,18.0
7,48,320.93205995739766,0.2676664386633842,0.0002232414000528,5,05:04:2013 ,0,58,43.706606,-72.2870577,1365098295,True,1.0,1199.0,"Dartmouth College, College Street, Hanover, Grafton County, New Hampshire, 03755, United States",university,amenity,Dartmouth College,us,104.0
8,48,0.0137262766337102,1.1438563861425212e-05,9.532136551187678e-09,5,05:04:2013 ,9,58,43.7066636,-72.2869402,1365130695,False,0.0,32400.0,"Dartmouth College, College Street, Hanover, Grafton County, New Hampshire, 03755, United States",university,amenity,Dartmouth College,us,104.0
288,48,0.1510104234726615,0.0001258420195605,1.0486834963379277e-07,5,05:04:2013 ,18,18,43.681444,-72.3225006,1365160695,False,0.0,30000.0,"1886, Christian Street, Hartford, Windsor County, Vermont, 05001, United States",house,place,,us,25.0
242,48,21.029048181456,0.0175242068178799,1.4603505681566664e-05,5,05:04:2013 ,18,58,43.7034124,-72.2888442,1365163095,True,1.0,2400.0,"Dartmouth College, College Street, Hanover, Grafton County, New Hampshire, 03755, United States",university,amenity,Dartmouth College,us,2.0
9,48,443.63732096516657,0.3696977674709721,0.0003080814728924,5,05:04:2013 ,19,18,43.7066444,-72.287116,1365164295,True,1.0,1200.0,"Dartmouth College, College Street, Hanover, Grafton County, New Hampshire, 03755, United States",university,amenity,Dartmouth College,us,104.0
10,48,1.6197009141804972,0.001349750761817,1.1247923015142345e-06,5,05:04:2013 ,21,58,43.706622,-72.2870451,1365173895,False,0.0,9600.0,"Dartmouth College, College Street, Hanover, Grafton County, New Hampshire, 03755, United States",university,amenity,Dartmouth College,us,104.0
136,48,478.68122934564246,0.398901024454702,0.0003324175203789,5,05:04:2013 ,22,18,43.7031347,-72.2909827,1365175095,True,1.0,1200.0,"Dartmouth College, College Street, Hanover, Grafton County, New Hampshire, 03755, United States",university,amenity,Dartmouth College,us,19.0
208,48,7.975126862617945,0.0066514819538097,5.54752456531259e-06,6,06:04:2013 ,0,38,43.7030538,-72.2906547,1365183494,False,0.0,8399.0,"Dartmouth College, College Street, Hanover, Grafton County, New Hampshire, 03755, United States",university,amenity,Dartmouth College,us,23.0
337,48,802.1941311479632,0.667938493878404,0.0005561519516056,6,06:04:2013 ,0,58,43.708898,-72.2841643,1365184695,True,1.0,1201.0,"Life Sciences Greenhouse, 78, College Street, Hanover, Grafton County, New Hampshire, 03755, United States",house,place,Life Sciences Greenhouse,us,18.0
338,48,1.5373233466984222,0.0017312199850207,1.9495720552035423e-06,6,06:04:2013 ,1,53,43.7089373,-72.284094,1365187983,False,0.0,3288.0,"Life Sciences Greenhouse, 78, College Street, Hanover, Grafton County, New Hampshire, 03755, United States",house,place,Life Sciences Greenhouse,us,18.0
11,48,315.4003815376733,0.2085981359376146,0.0001379617301174,6,06:04:2013 ,2,18,43.7066395,-72.2869969,1365189495,True,1.0,1512.0,"Dartmouth College, College Street, Hanover, Grafton County, New Hampshire, 03755, United States",university,amenity,Dartmouth College,us,104.0
12,48,3.911990730209679,0.0032599922751747,2.7166602293122767e-06,2,09:04:2013 ,4,1,43.7065576,-72.2870345,1365454916,False,0.0,265421.0,"Dartmouth College, College Street, Hanover, Grafton County, New Hampshire, 03755, United States",university,amenity,Dartmouth College,us,104.0
209,48,473.7535703838306,0.1973973209932627,8.224888374719282e-05,2,09:04:2013 ,4,41,43.7031062,-72.2905981,1365457316,True,1.0,2400.0,"Dartmouth College, College Street, Hanover, Grafton County, New Hampshire, 03755, United States",university,amenity,Dartmouth College,us,23.0
210,48,2.9374823482620616,0.002447901956885,2.0399182974042096e-06,2,09:04:2013 ,6,21,43.7030622,-72.2905951,1365463316,False,0.0,6000.0,"Dartmouth College, College Street, Hanover, Grafton County, New Hampshire, 03755, United States",university,amenity,Dartmouth College,us,23.0
289,48,0.1510104234726615,0.0001258420195605,1.0486834963379277e-07,4,11:04:2013 ,18,10,43.681444,-72.3225006,1365678601,False,0.0,215285.0,"1886, Christian Street, Hartford, Windsor County, Vermont, 05001, United States",house,place,,us,25.0
13,48,1.9765847256680773,0.0016471539380567,1.3726282817139429e-06,4,11:04:2013 ,21,10,43.7065847,-72.2870836,1365689401,False,0.0,10800.0,"Dartmouth College, College Street, Hanover, Grafton County, New Hampshire, 03755, United States",university,amenity,Dartmouth College,us,104.0
228,48,468.4687777252932,0.390390648104411,0.000325325540087,4,11:04:2013 ,21,30,43.7031718,-72.2907639,1365690601,True,1.0,1200.0,"Dartmouth College, College Street, Hanover, Grafton County, New Hampshire, 03755, United States",university,amenity,Dartmouth College,us,2.0
211,48,2.045256589978889,0.001704380491649,1.420317076374229e-06,4,11:04:2013 ,23,30,43.703049,-72.2905734,1365697801,False,0.0,7200.0,"Dartmouth College, College Street, Hanover, Grafton County, New Hampshire, 03755, United States",university,amenity,Dartmouth College,us,23.0
308,48,700.2638899097013,0.5840399415427033,0.0004871058728462,4,11:04:2013 ,23,50,43.7081506,-72.2842534,1365699000,True,1.0,1199.0,"Dana Circle Parking Lot, 64, College Street, Hanover, Grafton County, New Hampshire, 03755, United States",parking,amenity,Dana Circle Parking Lot,us,3.0
339,48,117.4133037475694,0.0977629506640877,8.140129114411969e-05,5,12:04:2013 ,0,10,43.709006,-72.2840074,1365700201,True,1.0,1201.0,"Life Sciences Greenhouse, 78, College Street, Hanover, Grafton County, New Hampshire, 03755, United States",house,place,Life Sciences Greenhouse,us,18.0
340,48,6.863047640140631,0.0057192063667838,4.766005305653216e-06,5,12:04:2013 ,0,50,43.708985,-72.2841213,1365702601,False,0.0,2400.0,"Life Sciences Greenhouse, 78, College Street, Hanover, Grafton County, New Hampshire, 03755, United States",house,place,Life Sciences Greenhouse,us,18.0
123,48,316.965092361402,0.2641375769678349,0.0002201146474731,5,12:04:2013 ,1,10,43.7066758,-72.2872262,1365703801,True,1.0,1200.0,"Dartmouth College, College Street, Hanover, Grafton County, New Hampshire, 03755, United States",university,amenity,Dartmouth College,us,10.0
14,48,1.372628269975021,0.0011438568916458,9.532140763715424e-07,5,12:04:2013 ,4,30,43.706574,-72.2870159,1365715801,False,0.0,12000.0,"Dartmouth College, College Street, Hanover, Grafton County, New Hampshire, 03755, United States",university,amenity,Dartmouth College,us,104.0
290,48,4.516584213477982,0.0012546067259661,3.485018683239184e-07,5,12:04:2013 ,21,50,43.6814395,-72.3226025,1365778201,False,0.0,62400.0,"1886, Christian Street, Hartford, Windsor County, Vermont, 05001, United States",house,place,,us,25.0
212,48,670.3818508182924,0.3567758652572072,0.0001898753939633,5,12:04:2013 ,22,50,43.7030934,-72.290548,1365781801,True,1.0,3600.0,"Dartmouth College, College Street, Hanover, Grafton County, New Hampshire, 03755, United States",university,amenity,Dartmouth College,us,23.0
213,48,0.4255231418404084,0.0003546026182003,2.95502181833617e-07,6,13:04:2013 ,0,30,43.7030723,-72.2905675,1365787801,False,0.0,6000.0,"Dartmouth College, College Street, Hanover, Grafton County, New Hampshire, 03755, United States",university,amenity,Dartmouth College,us,23.0
341,48,800.1214062287949,0.3333839192619978,0.0001389099663591,6,13:04:2013 ,1,10,43.7089014,-72.2841594,1365790201,True,1.0,2400.0,"Life Sciences Greenhouse, 78, College Street, Hanover, Grafton County, New Hampshire, 03755, United States",house,place,Life Sciences Greenhouse,us,18.0
342,48,1.1941712253421473,0.0009951426877851,8.29285573154269e-07,6,13:04:2013 ,1,50,43.7088663,-72.2841922,1365792601,False,0.0,2400.0,"Life Sciences Greenhouse, 78, College Street, Hanover, Grafton County, New Hampshire, 03755, United States",house,place,Life Sciences Greenhouse,us,18.0
298,48,107.8325294853396,0.0581934859607876,3.140501131181203e-05,6,13:04:2013 ,2,20,43.7080807,-72.2847476,1365794454,True,1.0,1853.0,"Anonymous Hall, 64, College Street, Hanover, Grafton County, New Hampshire, 03755, United States",university,building,Anonymous Hall,us,3.0
316,48,5.710089089386457,0.0047584075744887,3.9653396454072624e-06,6,13:04:2013 ,4,50,43.7079462,-72.2844963,1365803401,False,0.0,8947.0,"Vail Dartmouth Medical School, College Street, Hanover, Grafton County, New Hampshire, 03755, United States",bus_stop,highway,Vail Dartmouth Medical School,us,1.0
112,48,385.40664535053946,0.0535212672337924,7.432477049547626e-06,6,13:04:2013 ,6,50,43.7051384,-72.2946348,1365810602,True,1.0,7201.0,"The Arthur L. Irving Institute for Energy & Society, 33, Tuck Mall, Hanover, Grafton County, New Hampshire, 03755, United States",university,building,The Arthur L. Irving Institute for Energy & Society,us,1.0
104,48,26.98610506985216,0.0224696961447561,1.870915582411005e-05,6,13:04:2013 ,7,10,43.7049418,-72.2950128,1365811803,True,1.0,1201.0,"The Arthur L. Irving Institute for Energy & Society, 33, Tuck Mall, Hanover, Grafton County, New Hampshire, 03755, United States",university,building,The Arthur L. Irving Institute for Energy & Society,us,8.0
105,48,7.81032914179569,0.006508607618163,5.423839681802563e-06,6,13:04:2013 ,8,50,43.7048573,-72.2950855,1365817801,False,0.0,5998.0,"The Arthur L. Irving Institute for Energy & Society, 33, Tuck Mall, Hanover, Grafton County, New Hampshire, 03755, United States",university,building,The Arthur L. Irving Institute for Energy & Society,us,8.0
291,48,4.159650500022886,0.0034663754166857,2.888646180571449e-06,1,15:04:2013 ,1,50,43.6814411,-72.3226005,1365965401,False,0.0,147600.0,"1886, Christian Street, Hartford, Windsor County, Vermont, 05001, United States",house,place,,us,25.0
106,48,2.6080188351292586,0.0021751616639943,1.8141465087526083e-06,1,15:04:2013 ,3,50,43.7048547,-72.2951398,1365972600,False,0.0,7199.0,"The Arthur L. Irving Institute for Energy & Society, 33, Tuck Mall, Hanover, Grafton County, New Hampshire, 03755, United States",university,building,The Arthur L. Irving Institute for Energy & Society,us,8.0
301,48,453.3518509228547,0.0236096162338743,1.229539435156459e-06,1,15:04:2013 ,9,10,43.7081575,-72.2852314,1365991802,True,1.0,19202.0,"Anonymous Hall, 64, College Street, Hanover, Grafton County, New Hampshire, 03755, United States",university,building,Anonymous Hall,us,3.0
302,48,4.200205317240239,0.0035001710977001,2.916809248083499e-06,1,15:04:2013 ,10,50,43.7081707,-72.2852039,1365997801,False,0.0,5999.0,"Anonymous Hall, 64, College Street, Hanover, Grafton County, New Hampshire, 03755, United States",university,building,Anonymous Hall,us,3.0
292,48,0.0549128726950113,4.576072724584279e-05,3.8133939371535656e-08,1,15:04:2013 ,18,10,43.6814728,-72.3225459,1366024201,False,0.0,26400.0,"1886, Christian Street, Hartford, Windsor County, Vermont, 05001, United States",house,place,,us,25.0
243,48,5.312166657029471,0.0044268055475245,3.689004622937133e-06,1,15:04:2013 ,19,10,43.7034061,-72.2887414,1366027801,False,0.0,3600.0,"Dartmouth College, College Street, Hanover, Grafton County, New Hampshire, 03755, United States",university,amenity,Dartmouth College,us,2.0
15,48,434.6603491065424,0.3622169575887853,0.0003018474646573,1,15:04:2013 ,19,30,43.7065727,-72.2870047,1366029001,True,1.0,1200.0,"Dartmouth College, College Street, Hanover, Grafton County, New Hampshire, 03755, United States",university,amenity,Dartmouth College,us,104.0
16,48,0.6314090211256357,0.0005261741842713,4.384784868928026e-07,2,16:04:2013 ,0,30,43.7065723,-72.2870125,1366047001,False,0.0,18000.0,"Dartmouth College, College Street, Hanover, Grafton County, New Hampshire, 03755, United States",university,amenity,Dartmouth College,us,104.0
359,48,352.28251974986216,0.2935687664582184,0.0002446406387151,2,16:04:2013 ,0,50,43.7091388,-72.2838444,1366048201,True,1.0,1200.0,"Life Sciences Greenhouse, 78, College Street, Hanover, Grafton County, New Hampshire, 03755, United States",house,place,Life Sciences Greenhouse,us,1.0
343,48,35.41332586454958,0.0295111048871246,2.459258740593721e-05,2,16:04:2013 ,1,10,43.7088808,-72.284145,1366049401,True,1.0,1200.0,"Life Sciences Greenhouse, 78, College Street, Hanover, Grafton County, New Hampshire, 03755, United States",house,place,Life Sciences Greenhouse,us,18.0
344,48,4.22763987093558,0.0035230332257796,2.9358610214830414e-06,2,16:04:2013 ,1,50,43.7088883,-72.2840807,1366051801,False,0.0,2400.0,"Life Sciences Greenhouse, 78, College Street, Hanover, Grafton County, New Hampshire, 03755, United States",house,place,Life Sciences Greenhouse,us,18.0
17,48,313.97293507927856,0.2616441125660654,0.0002180367604717,2,16:04:2013 ,2,10,43.7066009,-72.2869456,1366053001,True,1.0,1200.0,"Dartmouth College, College Street, Hanover, Grafton County, New Hampshire, 03755, United States",university,amenity,Dartmouth College,us,104.0
18,48,2.086394987011549,0.0017386624891762,1.4488854076469088e-06,2,16:04:2013 ,4,10,43.7065853,-72.2870081,1366060201,False,0.0,7200.0,"Dartmouth College, College Street, Hanover, Grafton County, New Hampshire, 03755, United States",university,amenity,Dartmouth College,us,104.0
137,48,469.7727979900232,0.3914773316583526,0.0003262311097152,2,16:04:2013 ,4,30,43.7031629,-72.2909499,1366061401,True,1.0,1200.0,"Dartmouth College, College Street, Hanover, Grafton County, New Hampshire, 03755, United States",university,amenity,Dartmouth College,us,19.0
138,48,1.468740451454429,0.001223950376212,1.0199586468433535e-06,2,16:04:2013 ,7,10,43.7031657,-72.290904,1366071001,False,0.0,9600.0,"Dartmouth College, College Street, Hanover, Grafton County, New Hampshire, 03755, United States",university,amenity,Dartmouth College,us,19.0
293,48,4.310660933342946,0.0035922174444524,2.9935145370437127e-06,2,16:04:2013 ,18,30,43.6814398,-72.322599,1366111801,False,0.0,40800.0,"1886, Christian Street, Hartford, Windsor County, Vermont, 05001, United States",house,place,,us,25.0
19,48,449.5124539157525,0.3745937115964604,0.0003121614263303,2,16:04:2013 ,19,10,43.7065736,-72.2870064,1366114201,True,1.0,2400.0,"Dartmouth College, College Street, Hanover, Grafton County, New Hampshire, 03755, United States",university,amenity,Dartmouth College,us,104.0
20,48,2.045216084303986,0.0017043467369199,1.4202889474333236e-06,3,17:04:2013 ,3,50,43.7065749,-72.2870282,1366145401,False,0.0,31200.0,"Dartmouth College, College Street, Hanover, Grafton County, New Hampshire, 03755, United States",university,amenity,Dartmouth College,us,104.0
139,48,466.0666580547271,0.1941944408561363,8.091435035672346e-05,3,17:04:2013 ,4,30,43.7031795,-72.2908433,1366147801,True,1.0,2400.0,"Dartmouth College, College Street, Hanover, Grafton County, New Hampshire, 03755, United States",university,amenity,Dartmouth College,us,19.0
214,48,14.152071792491125,0.0117933931604092,9.827827633674392e-06,3,17:04:2013 ,4,50,43.7030764,-72.290543,1366149001,False,0.0,1200.0,"Dartmouth College, College Street, Hanover, Grafton County, New Hampshire, 03755, United States",university,amenity,Dartmouth College,us,23.0
294,48,4.502855993291592,0.0037523799944096,3.126983328674716e-06,3,17:04:2013 ,18,9,43.6814396,-72.3226029,1366196972,False,0.0,47971.0,"1886, Christian Street, Hartford, Windsor County, Vermont, 05001, United States",house,place,,us,25.0
236,48,7.879032446946503,0.0065658603724554,5.471550310379516e-06,3,17:04:2013 ,19,29,43.7033047,-72.2886571,1366201772,False,0.0,4800.0,"Dartmouth College, College Street, Hanover, Grafton County, New Hampshire, 03755, United States",university,amenity,Dartmouth College,us,2.0
21,48,449.8693223660556,0.374891101971713,0.000312409251643,3,17:04:2013 ,19,49,43.7065821,-72.2870146,1366202972,True,1.0,1200.0,"Dartmouth College, College Street, Hanover, Grafton County, New Hampshire, 03755, United States",university,amenity,Dartmouth College,us,104.0
22,48,0.7549455511569053,0.0006291212926307,5.24267743858962e-07,4,18:04:2013 ,3,49,43.706581,-72.2870153,1366231772,False,0.0,28800.0,"Dartmouth College, College Street, Hanover, Grafton County, New Hampshire, 03755, United States",university,amenity,Dartmouth College,us,104.0
140,48,472.2984940044967,0.1967910391685403,8.199626632022513e-05,4,18:04:2013 ,4,29,43.7031402,-72.2909538,1366234172,True,1.0,2400.0,"Dartmouth College, College Street, Hanover, Grafton County, New Hampshire, 03755, United States",university,amenity,Dartmouth College,us,19.0
227,48,2.004078286472893,0.0016700652387274,1.3917210322728425e-06,4,18:04:2013 ,7,9,43.702943,-72.2909382,1366243772,False,0.0,9600.0,"Dartmouth College, College Street, Hanover, Grafton County, New Hampshire, 03755, United States",university,amenity,Dartmouth College,us,1.0
295,48,0.1510104005800245,0.0001258420004833,1.0486833373612817e-07,4,18:04:2013 ,18,9,43.6814724,-72.3225317,1366283372,False,0.0,39600.0,"1886, Christian Street, Hartford, Windsor County, Vermont, 05001, United States",house,place,,us,25.0
23,48,1.2628181125358071,0.0010523484271131,8.769570225943105e-07,4,18:04:2013 ,22,29,43.706569,-72.2870345,1366298972,False,0.0,15600.0,"Dartmouth College, College Street, Hanover, Grafton County, New Hampshire, 03755, United States",university,amenity,Dartmouth College,us,104.0
215,48,477.5557945753711,0.3979631621461426,0.0003316359684551,4,18:04:2013 ,22,49,43.7030899,-72.2905768,1366300172,True,1.0,1200.0,"Dartmouth College, College Street, Hanover, Grafton County, New Hampshire, 03755, United States",university,amenity,Dartmouth College,us,23.0
141,48,6.437752040478288,0.0053647933670652,4.470661139221033e-06,5,19:04:2013 ,0,49,43.7031331,-72.2908255,1366307372,False,0.0,7200.0,"Dartmouth College, College Street, Hanover, Grafton County, New Hampshire, 03755, United States",university,amenity,Dartmouth College,us,19.0
24,48,475.139853274696,0.1979749388644566,8.248955786019028e-05,5,19:04:2013 ,1,29,43.7065946,-72.2870025,1366309772,True,1.0,2400.0,"Dartmouth College, College Street, Hanover, Grafton County, New Hampshire, 03755, United States",university,amenity,Dartmouth College,us,104.0
25,48,0.2470730866793141,0.0001904958262754,1.4687419142289345e-07,5,19:04:2013 ,7,9,43.7065808,-72.2870108,1366330172,False,0.0,20400.0,"Dartmouth College, College Street, Hanover, Grafton County, New Hampshire, 03755, United States",university,amenity,Dartmouth College,us,104.0
296,48,0.3020208019145023,0.0002516840015954,2.097366679961822e-07,5,19:04:2013 ,18,9,43.6814711,-72.322541,1366369773,False,0.0,39601.0,"1886, Christian Street, Hartford, Windsor County, Vermont, 05001, United States",house,place,,us,25.0
235,48,57.10252440690884,0.0461994534036479,3.737819854664072e-05,5,19:04:2013 ,18,49,43.7030819,-72.2885286,1366372173,True,1.0,2400.0,"Dartmouth College, College Street, Hanover, Grafton County, New Hampshire, 03755, United States",university,amenity,Dartmouth College,us,1.0
26,48,476.6636075538609,0.3972196729615507,0.0003310163941346,5,19:04:2013 ,19,9,43.7065545,-72.2870223,1366373373,True,1.0,1200.0,"Dartmouth College, College Street, Hanover, Grafton County, New Hampshire, 03755, United States",university,amenity,Dartmouth College,us,104.0
27,48,0.0549051459401314,4.575428828344284e-05,3.81285735695357e-08,5,19:04:2013 ,22,9,43.7065293,-72.2870099,1366384173,False,0.0,10800.0,"Dartmouth College, College Street, Hanover, Grafton County, New Hampshire, 03755, United States",university,amenity,Dartmouth College,us,104.0
142,48,463.03321043536425,0.3858610086961369,0.0003215508405801,5,19:04:2013 ,22,29,43.703156,-72.2909261,1366385373,True,1.0,1200.0,"Dartmouth College, College Street, Hanover, Grafton County, New Hampshire, 03755, United States",university,amenity,Dartmouth College,us,19.0
216,48,2.3884201820143907,0.0019903501516786,1.6586251263988824e-06,6,20:04:2013 ,0,29,43.7030675,-72.2905668,1366392573,False,0.0,7200.0,"Dartmouth College, College Street, Hanover, Grafton County, New Hampshire, 03755, United States",university,amenity,Dartmouth College,us,23.0
309,48,702.7619781536176,0.5856349817946813,0.0004880291514955,6,20:04:2013 ,0,49,43.7081873,-72.2842394,1366393773,True,1.0,1200.0,"Dana Circle Parking Lot, 64, College Street, Hanover, Grafton County, New Hampshire, 03755, United States",parking,amenity,Dana Circle Parking Lot,us,3.0
345,48,105.1009712364636,0.0875841426970529,7.298678558087748e-05,6,20:04:2013 ,1,9,43.708953,-72.284062,1366394973,True,1.0,1200.0,"Life Sciences Greenhouse, 78, College Street, Hanover, Grafton County, New Hampshire, 03755, United States",house,place,Life Sciences Greenhouse,us,18.0
346,48,3.294265952293485,0.0027452216269112,2.287684689092698e-06,6,20:04:2013 ,2,9,43.7088553,-72.2840849,1366398573,False,0.0,3600.0,"Life Sciences Greenhouse, 78, College Street, Hanover, Grafton County, New Hampshire, 03755, United States",house,place,Life Sciences Greenhouse,us,18.0
28,48,312.6415438062981,0.2605346198385817,0.0002171121831988,6,20:04:2013 ,2,29,43.7065776,-72.2870278,1366399773,True,1.0,1200.0,"Dartmouth College, College Street, Hanover, Grafton County, New Hampshire, 03755, United States",university,amenity,Dartmouth College,us,104.0
152,48,44.377032059008975,0.0369808600491741,3.081738337431179e-05,6,20:04:2013 ,2,49,43.7069009,-72.2869276,1366400973,True,1.0,1200.0,"Dartmouth College, College Street, Hanover, Grafton County, New Hampshire, 03755, United States",university,amenity,Dartmouth College,us,52.0
260,48,4.982631735686517,0.004152193113072,3.460160927560081e-06,6,20:04:2013 ,4,9,43.7069147,-72.2868867,1366405773,False,0.0,4800.0,"Dartmouth College, College Street, Hanover, Grafton County, New Hampshire, 03755, United States",university,amenity,Dartmouth College,us,12.0
310,48,166.52638044433695,0.1387719837036141,0.000115643319753,6,20:04:2013 ,4,29,43.7081279,-72.2843918,1366406973,True,1.0,1200.0,"Dana Circle Parking Lot, 64, College Street, Hanover, Grafton County, New Hampshire, 03755, United States",parking,amenity,Dana Circle Parking Lot,us,3.0
251,48,1085.612640249851,0.1569711741251953,2.269681522920696e-05,6,20:04:2013 ,6,24,43.700219,-72.2941362,1366413889,True,1.0,6916.0,"Hanover Court, 2, Lewin Road, Hanover, Grafton County, New Hampshire, 03755, United States",terrace,building,Hanover Court,us,1.0
107,48,647.510760334876,0.4363280056164932,0.000294021567127,6,20:04:2013 ,6,49,43.7049362,-72.2950014,1366415373,True,1.0,1484.0,"The Arthur L. Irving Institute for Energy & Society, 33, Tuck Mall, Hanover, Grafton County, New Hampshire, 03755, United States",university,building,The Arthur L. Irving Institute for Energy & Society,us,8.0
108,48,1.4961794779189337,0.0012468162315991,1.0390135263325926e-06,6,20:04:2013 ,8,49,43.7048288,-72.295122,1366422573,False,0.0,7200.0,"The Arthur L. Irving Institute for Energy & Society, 33, Tuck Mall, Hanover, Grafton County, New Hampshire, 03755, United States",university,building,The Arthur L. Irving Institute for Energy & Society,us,8.0
114,48,24.584026374783736,0.0204355996465367,1.6987198376173542e-05,6,20:04:2013 ,9,9,43.7046497,-72.2948569,1366423776,True,1.0,1203.0,"The Irving Institute for Energy & Society, 10, Thayer Drive, Hanover, Grafton County, New Hampshire, 03755, United States",university,building,The Irving Institute for Energy & Society,us,1.0
317,48,5.024531500310863,0.0041906017517188,3.495080693677079e-06,0,21:04:2013 ,1,58,43.6813621,-72.3220614,1366484301,False,0.0,60525.0,"1891, Christian Street, Hartford, Windsor County, Vermont, 05001, United States",house,place,,us,15.0
109,48,0.7686794232690836,0.0006411004364212,5.346959436374095e-07,0,21:04:2013 ,4,38,43.7048235,-72.2949965,1366493901,False,0.0,9600.0,"The Arthur L. Irving Institute for Energy & Society, 33, Tuck Mall, Hanover, Grafton County, New Hampshire, 03755, United States",university,building,The Arthur L. Irving Institute for Energy & Society,us,8.0
29,48,246.08598390074425,0.204900902498538,0.0001706085782668,0,21:04:2013 ,4,58,43.7066163,-72.2870111,1366495102,True,1.0,1201.0,"Dartmouth College, College Street, Hanover, Grafton County, New Hampshire, 03755, United States",university,amenity,Dartmouth College,us,104.0
30,48,2.429550955720387,0.0020246257964336,1.6871881636947132e-06,0,21:04:2013 ,7,58,43.7066495,-72.2870492,1366505902,False,0.0,10800.0,"Dartmouth College, College Street, Hanover, Grafton County, New Hampshire, 03755, United States",university,amenity,Dartmouth College,us,104.0
350,48,0.0549129176567555,2.288038235698148e-05,9.533492648742281e-09,0,21:04:2013 ,22,58,43.6813266,-72.3219849,1366559902,False,0.0,54000.0,"1885, Christian Street, Hartford, Windsor County, Vermont, 05001, United States",house,place,,us,7.0
31,48,198.60637450998183,0.0331065801816939,5.518683144139677e-06,1,22:04:2013 ,0,58,43.7065943,-72.2870056,1366567101,True,1.0,7199.0,"Dartmouth College, College Street, Hanover, Grafton County, New Hampshire, 03755, United States",university,amenity,Dartmouth College,us,104.0
32,48,1.5373437041439664,0.0012811197534533,1.067599794544421e-06,1,22:04:2013 ,5,38,43.7065688,-72.287004,1366583902,False,0.0,16801.0,"Dartmouth College, College Street, Hanover, Grafton County, New Hampshire, 03755, United States",university,amenity,Dartmouth College,us,104.0
261,48,61.43876770231834,0.0511989730852652,4.266581090438774e-05,1,22:04:2013 ,5,58,43.7070164,-72.2869157,1366585102,True,1.0,1200.0,"Dartmouth College, College Street, Hanover, Grafton County, New Hampshire, 03755, United States",university,amenity,Dartmouth College,us,12.0
153,48,22.209080954158328,0.0185075674617986,1.542297288483217e-05,1,22:04:2013 ,6,18,43.7068546,-72.2869653,1366586302,True,1.0,1200.0,"Dartmouth College, College Street, Hanover, Grafton County, New Hampshire, 03755, United States",university,amenity,Dartmouth College,us,52.0
262,48,0.5627761748181556,0.0004689801456817,3.908167880681636e-07,1,22:04:2013 ,8,58,43.7070248,-72.2868959,1366595902,False,0.0,9600.0,"Dartmouth College, College Street, Hanover, Grafton County, New Hampshire, 03755, United States",university,amenity,Dartmouth College,us,12.0
154,48,25.80536050491657,0.0215044670874304,1.7920389239525395e-05,1,22:04:2013 ,9,18,43.7068368,-72.2869145,1366597102,True,1.0,1200.0,"Dartmouth College, College Street, Hanover, Grafton County, New Hampshire, 03755, United States",university,amenity,Dartmouth College,us,52.0
263,48,23.348361928018296,0.0194569682733485,1.6214140227790484e-05,1,22:04:2013 ,9,38,43.7070069,-72.2869147,1366598302,True,1.0,1200.0,"Dartmouth College, College Street, Hanover, Grafton County, New Hampshire, 03755, United States",university,amenity,Dartmouth College,us,12.0
264,48,1.7706861948667654,0.0014755718290556,1.2296431908796982e-06,1,22:04:2013 ,10,58,43.7070025,-72.2869189,1366603102,False,0.0,4800.0,"Dartmouth College, College Street, Hanover, Grafton County, New Hampshire, 03755, United States",university,amenity,Dartmouth College,us,12.0
265,48,20.91881404483321,0.017432345037361,1.452695419780084e-05,1,22:04:2013 ,11,18,43.7068501,-72.2868584,1366604302,True,1.0,1200.0,"Dartmouth College, College Street, Hanover, Grafton County, New Hampshire, 03755, United States",university,amenity,Dartmouth College,us,12.0
155,48,7.288643935334456,0.006073869946112,5.061558288426705e-06,1,22:04:2013 ,11,38,43.7069032,-72.2868804,1366605502,False,0.0,1200.0,"Dartmouth College, College Street, Hanover, Grafton County, New Hampshire, 03755, United States",university,amenity,Dartmouth College,us,52.0
33,48,32.50379988662659,0.0270864999055221,2.25720832546018e-05,1,22:04:2013 ,11,58,43.7066664,-72.2869366,1366606702,True,1.0,1200.0,"Dartmouth College, College Street, Hanover, Grafton County, New Hampshire, 03755, United States",university,amenity,Dartmouth College,us,104.0
266,48,28.893793839764417,0.024078161533137,2.006513461094752e-05,1,22:04:2013 ,12,18,43.7068769,-72.2868582,1366607902,True,1.0,1200.0,"Dartmouth College, College Street, Hanover, Grafton County, New Hampshire, 03755, United States",university,amenity,Dartmouth College,us,12.0
156,48,12.285010470410006,0.0102375087253416,8.53125727111806e-06,1,22:04:2013 ,14,38,43.7068057,-72.2868879,1366616302,False,0.0,8400.0,"Dartmouth College, College Street, Hanover, Grafton County, New Hampshire, 03755, United States",university,amenity,Dartmouth College,us,52.0
351,48,0.205923441178146,0.0001716028676484,1.4300238970704588e-07,2,23:04:2013 ,1,18,43.6813262,-72.3219851,1366654702,False,0.0,38400.0,"1885, Christian Street, Hartford, Windsor County, Vermont, 05001, United States",house,place,,us,7.0
34,48,189.12149789668456,0.1574700232278805,0.0001311157562263,2,23:04:2013 ,1,58,43.7065386,-72.2870125,1366657102,True,1.0,2400.0,"Dartmouth College, College Street, Hanover, Grafton County, New Hampshire, 03755, United States",university,amenity,Dartmouth College,us,104.0
35,48,1.8255952937148752,0.001521329411429,1.2677745095242189e-06,2,23:04:2013 ,3,58,43.7066156,-72.2869463,1366664302,False,0.0,7200.0,"Dartmouth College, College Street, Hanover, Grafton County, New Hampshire, 03755, United States",university,amenity,Dartmouth College,us,104.0
143,48,471.5297157019687,0.3929414297516405,0.0003274511914597,2,23:04:2013 ,4,18,43.7031804,-72.2909287,1366665502,True,1.0,1200.0,"Dartmouth College, College Street, Hanover, Grafton County, New Hampshire, 03755, United States",university,amenity,Dartmouth College,us,19.0
229,48,9.773303661470088,0.0081444197178917,6.7870164315764495e-06,2,23:04:2013 ,6,58,43.7030754,-72.2907562,1366675102,False,0.0,9600.0,"Dartmouth College, College Street, Hanover, Grafton County, New Hampshire, 03755, United States",university,amenity,Dartmouth College,us,2.0
352,48,0.1235540419154998,0.0001029617015962,8.580141799687492e-08,2,23:04:2013 ,18,18,43.681358,-72.3220563,1366715902,False,0.0,40800.0,"1885, Christian Street, Hartford, Windsor County, Vermont, 05001, United States",house,place,,us,7.0
237,48,14.536409337356966,0.0118182189734609,9.608308108504835e-06,2,23:04:2013 ,19,18,43.7032522,-72.2886309,1366719502,False,0.0,3600.0,"Dartmouth College, College Street, Hanover, Grafton County, New Hampshire, 03755, United States",university,amenity,Dartmouth College,us,2.0
157,48,493.217029382228,0.4113569886423919,0.0003430833933631,2,23:04:2013 ,19,38,43.7068454,-72.2870308,1366720701,True,1.0,1199.0,"Dartmouth College, College Street, Hanover, Grafton County, New Hampshire, 03755, United States",university,amenity,Dartmouth College,us,52.0
36,48,34.76864681489128,0.0294899464078806,2.501267719073846e-05,2,23:04:2013 ,19,58,43.7065921,-72.2869083,1366721880,True,1.0,1179.0,"Dartmouth College, College Street, Hanover, Grafton County, New Hampshire, 03755, United States",university,amenity,Dartmouth College,us,104.0
37,48,3.733548996211379,0.0031112908301761,2.5927423584801244e-06,3,24:04:2013 ,3,38,43.7065607,-72.2870285,1366749502,False,0.0,27622.0,"Dartmouth College, College Street, Hanover, Grafton County, New Hampshire, 03755, United States",university,amenity,Dartmouth College,us,104.0
144,48,466.8216552613398,0.3893424981328939,0.000324722684014,3,24:04:2013 ,3,58,43.7031598,-72.2909374,1366750701,True,1.0,1199.0,"Dartmouth College, College Street, Hanover, Grafton County, New Hampshire, 03755, United States",university,amenity,Dartmouth College,us,19.0
217,48,0.3157106995640197,0.0002630922496366,2.192435413639027e-07,3,24:04:2013 ,5,18,43.7030853,-72.2906102,1366755502,False,0.0,4801.0,"Dartmouth College, College Street, Hanover, Grafton County, New Hampshire, 03755, United States",university,amenity,Dartmouth College,us,23.0
38,48,478.5715518977826,0.0062141658148336,8.068982918252287e-08,4,25:04:2013 ,2,41,43.7065718,-72.2870264,1366832515,True,1.0,77013.0,"Dartmouth College, College Street, Hanover, Grafton County, New Hampshire, 03755, United States",university,amenity,Dartmouth College,us,104.0
39,48,3.8433589885512167,0.003202799157126,2.668999297605012e-06,4,25:04:2013 ,4,1,43.7066009,-72.286987,1366837317,False,0.0,4802.0,"Dartmouth College, College Street, Hanover, Grafton County, New Hampshire, 03755, United States",university,amenity,Dartmouth College,us,104.0
218,48,482.4972672374963,0.2010405280156234,8.376688667317645e-05,4,25:04:2013 ,4,41,43.7030858,-72.2906042,1366839717,True,1.0,2400.0,"Dartmouth College, College Street, Hanover, Grafton County, New Hampshire, 03755, United States",university,amenity,Dartmouth College,us,23.0
145,48,10.349818944389586,0.0086248491203246,7.187374266937213e-06,4,25:04:2013 ,6,41,43.7031456,-72.2910846,1366846917,False,0.0,7200.0,"Dartmouth College, College Street, Hanover, Grafton County, New Hampshire, 03755, United States",university,amenity,Dartmouth College,us,19.0
234,48,22.77235277834407,0.01899278797193,1.5840523746396998e-05,4,25:04:2013 ,7,1,43.7029797,-72.2912788,1366848116,True,1.0,1199.0,"Dartmouth College, College Street, Hanover, Grafton County, New Hampshire, 03755, United States",university,amenity,Dartmouth College,us,1.0
252,48,393.2965676572719,0.0655494279428786,1.0924904657146443e-05,4,25:04:2013 ,8,41,43.7001145,-72.2930625,1366854116,True,1.0,6000.0,"11, Pleasant Street, Hanover, Grafton County, New Hampshire, 03755, United States",house,building,,us,1.0
353,48,0.0274564597273771,2.288038310614762e-05,1.9066985921789683e-08,0,28:04:2013 ,0,46,43.6813262,-72.3219849,1367084768,False,0.0,230652.0,"1885, Christian Street, Hartford, Windsor County, Vermont, 05001, United States",house,place,,us,7.0
267,48,26.86230378243922,0.0223294295780874,1.8561454345874868e-05,0,28:04:2013 ,1,46,43.7068855,-72.2868595,1367088371,True,1.0,3603.0,"Dartmouth College, College Street, Hanover, Grafton County, New Hampshire, 03755, United States",university,amenity,Dartmouth College,us,12.0
158,48,0.8098492741236927,0.0006765658096271,5.652178860711321e-07,0,28:04:2013 ,2,6,43.7068914,-72.2869246,1367089568,False,0.0,1197.0,"Dartmouth College, College Street, Hanover, Grafton County, New Hampshire, 03755, United States",university,amenity,Dartmouth College,us,52.0
110,48,269.2420460995459,0.2243683717496216,0.0001869736431246,0,28:04:2013 ,2,26,43.7049299,-72.2949538,1367090768,True,1.0,1200.0,"The Arthur L. Irving Institute for Energy & Society, 33, Tuck Mall, Hanover, Grafton County, New Hampshire, 03755, United States",university,building,The Arthur L. Irving Institute for Energy & Society,us,8.0
111,48,0.4117922523973568,0.0003431602103311,2.859668419426089e-07,0,28:04:2013 ,3,6,43.7049502,-72.2949828,1367093168,False,0.0,2400.0,"The Arthur L. Irving Institute for Energy & Society, 33, Tuck Mall, Hanover, Grafton County, New Hampshire, 03755, United States",university,building,The Arthur L. Irving Institute for Energy & Society,us,8.0
159,48,264.39664617857744,0.0244811709424608,2.266775087264896e-06,0,28:04:2013 ,6,6,43.7068764,-72.2869354,1367103968,True,1.0,10800.0,"Dartmouth College, College Street, Hanover, Grafton County, New Hampshire, 03755, United States",university,amenity,Dartmouth College,us,52.0
268,48,0.5215978772633701,0.0004346648977194,3.622207480995626e-07,0,28:04:2013 ,6,26,43.7068726,-72.2868559,1367105168,False,0.0,1200.0,"Dartmouth College, College Street, Hanover, Grafton County, New Hampshire, 03755, United States",university,amenity,Dartmouth College,us,12.0
40,48,22.524803163565416,0.0187706693029711,1.564222441914265e-05,0,28:04:2013 ,6,46,43.7067085,-72.2868943,1367106368,True,1.0,1200.0,"Dartmouth College, College Street, Hanover, Grafton County, New Hampshire, 03755, United States",university,amenity,Dartmouth College,us,104.0
160,48,0.4117880213471778,0.0003431566844559,2.85963903713318e-07,0,28:04:2013 ,8,26,43.7067768,-72.2868925,1367112368,False,0.0,6000.0,"Dartmouth College, College Street, Hanover, Grafton County, New Hampshire, 03755, United States",university,amenity,Dartmouth College,us,52.0
41,48,28.083959361771388,0.0234032994681428,1.950274955678569e-05,0,28:04:2013 ,8,46,43.7065722,-72.2869694,1367113568,True,1.0,1200.0,"Dartmouth College, College Street, Hanover, Grafton County, New Hampshire, 03755, United States",university,amenity,Dartmouth College,us,104.0
354,48,7.12495011073035,0.0059374584256086,4.947882021340521e-06,1,29:04:2013 ,16,46,43.6813252,-72.3219842,1367228768,False,0.0,115200.0,"1885, Christian Street, Hartford, Windsor County, Vermont, 05001, United States",house,place,,us,7.0
42,48,0.9333870486983856,0.4666935243491928,0.2333467621745964,2,30:04:2013 ,11,14,43.7066089,-72.2870401,1367295289,False,0.0,66521.0,"Dartmouth College, College Street, Hanover, Grafton County, New Hampshire, 03755, United States",university,amenity,Dartmouth College,us,104.0
355,48,0.0411846883624701,3.432057363539178e-05,2.860047802949316e-08,2,30:04:2013 ,18,14,43.6813262,-72.321985,1367320487,False,0.0,25198.0,"1885, Christian Street, Hartford, Windsor County, Vermont, 05001, United States",house,place,,us,7.0
246,48,0.1921727131937496,0.0001601439276614,1.3345327305121506e-07,2,30:04:2013 ,19,14,43.7021729,-72.2879181,1367324087,False,0.0,3600.0,"Hopkins Center for the Arts, 4, East Wheelock Street, Hanover, Grafton County, New Hampshire, 03755, United States",arts_centre,amenity,Hopkins Center for the Arts,us,1.0
43,48,607.7111979117612,0.5064259982598011,0.0004220216652165,2,30:04:2013 ,19,34,43.7066002,-72.2870003,1367325287,True,1.0,1200.0,"Dartmouth College, College Street, Hanover, Grafton County, New Hampshire, 03755, United States",university,amenity,Dartmouth College,us,104.0
44,48,0.2333467861563707,0.0001944556551303,1.6204637927525748e-07,3,01:05:2013 ,3,54,43.7065947,-72.2870033,1367355287,False,0.0,30000.0,"Dartmouth College, College Street, Hanover, Grafton County, New Hampshire, 03755, United States",university,amenity,Dartmouth College,us,104.0
219,48,28.455129532771963,0.0154144797035601,8.35020568990255e-06,3,01:05:2013 ,5,14,43.7030624,-72.2906521,1367360087,True,1.0,4800.0,"Dartmouth College, College Street, Hanover, Grafton County, New Hampshire, 03755, United States",university,amenity,Dartmouth College,us,23.0
146,48,0.3843433163847143,0.0003208207983177,2.677969935874721e-07,3,01:05:2013 ,7,14,43.7031519,-72.2910464,1367367287,False,0.0,7200.0,"Dartmouth College, College Street, Hanover, Grafton County, New Hampshire, 03755, United States",university,amenity,Dartmouth College,us,19.0
113,48,245.8823982817485,0.2043910210155848,0.000169901098101,3,01:05:2013 ,7,34,43.7049432,-72.2940588,1367368490,True,1.0,1203.0,"Dartmouth College, College Street, Hanover, Grafton County, New Hampshire, 03755, United States",university,amenity,Dartmouth College,us,1.0
45,48,226.4023384744166,0.1891414690680172,0.000158012923198,3,01:05:2013 ,7,54,43.7065926,-72.286972,1367369687,True,1.0,1197.0,"Dartmouth College, College Street, Hanover, Grafton County, New Hampshire, 03755, United States",university,amenity,Dartmouth College,us,104.0
46,48,2.6491722168016,0.0022076435140013,1.8397029283344444e-06,3,01:05:2013 ,8,14,43.7066119,-72.2869657,1367370887,False,0.0,1200.0,"Dartmouth College, College Street, Hanover, Grafton County, New Hampshire, 03755, United States",university,amenity,Dartmouth College,us,104.0
161,48,30.47232298768809,0.02539360248974,2.116133540811673e-05,3,01:05:2013 ,8,34,43.7068339,-72.2869522,1367372087,True,1.0,1200.0,"Dartmouth College, College Street, Hanover, Grafton County, New Hampshire, 03755, United States",university,amenity,Dartmouth College,us,52.0
47,48,32.90187469899448,0.0274182289158287,2.2848524096523947e-05,3,01:05:2013 ,8,54,43.7065942,-72.286974,1367373287,True,1.0,1200.0,"Dartmouth College, College Street, Hanover, Grafton County, New Hampshire, 03755, United States",university,amenity,Dartmouth College,us,104.0
162,48,41.42588257254995,0.0345215688104582,2.876797400871525e-05,3,01:05:2013 ,9,14,43.706896,-72.2869318,1367374487,True,1.0,1200.0,"Dartmouth College, College Street, Hanover, Grafton County, New Hampshire, 03755, United States",university,amenity,Dartmouth College,us,52.0
48,48,31.44687793158006,0.02620573160965,2.183810967470837e-05,3,01:05:2013 ,9,34,43.7066669,-72.2870011,1367375687,True,1.0,1200.0,"Dartmouth College, College Street, Hanover, Grafton County, New Hampshire, 03755, United States",university,amenity,Dartmouth College,us,104.0
49,48,3.939442756934827,0.0032828689641123,2.735724136760297e-06,5,03:05:2013 ,7,8,43.7065818,-72.286975,1367539708,False,0.0,164021.0,"Dartmouth College, College Street, Hanover, Grafton County, New Hampshire, 03755, United States",university,amenity,Dartmouth College,us,104.0
318,48,11.559166504005296,0.0096326387533377,8.02719896111479e-06,5,03:05:2013 ,18,28,43.6814104,-72.3221578,1367580508,False,0.0,40800.0,"1891, Christian Street, Hartford, Windsor County, Vermont, 05001, United States",house,place,,us,15.0
245,48,128.57660387406986,0.1071471698950582,8.928930824588185e-05,5,03:05:2013 ,19,8,43.7026299,-72.288841,1367582908,True,1.0,2400.0,"Dartmouth College, College Street, Hanover, Grafton County, New Hampshire, 03755, United States",university,amenity,Dartmouth College,us,1.0
50,48,539.8607106813844,0.4498839255678203,0.0003749032713065,5,03:05:2013 ,19,28,43.7065629,-72.286995,1367584108,True,1.0,1200.0,"Dartmouth College, College Street, Hanover, Grafton County, New Hampshire, 03755, United States",university,amenity,Dartmouth College,us,104.0
51,48,0.1784416676679367,0.0001487013897232,1.2391782476940048e-07,5,03:05:2013 ,21,28,43.7065876,-72.2869883,1367591308,False,0.0,7200.0,"Dartmouth College, College Street, Hanover, Grafton County, New Hampshire, 03755, United States",university,amenity,Dartmouth College,us,104.0
220,48,481.3991790645971,0.2005829912769154,8.357624636538144e-05,5,03:05:2013 ,22,8,43.7030805,-72.2906147,1367593708,True,1.0,2400.0,"Dartmouth College, College Street, Hanover, Grafton County, New Hampshire, 03755, United States",university,amenity,Dartmouth College,us,23.0
147,48,9.8831153527549,0.008235929460629,6.863274550524237e-06,6,04:05:2013 ,0,8,43.7031598,-72.2909777,1367600908,False,0.0,7200.0,"Dartmouth College, College Street, Hanover, Grafton County, New Hampshire, 03755, United States",university,amenity,Dartmouth College,us,19.0
347,48,807.7801738493996,0.3365750724372498,0.0001402396135155,6,04:05:2013 ,0,48,43.7090447,-72.283947,1367603308,True,1.0,2400.0,"Life Sciences Greenhouse, 78, College Street, Hanover, Grafton County, New Hampshire, 03755, United States",house,place,Life Sciences Greenhouse,us,18.0
348,48,21.45389216006606,0.0178782434667217,1.48985362222681e-05,6,04:05:2013 ,1,8,43.7088884,-72.284036,1367604508,True,1.0,1200.0,"Life Sciences Greenhouse, 78, College Street, Hanover, Grafton County, New Hampshire, 03755, United States",house,place,Life Sciences Greenhouse,us,18.0
349,48,8.537635604529356,0.0071146963371077,5.928913614256497e-06,6,04:05:2013 ,1,28,43.7089506,-72.2840456,1367605708,False,0.0,1200.0,"Life Sciences Greenhouse, 78, College Street, Hanover, Grafton County, New Hampshire, 03755, United States",house,place,Life Sciences Greenhouse,us,18.0
315,48,209.39255049072776,0.1889824462912705,0.0001705617746311,6,04:05:2013 ,1,46,43.7074251,-72.2857592,1367606816,True,1.0,1108.0,"Rauner Hall, 10, Maynard Street, Hanover, Grafton County, New Hampshire, 03755, United States",dormitory,building,Rauner Hall,us,1.0
52,48,120.43412891177438,0.0932152700555529,7.214804183866326e-05,6,04:05:2013 ,2,8,43.7065477,-72.2870098,1367608108,True,1.0,1292.0,"Dartmouth College, College Street, Hanover, Grafton County, New Hampshire, 03755, United States",university,amenity,Dartmouth College,us,104.0
247,48,16.855867234040044,0.0138389714565189,1.1362045530803712e-05,6,04:05:2013 ,3,47,43.7067242,-72.2874035,1367614037,False,0.0,5929.0,"Dartmouth College, College Street, Hanover, Grafton County, New Hampshire, 03755, United States",university,amenity,Dartmouth College,us,4.0
356,48,0.0274564597273771,2.288038310614762e-05,1.9066985921789683e-08,1,06:05:2013 ,4,30,43.6813264,-72.321985,1367789454,False,0.0,175417.0,"1885, Christian Street, Hartford, Windsor County, Vermont, 05001, United States",house,place,,us,7.0
53,48,31.639063139760523,0.0263658859498004,2.1971571624833697e-05,1,06:05:2013 ,7,30,43.7065679,-72.2870342,1367800254,True,1.0,10800.0,"Dartmouth College, College Street, Hanover, Grafton County, New Hampshire, 03755, United States",university,amenity,Dartmouth College,us,104.0
54,48,3.555106918371104,0.0029625890986425,2.4688242488688223e-06,1,06:05:2013 ,13,30,43.7065813,-72.2869875,1367821854,False,0.0,21600.0,"Dartmouth College, College Street, Hanover, Grafton County, New Hampshire, 03755, United States",university,amenity,Dartmouth College,us,104.0
55,48,4.639482195764921,0.0038694597128981,3.2272391266873914e-06,0,12:05:2013 ,11,18,43.7066143,-72.287048,1368332335,False,0.0,510481.0,"Dartmouth College, College Street, Hanover, Grafton County, New Hampshire, 03755, United States",university,amenity,Dartmouth College,us,104.0
163,48,23.63664271000805,0.0003576594899149,5.4119492474303745e-09,1,13:05:2013 ,5,40,43.7067865,-72.2871025,1368398422,True,1.0,66087.0,"Dartmouth College, College Street, Hanover, Grafton County, New Hampshire, 03755, United States",university,amenity,Dartmouth College,us,52.0
56,48,35.002005184321376,0.0291683376536011,2.4306948044667622e-05,1,13:05:2013 ,6,0,43.7065315,-72.2870261,1368399622,True,1.0,1200.0,"Dartmouth College, College Street, Hanover, Grafton County, New Hampshire, 03755, United States",university,amenity,Dartmouth College,us,104.0
57,48,6.863143523896003,0.0057192862699133,4.766071891594447e-06,1,13:05:2013 ,10,40,43.7065478,-72.2870133,1368416422,False,0.0,16800.0,"Dartmouth College, College Street, Hanover, Grafton County, New Hampshire, 03755, United States",university,amenity,Dartmouth College,us,104.0
124,48,25.69559222709612,0.0214129935225801,1.7844161268816752e-05,1,13:05:2013 ,11,0,43.706735,-72.2870879,1368417622,True,1.0,1200.0,"Dartmouth College, College Street, Hanover, Grafton County, New Hampshire, 03755, United States",university,amenity,Dartmouth College,us,10.0
319,48,0.1647386486044317,0.0002741075683933,4.560858043151368e-07,3,15:05:2013 ,13,0,43.6814408,-72.3222085,1368597646,False,0.0,180024.0,"1891, Christian Street, Hartford, Windsor County, Vermont, 05001, United States",house,place,,us,15.0
164,48,306.6467787417651,0.0014823449901954,7.165725591423515e-09,6,18:05:2013 ,6,30,43.7067537,-72.2870401,1368833437,True,1.0,235791.0,"Dartmouth College, College Street, Hanover, Grafton County, New Hampshire, 03755, United States",university,amenity,Dartmouth College,us,52.0
58,48,30.8566727363804,0.0504193998960464,8.238464035301699e-05,6,18:05:2013 ,6,40,43.7065289,-72.2869735,1368834049,True,1.0,612.0,"Dartmouth College, College Street, Hanover, Grafton County, New Hampshire, 03755, United States",university,amenity,Dartmouth College,us,104.0
59,48,6.218006330115011,0.010363343883525,1.727223980587503e-05,6,18:05:2013 ,8,20,43.7065941,-72.2870119,1368840049,False,0.0,6000.0,"Dartmouth College, College Street, Hanover, Grafton County, New Hampshire, 03755, United States",university,amenity,Dartmouth College,us,104.0
125,48,21.632610144578667,0.0360543502409644,6.009058373494074e-05,6,18:05:2013 ,8,30,43.7067517,-72.2870686,1368840649,True,1.0,600.0,"Dartmouth College, College Street, Hanover, Grafton County, New Hampshire, 03755, United States",university,amenity,Dartmouth College,us,10.0
165,48,0.8373024187779812,0.0015196051157495,2.757904021323978e-06,6,18:05:2013 ,8,40,43.7067578,-72.2870419,1368841200,False,0.0,551.0,"Dartmouth College, College Street, Hanover, Grafton County, New Hampshire, 03755, United States",university,amenity,Dartmouth College,us,52.0
60,48,20.877663953970547,0.0321689737349315,4.9566985724085526e-05,6,18:05:2013 ,8,50,43.7066057,-72.2870631,1368841849,True,1.0,649.0,"Dartmouth College, College Street, Hanover, Grafton County, New Hampshire, 03755, United States",university,amenity,Dartmouth College,us,104.0
320,48,0.1647386492560386,0.0005348657443377,1.7365770920058042e-06,0,19:05:2013 ,0,5,43.6814398,-72.3222068,1368896757,False,0.0,54908.0,"1891, Christian Street, Hartford, Windsor County, Vermont, 05001, United States",house,place,,us,15.0
121,48,5.723939953276036,0.0095398999221267,1.5899833203544545e-05,0,19:05:2013 ,1,0,43.7041096,-72.2909054,1368900049,False,0.0,3292.0,"Mass Parking Lot, 14, Mass Row, Hanover, Grafton County, New Hampshire, 03755, United States",parking,amenity,Mass Parking Lot,us,2.0
122,48,20.177923784853057,0.033629872974755,5.604978829125849e-05,0,19:05:2013 ,1,10,43.7039626,-72.2908429,1368900649,True,1.0,600.0,"Mass Parking Lot, 14, Mass Row, Hanover, Grafton County, New Hampshire, 03755, United States",parking,amenity,Mass Parking Lot,us,2.0
299,48,554.5708083476231,0.4617575423377378,0.0003844775539864,0,19:05:2013 ,1,30,43.7081065,-72.2846148,1368901852,True,1.0,1203.0,"Anonymous Hall, 64, College Street, Hanover, Grafton County, New Hampshire, 03755, United States",university,building,Anonymous Hall,us,3.0
269,48,162.31243947317543,0.2718801331208968,0.0004554106082427,0,19:05:2013 ,1,40,43.706924,-72.2869708,1368902449,True,1.0,597.0,"Dartmouth College, College Street, Hanover, Grafton County, New Hampshire, 03755, United States",university,amenity,Dartmouth College,us,12.0
321,48,0.0274564419745209,8.972693455725798e-05,2.932252763309085e-07,1,20:05:2013 ,1,3,43.68144,-72.3222105,1368986615,False,0.0,84166.0,"1891, Christian Street, Hartford, Windsor County, Vermont, 05001, United States",house,place,,us,15.0
126,48,7.755344300501541,0.0129040670557429,2.1470993437176366e-05,1,20:05:2013 ,2,38,43.7067319,-72.2870503,1368992309,False,0.0,5694.0,"Dartmouth College, College Street, Hanover, Grafton County, New Hampshire, 03755, United States",university,amenity,Dartmouth College,us,10.0
61,48,28.11141901707406,0.0469305826662338,7.834821814062408e-05,1,20:05:2013 ,2,48,43.7065271,-72.2870106,1368992908,True,1.0,599.0,"Dartmouth College, College Street, Hanover, Grafton County, New Hampshire, 03755, United States",university,amenity,Dartmouth College,us,104.0
62,48,1.5647958169185778,0.0026036536055217,4.332202338638535e-06,1,20:05:2013 ,3,18,43.7066201,-72.2870112,1368994709,False,0.0,1801.0,"Dartmouth College, College Street, Hanover, Grafton County, New Hampshire, 03755, United States",university,amenity,Dartmouth College,us,104.0
166,48,20.60313690830732,0.0343958879938352,5.742218362910728e-05,1,20:05:2013 ,3,28,43.7067702,-72.2870579,1368995308,True,1.0,599.0,"Dartmouth College, College Street, Hanover, Grafton County, New Hampshire, 03755, United States",university,amenity,Dartmouth College,us,52.0
127,48,3.6649136950904913,0.006118386803156,1.021433523064454e-05,1,20:05:2013 ,4,8,43.7067497,-72.2870729,1368997708,False,0.0,2400.0,"Dartmouth College, College Street, Hanover, Grafton County, New Hampshire, 03755, United States",university,amenity,Dartmouth College,us,10.0
63,48,29.49777106635121,0.0490811498608173,8.166580675676758e-05,1,20:05:2013 ,4,18,43.7065348,-72.2870085,1368998309,True,1.0,601.0,"Dartmouth College, College Street, Hanover, Grafton County, New Hampshire, 03755, United States",university,amenity,Dartmouth College,us,104.0
64,48,19.971737054129235,0.0332308436840752,5.529258516485069e-05,1,20:05:2013 ,4,58,43.7065445,-72.2870333,1369000709,False,0.0,2400.0,"Dartmouth College, College Street, Hanover, Grafton County, New Hampshire, 03755, United States",university,amenity,Dartmouth College,us,104.0
167,48,33.23131428721195,0.055477987123893,9.261767466426224e-05,1,20:05:2013 ,5,8,43.7067866,-72.2870758,1369001308,True,1.0,599.0,"Dartmouth College, College Street, Hanover, Grafton County, New Hampshire, 03755, United States",university,amenity,Dartmouth College,us,52.0
65,48,28.344757184401374,0.047162657544761,7.847363984153248e-05,1,20:05:2013 ,5,18,43.7065801,-72.2870446,1369001909,True,1.0,601.0,"Dartmouth College, College Street, Hanover, Grafton County, New Hampshire, 03755, United States",university,amenity,Dartmouth College,us,104.0
168,48,17.500996759009382,0.0292170229699655,4.8776332170226345e-05,1,20:05:2013 ,6,8,43.7067821,-72.2870743,1369004908,False,0.0,2999.0,"Dartmouth College, College Street, Hanover, Grafton County, New Hampshire, 03755, United States",university,amenity,Dartmouth College,us,52.0
66,48,30.774310107374067,0.0512051748874776,8.519995821543702e-05,1,20:05:2013 ,6,18,43.7065579,-72.2870135,1369005509,True,1.0,601.0,"Dartmouth College, College Street, Hanover, Grafton County, New Hampshire, 03755, United States",university,amenity,Dartmouth College,us,104.0
67,48,4.6394831657388655,0.0077196059330097,1.284460221798629e-05,1,20:05:2013 ,6,58,43.7065771,-72.2870047,1369007910,False,0.0,2401.0,"Dartmouth College, College Street, Hanover, Grafton County, New Hampshire, 03755, United States",university,amenity,Dartmouth College,us,104.0
169,48,26.779963181826364,0.0447077849446183,7.463737052523923e-05,1,20:05:2013 ,7,8,43.7067722,-72.2870545,1369008509,True,1.0,599.0,"Dartmouth College, College Street, Hanover, Grafton County, New Hampshire, 03755, United States",university,amenity,Dartmouth College,us,52.0
68,48,27.013309990693656,0.0449472711991575,7.478747287713395e-05,1,20:05:2013 ,7,18,43.7065754,-72.2870037,1369009110,True,1.0,601.0,"Dartmouth College, College Street, Hanover, Grafton County, New Hampshire, 03755, United States",university,amenity,Dartmouth College,us,104.0
128,48,21.31690818485572,0.0355874927960863,5.9411507172097394e-05,1,20:05:2013 ,7,28,43.7067307,-72.2870357,1369009709,True,1.0,599.0,"Dartmouth College, College Street, Hanover, Grafton County, New Hampshire, 03755, United States",university,amenity,Dartmouth College,us,10.0
170,48,3.3492089059161083,0.005591333732748,9.334446966190477e-06,1,20:05:2013 ,8,8,43.7067834,-72.2870587,1369012109,False,0.0,2400.0,"Dartmouth College, College Street, Hanover, Grafton County, New Hampshire, 03755, United States",university,amenity,Dartmouth College,us,52.0
322,48,2.539720716690628,0.0042399344185152,7.078354621895221e-06,2,21:05:2013 ,0,48,43.6814574,-72.3222465,1369072109,False,0.0,60000.0,"1891, Christian Street, Hartford, Windsor County, Vermont, 05001, United States",house,place,,us,15.0
129,48,545.9959267291623,0.4549966056076353,0.0003791638380063,2,21:05:2013 ,1,38,43.7067485,-72.287031,1369075110,True,1.0,3001.0,"Dartmouth College, College Street, Hanover, Grafton County, New Hampshire, 03755, United States",university,amenity,Dartmouth College,us,10.0
171,48,2.333465728366672,0.0038956022176405,6.503509545309716e-06,2,21:05:2013 ,1,48,43.7067655,-72.2870364,1369075709,False,0.0,599.0,"Dartmouth College, College Street, Hanover, Grafton County, New Hampshire, 03755, United States",university,amenity,Dartmouth College,us,52.0
69,48,30.88412326393976,0.0513878922860894,8.550398050930024e-05,2,21:05:2013 ,1,58,43.7065405,-72.2869977,1369076310,True,1.0,601.0,"Dartmouth College, College Street, Hanover, Grafton County, New Hampshire, 03755, United States",university,amenity,Dartmouth College,us,104.0
70,48,3.7747282392372496,0.0062807458223581,1.0450492216902084e-05,2,21:05:2013 ,2,18,43.7065419,-72.2869966,1369077510,False,0.0,1200.0,"Dartmouth College, College Street, Hanover, Grafton County, New Hampshire, 03755, United States",university,amenity,Dartmouth College,us,104.0
130,48,27.562365883812927,0.0459372764730215,7.656212745503591e-05,2,21:05:2013 ,2,28,43.7067427,-72.2870106,1369078110,True,1.0,600.0,"Dartmouth College, College Street, Hanover, Grafton County, New Hampshire, 03755, United States",university,amenity,Dartmouth College,us,10.0
172,48,9.251502002613616,0.029276905071562,9.264843377076604e-05,2,21:05:2013 ,4,23,43.7067867,-72.2870459,1369085026,False,0.0,6916.0,"Dartmouth College, College Street, Hanover, Grafton County, New Hampshire, 03755, United States",university,amenity,Dartmouth College,us,52.0
221,48,507.43789542662967,0.3421698553112809,0.0002307281559752,2,21:05:2013 ,4,48,43.7030899,-72.2905179,1369086509,True,1.0,1483.0,"Dartmouth College, College Street, Hanover, Grafton County, New Hampshire, 03755, United States",university,amenity,Dartmouth College,us,23.0
148,48,0.7275069556501653,0.0012104941025793,2.014133282161913e-06,2,21:05:2013 ,7,18,43.7031623,-72.2909867,1369095510,False,0.0,9001.0,"Dartmouth College, College Street, Hanover, Grafton County, New Hampshire, 03755, United States",university,amenity,Dartmouth College,us,19.0
117,48,121.15019587341864,0.2022540832611329,0.0003376528935912,2,21:05:2013 ,7,28,43.7040449,-72.2897737,1369096109,True,1.0,599.0,"Parkhurst Hall, 14, North Main Street, Hanover, Grafton County, New Hampshire, 03755, United States",university,building,Parkhurst Hall,us,2.0
71,48,366.0549760130195,0.6100916266883658,0.0010168193778139,2,21:05:2013 ,7,38,43.7067117,-72.2870772,1369096709,True,1.0,600.0,"Dartmouth College, College Street, Hanover, Grafton County, New Hampshire, 03755, United States",university,amenity,Dartmouth College,us,104.0
173,48,3.994343238037901,0.0066461617937402,1.105850548043306e-05,2,21:05:2013 ,11,58,43.7067887,-72.2870426,1369112310,False,0.0,15601.0,"Dartmouth College, College Street, Hanover, Grafton County, New Hampshire, 03755, United States",university,amenity,Dartmouth College,us,52.0
72,48,21.90713122211533,0.0365728401036983,6.105649433004737e-05,2,21:05:2013 ,12,8,43.7066291,-72.2870142,1369112909,True,1.0,599.0,"Dartmouth College, College Street, Hanover, Grafton County, New Hampshire, 03755, United States",university,amenity,Dartmouth College,us,104.0
323,48,2.484807790126012,0.0041344555576139,6.879293773068215e-06,2,21:05:2013 ,20,58,43.6814426,-72.3222087,1369144710,False,0.0,31801.0,"1891, Christian Street, Hartford, Windsor County, Vermont, 05001, United States",house,place,,us,15.0
131,48,4.804197456772152,0.0080203630330086,1.3389587701182972e-05,2,21:05:2013 ,21,48,43.7066518,-72.2872227,1369147709,False,0.0,2999.0,"Dartmouth College, College Street, Hanover, Grafton County, New Hampshire, 03755, United States",university,amenity,Dartmouth College,us,10.0
174,48,21.289446505645216,0.0354233718895927,5.8940718618290696e-05,2,21:05:2013 ,21,58,43.7068069,-72.2870419,1369148310,True,1.0,601.0,"Dartmouth College, College Street, Hanover, Grafton County, New Hampshire, 03755, United States",university,amenity,Dartmouth College,us,52.0
175,48,5.010085440731991,0.0083640825387846,1.396340991449854e-05,2,21:05:2013 ,22,48,43.7068361,-72.2870331,1369151309,False,0.0,2999.0,"Dartmouth College, College Street, Hanover, Grafton County, New Hampshire, 03755, United States",university,amenity,Dartmouth College,us,52.0
118,48,388.1817974613226,0.3234848312177688,0.0002695706926814,2,21:05:2013 ,23,8,43.7040081,-72.2896253,1369152509,True,1.0,1200.0,"Parkhurst Hall, 14, North Main Street, Hanover, Grafton County, New Hampshire, 03755, United States",university,building,Parkhurst Hall,us,2.0
238,48,168.06761032533015,0.2796466061985526,0.0004653021733752,2,21:05:2013 ,23,18,43.7027837,-72.2899334,1369153110,True,1.0,601.0,"Collis Student Center, 2, North Main Street, Hanover, Grafton County, New Hampshire, 03755, United States",university,building,Collis Student Center,us,4.0
239,48,0.5490629546700011,0.0008715284994761,1.3833785705971304e-06,2,21:05:2013 ,23,38,43.7028047,-72.2899625,1369154310,False,0.0,1200.0,"Collis Student Center, 2, North Main Street, Hanover, Grafton County, New Hampshire, 03755, United States",university,building,Collis Student Center,us,4.0
73,48,517.2392764437567,0.4310327303697972,0.0003591939419748,2,21:05:2013 ,23,58,43.7065729,-72.2870383,1369155510,True,1.0,1200.0,"Dartmouth College, College Street, Hanover, Grafton County, New Hampshire, 03755, United States",university,amenity,Dartmouth College,us,104.0
74,48,2.415826135845434,0.0040196774306912,6.6883151924979e-06,3,22:05:2013 ,0,58,43.7065423,-72.2870422,1369159110,False,0.0,3600.0,"Dartmouth College, College Street, Hanover, Grafton County, New Hampshire, 03755, United States",university,amenity,Dartmouth College,us,104.0
75,48,20.20508396269016,0.0337313588692657,5.631278609226327e-05,3,22:05:2013 ,1,8,43.7066895,-72.2870398,1369159709,True,1.0,599.0,"Dartmouth College, College Street, Hanover, Grafton County, New Hampshire, 03755, United States",university,amenity,Dartmouth College,us,104.0
248,48,0.2745255926368939,0.0004567813521412,7.600355276892754e-07,3,22:05:2013 ,6,18,43.7066195,-72.2872679,1369178310,False,0.0,18601.0,"Dartmouth College, College Street, Hanover, Grafton County, New Hampshire, 03755, United States",university,amenity,Dartmouth College,us,4.0
222,48,485.3523395201227,0.8102710175628092,0.0013527062062818,3,22:05:2013 ,6,28,43.7030836,-72.2905504,1369178909,True,1.0,599.0,"Dartmouth College, College Street, Hanover, Grafton County, New Hampshire, 03755, United States",university,amenity,Dartmouth College,us,23.0
223,48,0.3568903826328501,0.178445191316425,0.0892225956582125,3,22:05:2013 ,8,48,43.7030691,-72.2907124,1369187311,False,0.0,8402.0,"Dartmouth College, College Street, Hanover, Grafton County, New Hampshire, 03755, United States",university,amenity,Dartmouth College,us,23.0
115,48,375.22618085833005,0.3132105015511937,0.0002614444921128,3,22:05:2013 ,9,8,43.7058027,-72.2887422,1369188509,True,1.0,1198.0,"Berry Library, 25, North Main Street, Hanover, Grafton County, New Hampshire, 03755, United States",library,amenity,Berry Library,us,2.0
116,48,1.0157493034562044,0.0016900986746359,2.8121442173643054e-06,3,22:05:2013 ,9,38,43.7058149,-72.2886619,1369190310,False,0.0,1801.0,"Berry Library, 25, North Main Street, Hanover, Grafton County, New Hampshire, 03755, United States",library,amenity,Berry Library,us,2.0
324,48,0.1784668680165291,0.0002974447800275,4.957413000459143e-07,3,22:05:2013 ,23,54,43.6814415,-72.3222071,1369241675,False,0.0,51365.0,"1891, Christian Street, Hartford, Windsor County, Vermont, 05001, United States",house,place,,us,15.0
240,48,6.05342257329128,0.0100890376221521,1.6815062703586888e-05,4,23:05:2013 ,0,44,43.7026776,-72.2898893,1369244675,False,0.0,3000.0,"Collis Student Center, 2, North Main Street, Hanover, Grafton County, New Hampshire, 03755, United States",university,building,Collis Student Center,us,4.0
76,48,534.4661373021704,0.2969256318345391,0.0001649586843525,4,23:05:2013 ,1,14,43.7065713,-72.2870541,1369246475,True,1.0,1800.0,"Dartmouth College, College Street, Hanover, Grafton County, New Hampshire, 03755, United States",university,amenity,Dartmouth College,us,104.0
77,48,3.9531701170046176,0.0065886168616743,1.0981028102790605e-05,4,23:05:2013 ,1,34,43.706562,-72.2870422,1369247675,False,0.0,1200.0,"Dartmouth College, College Street, Hanover, Grafton County, New Hampshire, 03755, United States",university,amenity,Dartmouth College,us,104.0
132,48,24.515130966788902,0.0408585516113148,6.809758601885807e-05,4,23:05:2013 ,1,44,43.7067406,-72.2870508,1369248275,True,1.0,600.0,"Dartmouth College, College Street, Hanover, Grafton County, New Hampshire, 03755, United States",university,amenity,Dartmouth College,us,10.0
78,48,20.616866615460022,0.0343614443591,5.726907393183341e-05,4,23:05:2013 ,1,54,43.7065904,-72.287084,1369248875,True,1.0,600.0,"Dartmouth College, College Street, Hanover, Grafton County, New Hampshire, 03755, United States",university,amenity,Dartmouth College,us,104.0
79,48,0.3157045834849224,0.0005261743058082,8.769571763470069e-07,4,23:05:2013 ,4,4,43.7065342,-72.2870313,1369256675,False,0.0,7800.0,"Dartmouth College, College Street, Hanover, Grafton County, New Hampshire, 03755, United States",university,amenity,Dartmouth College,us,104.0
224,48,464.9137345995082,0.387105524229399,0.0003223193374099,4,23:05:2013 ,4,24,43.7031472,-72.2905566,1369257876,True,1.0,1201.0,"Dartmouth College, College Street, Hanover, Grafton County, New Hampshire, 03755, United States",university,amenity,Dartmouth College,us,23.0
225,48,1.8530840585308896,0.0030936294800181,5.164656894855059e-06,4,23:05:2013 ,7,14,43.7031373,-72.2905122,1369268074,False,0.0,10198.0,"Dartmouth College, College Street, Hanover, Grafton County, New Hampshire, 03755, United States",university,amenity,Dartmouth College,us,23.0
80,48,467.9335433860586,0.3896199362082087,0.0003244129360601,4,23:05:2013 ,7,34,43.7065463,-72.2870078,1369269275,True,1.0,1201.0,"Dartmouth College, College Street, Hanover, Grafton County, New Hampshire, 03755, United States",university,amenity,Dartmouth College,us,104.0
81,48,5.668955336199903,0.0094482588936665,1.574709815611084e-05,4,23:05:2013 ,8,34,43.7065403,-72.287067,1369272875,False,0.0,3600.0,"Dartmouth College, College Street, Hanover, Grafton County, New Hampshire, 03755, United States",university,amenity,Dartmouth College,us,104.0
82,48,20.56196732086469,0.0342699455347744,5.711657589129081e-05,4,23:05:2013 ,8,44,43.7066901,-72.2870806,1369273475,True,1.0,600.0,"Dartmouth College, College Street, Hanover, Grafton County, New Hampshire, 03755, United States",university,amenity,Dartmouth College,us,104.0
83,48,1.1530077410272883,0.5765038705136443,0.2882519352568221,4,23:05:2013 ,10,54,43.7065843,-72.2870295,1369281277,False,0.0,7802.0,"Dartmouth College, College Street, Hanover, Grafton County, New Hampshire, 03755, United States",university,amenity,Dartmouth College,us,104.0
325,48,0.054912882066776,9.15214701112934e-05,1.525357835188223e-07,4,23:05:2013 ,21,54,43.6814423,-72.3222086,1369320876,False,0.0,39599.0,"1891, Christian Street, Hartford, Windsor County, Vermont, 05001, United States",house,place,,us,15.0
149,48,1.002038184816121,0.0016700636413602,2.783439402267003e-06,5,24:05:2013 ,0,54,43.7031024,-72.2910425,1369331676,False,0.0,10800.0,"Dartmouth College, College Street, Hanover, Grafton County, New Hampshire, 03755, United States",university,amenity,Dartmouth College,us,19.0
84,48,471.4750171404058,0.3928958476170048,0.0003274132063475,5,24:05:2013 ,1,14,43.7065372,-72.2870258,1369332876,True,1.0,1200.0,"Dartmouth College, College Street, Hanover, Grafton County, New Hampshire, 03755, United States",university,amenity,Dartmouth College,us,104.0
85,48,4.0218012804658265,0.0067030021341097,1.1171670223516184e-05,5,24:05:2013 ,6,34,43.7065739,-72.2870288,1369352076,False,0.0,19200.0,"Dartmouth College, College Street, Hanover, Grafton County, New Hampshire, 03755, United States",university,amenity,Dartmouth College,us,104.0
176,48,37.48645040647168,0.0624774173441194,0.0001041290289068,5,24:05:2013 ,6,44,43.706847,-72.2870662,1369352676,True,1.0,600.0,"Dartmouth College, College Street, Hanover, Grafton County, New Hampshire, 03755, United States",university,amenity,Dartmouth College,us,52.0
177,48,0.4529666599458749,0.0007549444332431,1.2582407220718748e-06,5,24:05:2013 ,9,14,43.7068439,-72.2870501,1369361676,False,0.0,9000.0,"Dartmouth College, College Street, Hanover, Grafton County, New Hampshire, 03755, United States",university,amenity,Dartmouth College,us,52.0
326,48,0.0,0.0,0.0,5,24:05:2013 ,21,54,43.6814423,-72.3222086,1369407278,False,0.0,45602.0,"1891, Christian Street, Hartford, Windsor County, Vermont, 05001, United States",house,place,,us,15.0
231,48,1.0157647288038592,0.0016957674938294,2.8309974855250103e-06,6,25:05:2013 ,1,4,43.7031032,-72.2911103,1369418676,False,0.0,11398.0,"Dartmouth College, College Street, Hanover, Grafton County, New Hampshire, 03755, United States",university,amenity,Dartmouth College,us,3.0
178,48,515.3030064801229,0.8588383441335382,0.0014313972402225,6,25:05:2013 ,1,14,43.7068573,-72.2871499,1369419276,True,1.0,600.0,"Dartmouth College, College Street, Hanover, Grafton County, New Hampshire, 03755, United States",university,amenity,Dartmouth College,us,52.0
179,48,3.6374595063059534,0.0060624325105099,1.0104054184183207e-05,6,25:05:2013 ,1,34,43.7068307,-72.2870611,1369420476,False,0.0,1200.0,"Dartmouth College, College Street, Hanover, Grafton County, New Hampshire, 03755, United States",university,amenity,Dartmouth College,us,52.0
86,48,40.17680572034622,0.0669613428672437,0.000111602238112,6,25:05:2013 ,1,44,43.706538,-72.2870582,1369421076,True,1.0,600.0,"Dartmouth College, College Street, Hanover, Grafton County, New Hampshire, 03755, United States",university,amenity,Dartmouth College,us,104.0
87,48,0.1372628365180258,0.0002287713941967,3.812856569945161e-07,6,25:05:2013 ,2,14,43.7065658,-72.2870261,1369422876,False,0.0,1800.0,"Dartmouth College, College Street, Hanover, Grafton County, New Hampshire, 03755, United States",university,amenity,Dartmouth College,us,104.0
88,48,21.550255952853497,0.0359170932547558,5.986182209125972e-05,6,25:05:2013 ,2,24,43.7067228,-72.2870386,1369423476,True,1.0,600.0,"Dartmouth College, College Street, Hanover, Grafton County, New Hampshire, 03755, United States",university,amenity,Dartmouth College,us,104.0
180,48,2.113844437545289,0.0035230740625754,5.871790104292469e-06,6,25:05:2013 ,3,14,43.7068477,-72.287051,1369426476,False,0.0,3000.0,"Dartmouth College, College Street, Hanover, Grafton County, New Hampshire, 03755, United States",university,amenity,Dartmouth College,us,52.0
89,48,38.99634144061872,0.0649939024010312,0.0001083231706683,6,25:05:2013 ,3,24,43.7065636,-72.2870543,1369427076,True,1.0,600.0,"Dartmouth College, College Street, Hanover, Grafton County, New Hampshire, 03755, United States",university,amenity,Dartmouth College,us,104.0
181,48,39.77873836234674,0.0662978972705779,0.0001104964954509,6,25:05:2013 ,3,34,43.7068534,-72.2870247,1369427676,True,1.0,600.0,"Dartmouth College, College Street, Hanover, Grafton County, New Hampshire, 03755, United States",university,amenity,Dartmouth College,us,52.0
182,48,0.5902292093180361,0.0009837153488633,1.639525581438989e-06,6,25:05:2013 ,6,54,43.706867,-72.287031,1369439676,False,0.0,12000.0,"Dartmouth College, College Street, Hanover, Grafton County, New Hampshire, 03755, United States",university,amenity,Dartmouth College,us,52.0
90,48,23.705263391304428,0.0395087723188407,6.584795386473452e-05,6,25:05:2013 ,7,4,43.7066943,-72.2870711,1369440276,True,1.0,600.0,"Dartmouth College, College Street, Hanover, Grafton County, New Hampshire, 03755, United States",university,amenity,Dartmouth College,us,104.0
183,48,22.97777157420669,0.0382962859570111,6.382714326168525e-05,6,25:05:2013 ,7,14,43.7068617,-72.2870416,1369440876,True,1.0,600.0,"Dartmouth College, College Street, Hanover, Grafton County, New Hampshire, 03755, United States",university,amenity,Dartmouth College,us,52.0
184,48,0.0,0.0,0.0,6,25:05:2013 ,11,24,43.7068628,-72.2870249,1369455876,False,0.0,15000.0,"Dartmouth College, College Street, Hanover, Grafton County, New Hampshire, 03755, United States",university,amenity,Dartmouth College,us,52.0
327,48,0.0,0.0,0.0,0,26:05:2013 ,2,34,43.6814419,-72.3222085,1369510476,False,0.0,54600.0,"1891, Christian Street, Hartford, Windsor County, Vermont, 05001, United States",house,place,,us,15.0
185,48,630.6474025371217,0.9978598141410152,0.0015788921109826,0,26:05:2013 ,3,24,43.7068803,-72.2870634,1369513476,True,1.0,3000.0,"Dartmouth College, College Street, Hanover, Grafton County, New Hampshire, 03755, United States",university,amenity,Dartmouth College,us,52.0
186,48,1.537341004813937,0.0025622350080232,4.270391680038714e-06,0,26:05:2013 ,3,44,43.7068926,-72.2870363,1369514676,False,0.0,1200.0,"Dartmouth College, College Street, Hanover, Grafton County, New Hampshire, 03755, United States",university,amenity,Dartmouth College,us,52.0
91,48,42.46908080326686,0.0707818013387781,0.0001179696688979,0,26:05:2013 ,3,54,43.7065832,-72.2870479,1369515276,True,1.0,600.0,"Dartmouth College, College Street, Hanover, Grafton County, New Hampshire, 03755, United States",university,amenity,Dartmouth College,us,104.0
187,48,41.6043265000881,0.0693405441668135,0.0001155675736113,0,26:05:2013 ,4,4,43.7068863,-72.2870252,1369515876,True,1.0,600.0,"Dartmouth College, College Street, Hanover, Grafton County, New Hampshire, 03755, United States",university,amenity,Dartmouth College,us,52.0
270,48,4.927726634586465,0.0082265887054865,1.3733870960745552e-05,0,26:05:2013 ,10,54,43.706917,-72.2870129,1369540475,False,0.0,24599.0,"Dartmouth College, College Street, Hanover, Grafton County, New Hampshire, 03755, United States",university,amenity,Dartmouth College,us,12.0
328,48,0.0549128816869665,9.152146947827758e-05,1.5253578246379597e-07,1,27:05:2013 ,0,34,43.6814426,-72.3222087,1369589676,False,0.0,49201.0,"1891, Christian Street, Hartford, Windsor County, Vermont, 05001, United States",house,place,,us,15.0
92,48,1.990310619428757,0.0033171843657145,5.5286406095243245e-06,1,27:05:2013 ,6,4,43.7066197,-72.2870387,1369609476,False,0.0,19800.0,"Dartmouth College, College Street, Hanover, Grafton County, New Hampshire, 03755, United States",university,amenity,Dartmouth College,us,104.0
271,48,40.23169231092074,0.0670528205182012,0.0001117547008636,1,27:05:2013 ,6,14,43.7069128,-72.2869836,1369610076,True,1.0,600.0,"Dartmouth College, College Street, Hanover, Grafton County, New Hampshire, 03755, United States",university,amenity,Dartmouth College,us,12.0
188,48,4.296319071748567,0.0071605317862476,1.1934219643746018e-05,1,27:05:2013 ,11,44,43.706902,-72.2870277,1369629876,False,0.0,19800.0,"Dartmouth College, College Street, Hanover, Grafton County, New Hampshire, 03755, United States",university,amenity,Dartmouth College,us,52.0
329,48,0.2059233090910869,0.0003426344577222,5.701072507858144e-07,1,27:05:2013 ,21,4,43.6814441,-72.3222061,1369663476,False,0.0,33600.0,"1891, Christian Street, Hartford, Windsor County, Vermont, 05001, United States",house,place,,us,15.0
189,48,0.1235363359583365,0.0002058938932638,3.43156488773157e-07,2,28:05:2013 ,0,44,43.7068791,-72.2870192,1369676676,False,0.0,13200.0,"Dartmouth College, College Street, Hanover, Grafton County, New Hampshire, 03755, United States",university,amenity,Dartmouth College,us,52.0
93,48,50.44405599688121,0.0840734266614686,0.0001401223777691,2,28:05:2013 ,0,54,43.7065116,-72.287024,1369677276,True,1.0,600.0,"Dartmouth College, College Street, Hanover, Grafton County, New Hampshire, 03755, United States",university,amenity,Dartmouth College,us,104.0
94,48,0.6588617586402302,0.001098102931067,1.8301715517784168e-06,2,28:05:2013 ,1,14,43.7065306,-72.2870264,1369678476,False,0.0,1200.0,"Dartmouth College, College Street, Hanover, Grafton County, New Hampshire, 03755, United States",university,amenity,Dartmouth College,us,104.0
190,48,43.08677515925713,0.0718112919320952,0.0001196854865534,2,28:05:2013 ,1,24,43.7068445,-72.286993,1369679076,True,1.0,600.0,"Dartmouth College, College Street, Hanover, Grafton County, New Hampshire, 03755, United States",university,amenity,Dartmouth College,us,52.0
191,48,5.7238506840971,0.0095397511401618,1.5899585233603056e-05,2,28:05:2013 ,1,34,43.7068862,-72.2869909,1369679676,False,0.0,600.0,"Dartmouth College, College Street, Hanover, Grafton County, New Hampshire, 03755, United States",university,amenity,Dartmouth College,us,52.0
95,48,45.46141217963123,0.0757690202993853,0.0001262817004989,2,28:05:2013 ,1,44,43.706555,-72.2870195,1369680276,True,1.0,600.0,"Dartmouth College, College Street, Hanover, Grafton County, New Hampshire, 03755, United States",university,amenity,Dartmouth College,us,104.0
249,48,7.590634184581368,0.0126510569743022,2.1085094957170466e-05,2,28:05:2013 ,1,54,43.7066103,-72.2872684,1369680876,False,0.0,600.0,"Dartmouth College, College Street, Hanover, Grafton County, New Hampshire, 03755, United States",university,amenity,Dartmouth College,us,4.0
192,48,31.62532934251775,0.0527088822375295,8.78481370625493e-05,2,28:05:2013 ,2,4,43.7068407,-72.2870742,1369681476,True,1.0,600.0,"Dartmouth College, College Street, Hanover, Grafton County, New Hampshire, 03755, United States",university,amenity,Dartmouth College,us,52.0
193,48,4.488488022379294,0.0074808133706321,1.2468022284386928e-05,2,28:05:2013 ,3,54,43.7068501,-72.2870193,1369688076,False,0.0,6600.0,"Dartmouth College, College Street, Hanover, Grafton County, New Hampshire, 03755, United States",university,amenity,Dartmouth College,us,52.0
250,48,34.013700433646505,0.0566895007227441,9.448250120457362e-05,2,28:05:2013 ,4,4,43.7066023,-72.287251,1369688676,True,1.0,600.0,"Dartmouth College, College Street, Hanover, Grafton County, New Hampshire, 03755, United States",university,amenity,Dartmouth College,us,4.0
150,48,478.1322262353328,0.3991087030345015,0.0003331458289102,2,28:05:2013 ,4,24,43.7031168,-72.2910455,1369689876,True,1.0,1200.0,"Dartmouth College, College Street, Hanover, Grafton County, New Hampshire, 03755, United States",university,amenity,Dartmouth College,us,19.0
226,48,9.16933767856067,0.0153077423682148,2.5555496441093168e-05,2,28:05:2013 ,7,4,43.7030345,-72.2905871,1369699475,False,0.0,9599.0,"Dartmouth College, College Street, Hanover, Grafton County, New Hampshire, 03755, United States",university,amenity,Dartmouth College,us,23.0
194,48,527.6568420864596,0.8794280701440994,0.0014657134502401,2,28:05:2013 ,7,14,43.7068786,-72.2869928,1369700075,True,1.0,600.0,"Dartmouth College, College Street, Hanover, Grafton County, New Hampshire, 03755, United States",university,amenity,Dartmouth College,us,52.0
195,48,4.035520398782677,0.0067258673313044,1.1209778885507436e-05,2,28:05:2013 ,10,44,43.7068607,-72.2870121,1369712676,False,0.0,12601.0,"Dartmouth College, College Street, Hanover, Grafton County, New Hampshire, 03755, United States",university,amenity,Dartmouth College,us,52.0
96,48,20.90510443275475,0.0348418407212579,5.8069734535429865e-05,2,28:05:2013 ,10,54,43.7067084,-72.2870192,1369713276,True,1.0,600.0,"Dartmouth College, College Street, Hanover, Grafton County, New Hampshire, 03755, United States",university,amenity,Dartmouth College,us,104.0
330,48,0.0960975422349946,0.0001601625703916,2.669376173194295e-07,2,28:05:2013 ,23,44,43.6814419,-72.3222085,1369759476,False,0.0,46200.0,"1891, Christian Street, Hartford, Windsor County, Vermont, 05001, United States",house,place,,us,15.0
196,48,2.429547873730292,0.0040492464562171,6.748744093695255e-06,3,29:05:2013 ,4,4,43.7068931,-72.2870081,1369775076,False,0.0,15600.0,"Dartmouth College, College Street, Hanover, Grafton County, New Hampshire, 03755, United States",university,amenity,Dartmouth College,us,52.0
151,48,516.4971125592187,0.4304142604660156,0.0003586785503883,3,29:05:2013 ,4,24,43.7031303,-72.2910665,1369776276,True,1.0,1200.0,"Dartmouth College, College Street, Hanover, Grafton County, New Hampshire, 03755, United States",university,amenity,Dartmouth College,us,19.0
232,48,4.639574366094732,0.00771975768069,1.284485470996684e-05,3,29:05:2013 ,6,44,43.7031112,-72.2911082,1369784676,False,0.0,8400.0,"Dartmouth College, College Street, Hanover, Grafton County, New Hampshire, 03755, United States",university,amenity,Dartmouth College,us,3.0
197,48,516.6756093475606,0.4305630077896338,0.0003588025064913,3,29:05:2013 ,7,4,43.7068753,-72.2870121,1369785876,True,1.0,1200.0,"Dartmouth College, College Street, Hanover, Grafton County, New Hampshire, 03755, United States",university,amenity,Dartmouth College,us,52.0
198,48,3.115860881876848,0.0051931014697947,8.655169116324576e-06,3,29:05:2013 ,14,24,43.7068701,-72.2870477,1369812276,False,0.0,26400.0,"Dartmouth College, College Street, Hanover, Grafton County, New Hampshire, 03755, United States",university,amenity,Dartmouth College,us,52.0
331,48,0.123553985332466,0.061776992666233,0.0308884963331165,3,29:05:2013 ,21,4,43.6814435,-72.3222091,1369836278,False,0.0,24002.0,"1891, Christian Street, Hartford, Windsor County, Vermont, 05001, United States",house,place,,us,15.0
357,48,8.949411350005864,0.0079976866398622,7.147173047240622e-06,3,29:05:2013 ,21,44,43.7090978,-72.284207,1369838676,False,0.0,2398.0,"Class of 1978 Life Sciences Center, 78, College Street, Hanover, Grafton County, New Hampshire, 03755, United States",university,building,Class of 1978 Life Sciences Center,us,1.0
311,48,101.36737390578452,0.1692276692917938,0.0002825169771148,3,29:05:2013 ,21,54,43.7083593,-72.2844137,1369839275,True,1.0,599.0,"Dana Circle Parking Lot, 64, College Street, Hanover, Grafton County, New Hampshire, 03755, United States",parking,amenity,Dana Circle Parking Lot,us,1.0
97,48,227.6491826463236,0.3787839977476265,0.0006302562358529,3,29:05:2013 ,22,4,43.7067008,-72.2870423,1369839876,True,1.0,601.0,"Dartmouth College, College Street, Hanover, Grafton County, New Hampshire, 03755, United States",university,amenity,Dartmouth College,us,104.0
199,48,0.4117878845721059,0.0006863131409535,1.1438552349225165e-06,3,29:05:2013 ,22,24,43.7068387,-72.2870164,1369841076,False,0.0,1200.0,"Dartmouth College, College Street, Hanover, Grafton County, New Hampshire, 03755, United States",university,amenity,Dartmouth College,us,52.0
98,48,47.89097744533654,0.0798182957422275,0.0001330304929037,3,29:05:2013 ,22,34,43.7064898,-72.2869815,1369841676,True,1.0,600.0,"Dartmouth College, College Street, Hanover, Grafton County, New Hampshire, 03755, United States",university,amenity,Dartmouth College,us,104.0
99,48,10.56923814520976,0.0176153969086829,2.935899484780489e-05,3,29:05:2013 ,22,54,43.7065328,-72.286994,1369842876,False,0.0,1200.0,"Dartmouth College, College Street, Hanover, Grafton County, New Hampshire, 03755, United States",university,amenity,Dartmouth College,us,104.0
200,48,42.79852312053579,0.0713308718675596,0.0001188847864459,3,29:05:2013 ,23,4,43.7068446,-72.2869939,1369843476,True,1.0,600.0,"Dartmouth College, College Street, Hanover, Grafton County, New Hampshire, 03755, United States",university,amenity,Dartmouth College,us,52.0
241,48,571.4996103311975,0.3174997835173319,0.0001763887686207,3,29:05:2013 ,23,34,43.7026811,-72.2899224,1369845276,True,1.0,1800.0,"Collis Student Center, 2, North Main Street, Hanover, Grafton County, New Hampshire, 03755, United States",university,building,Collis Student Center,us,4.0
201,48,575.6998416840869,0.4801499930642927,0.0004004587098117,3,29:05:2013 ,23,54,43.7068766,-72.2870427,1369846477,True,1.0,1201.0,"Dartmouth College, College Street, Hanover, Grafton County, New Hampshire, 03755, United States",university,amenity,Dartmouth College,us,52.0
100,48,52.324558245985614,0.0873531857195085,0.000145831695692,4,30:05:2013 ,0,4,43.7064954,-72.2869914,1369847076,True,1.0,599.0,"Dartmouth College, College Street, Hanover, Grafton County, New Hampshire, 03755, United States",university,amenity,Dartmouth College,us,104.0
101,48,6.053291541352313,0.0100888192355871,1.6814698725978645e-05,4,30:05:2013 ,1,14,43.7065756,-72.2869804,1369851276,False,0.0,4200.0,"Dartmouth College, College Street, Hanover, Grafton County, New Hampshire, 03755, United States",university,amenity,Dartmouth College,us,104.0
202,48,42.09847361615036,0.0701641226935839,0.0001169402044893,4,30:05:2013 ,1,24,43.7068823,-72.2870116,1369851876,True,1.0,600.0,"Dartmouth College, College Street, Hanover, Grafton County, New Hampshire, 03755, United States",university,amenity,Dartmouth College,us,52.0
102,48,45.11825605700263,0.0751970934283377,0.0001253284890472,4,30:05:2013 ,1,34,43.7065536,-72.2869986,1369852476,True,1.0,600.0,"Dartmouth College, College Street, Hanover, Grafton County, New Hampshire, 03755, United States",university,amenity,Dartmouth College,us,104.0
103,48,13.53411362784425,0.022519323840007,3.7469756805336224e-05,4,30:05:2013 ,2,4,43.7065445,-72.2869728,1369854276,False,0.0,1800.0,"Dartmouth College, College Street, Hanover, Grafton County, New Hampshire, 03755, United States",university,amenity,Dartmouth College,us,104.0
203,48,44.23977770521706,0.0020474743233774,9.475976874982518e-08,4,30:05:2013 ,8,4,43.7068668,-72.2870148,1369875883,True,1.0,21607.0,"Dartmouth College, College Street, Hanover, Grafton County, New Hampshire, 03755, United States",university,amenity,Dartmouth College,us,52.0
