,tnv,distance,velocity,accelerate,week_date,date,hour in date,min in date,latitude,longitude,time,moving,active,time_difference,address,type,address_type,hall,nation,count
0,51,0.0,0.0,0.0,5,29:03:2013 ,0,58,43.7066333,-72.2870439,1364493509,False,0.0,,"Dartmouth College, College Street, Hanover, Grafton County, New Hampshire, 03755, United States",university,amenity,Dartmouth College,us,62.0
125,51,334.85032927957485,0.1394628610077363,5.808532320188934e-05,6,30:03:2013 ,0,58,43.7090415,-72.284056,1364579910,True,1.0,86401.0,"Life Sciences Greenhouse, 78, College Street, Hanover, Grafton County, New Hampshire, 03755, United States",house,place,Life Sciences Greenhouse,us,24.0
126,51,0.7686613401753913,0.0006410853546083,5.34683364977759e-07,6,30:03:2013 ,1,38,43.7090117,-72.2840509,1364582309,False,0.0,2399.0,"Life Sciences Greenhouse, 78, College Street, Hanover, Grafton County, New Hampshire, 03755, United States",house,place,Life Sciences Greenhouse,us,24.0
1,51,333.23068396301727,0.2776922366358477,0.0002314101971965,6,30:03:2013 ,1,58,43.706584,-72.2869158,1364583509,True,1.0,1200.0,"Dartmouth College, College Street, Hanover, Grafton County, New Hampshire, 03755, United States",university,amenity,Dartmouth College,us,62.0
2,51,0.3019781493104885,0.0002516484577587,2.097070481322837e-07,6,30:03:2013 ,4,58,43.7066188,-72.2870142,1364594309,False,0.0,10800.0,"Dartmouth College, College Street, Hanover, Grafton County, New Hampshire, 03755, United States",university,amenity,Dartmouth College,us,62.0
176,51,772.9802095897871,0.6430783773625517,0.0005350069695195,6,30:03:2013 ,5,18,43.7009875,-72.2889633,1364595511,True,1.0,1202.0,"Roberts Flowers of Hanover, 44, South Main Street, Hanover, Grafton County, New Hampshire, 03755, United States",florist,shop,Roberts Flowers of Hanover,us,1.0
179,51,0.4255282085350753,0.0003546068404458,2.955057003715801e-07,6,30:03:2013 ,6,18,43.7009551,-72.2887625,1364599109,False,0.0,3598.0,"Hanover Park Northbound, Lebanon Street, Hanover, Grafton County, New Hampshire, 03755, United States",bus_stop,highway,Hanover Park Northbound,us,1.0
3,51,770.9351341354642,0.2141486483709622,5.948573565860064e-05,6,30:03:2013 ,7,18,43.7065715,-72.2870385,1364602709,True,1.0,3600.0,"Dartmouth College, College Street, Hanover, Grafton County, New Hampshire, 03755, United States",university,amenity,Dartmouth College,us,62.0
4,51,0.0686314037254247,5.719283643785399e-05,4.7660697031544994e-08,0,31:03:2013 ,3,32,43.7066068,-72.2870475,1364675531,False,0.0,72822.0,"Dartmouth College, College Street, Hanover, Grafton County, New Hampshire, 03755, United States",university,amenity,Dartmouth College,us,62.0
62,51,136.39843065065054,0.0568090090173471,2.3660561856454463e-05,0,31:03:2013 ,4,12,43.7056131,-72.2831921,1364677932,True,1.0,2401.0,"10, North Park Street, Hanover, Grafton County, New Hampshire, 03755, United States",dormitory,building,,us,55.0
63,51,2.2785747821944664,0.0018988123184953,1.5823435987461573e-06,0,31:03:2013 ,18,52,43.7056612,-72.2832547,1364730731,False,0.0,52799.0,"10, North Park Street, Hanover, Grafton County, New Hampshire, 03755, United States",dormitory,building,,us,55.0
163,51,338.0228427773507,0.1407255798406955,5.85868359037034e-05,0,31:03:2013 ,19,32,43.7081238,-72.2847121,1364733133,True,1.0,2402.0,"Anonymous Hall, 64, College Street, Hanover, Grafton County, New Hampshire, 03755, United States",university,building,Anonymous Hall,us,2.0
177,51,987.4252528757814,0.4117703306404426,0.0001717140661553,0,31:03:2013 ,20,12,43.7009302,-72.289132,1364735531,True,1.0,2398.0,"Hanover Park, 3, Lebanon Street, Hanover, Grafton County, New Hampshire, 03755, United States",retail,building,Hanover Park,us,1.0
5,51,779.8298731381564,0.2166194092050434,6.017205811251207e-05,0,31:03:2013 ,21,12,43.7066114,-72.287038,1364739131,True,1.0,3600.0,"Dartmouth College, College Street, Hanover, Grafton County, New Hampshire, 03755, United States",university,amenity,Dartmouth College,us,62.0
6,51,1.5236170982291843,0.0012696809151909,1.0580674293258224e-06,1,01:04:2013 ,4,52,43.7066177,-72.2870537,1364766731,False,0.0,27600.0,"Dartmouth College, College Street, Hanover, Grafton County, New Hampshire, 03755, United States",university,amenity,Dartmouth College,us,62.0
64,51,125.18399174416317,0.1043199931201359,8.693332760011331e-05,1,01:04:2013 ,5,12,43.7057057,-72.283259,1364767931,True,1.0,1200.0,"10, North Park Street, Hanover, Grafton County, New Hampshire, 03755, United States",dormitory,building,,us,55.0
65,51,3.321778416435068,0.0027681486803625,2.306790566968797e-06,1,01:04:2013 ,6,12,43.7056263,-72.28325,1364771531,False,0.0,3600.0,"10, North Park Street, Hanover, Grafton County, New Hampshire, 03755, United States",dormitory,building,,us,55.0
7,51,132.87076643915088,0.0553397611158479,2.304863020235232e-05,1,01:04:2013 ,6,52,43.7065943,-72.2870271,1364773932,True,1.0,2401.0,"Dartmouth College, College Street, Hanover, Grafton County, New Hampshire, 03755, United States",university,amenity,Dartmouth College,us,62.0
8,51,0.5353248864639769,0.0004461040720533,3.7175339337776177e-07,1,01:04:2013 ,13,12,43.7066265,-72.2870492,1364796731,False,0.0,22799.0,"Dartmouth College, College Street, Hanover, Grafton County, New Hampshire, 03755, United States",university,amenity,Dartmouth College,us,62.0
66,51,133.1178167752082,0.1109315139793401,9.24429283161168e-05,1,01:04:2013 ,13,32,43.7056567,-72.2831542,1364797931,True,1.0,1200.0,"10, North Park Street, Hanover, Grafton County, New Hampshire, 03755, United States",dormitory,building,,us,55.0
67,51,7.19260866284621,0.0059938405523718,4.994867126976535e-06,1,01:04:2013 ,20,52,43.7057012,-72.2831916,1364824331,False,0.0,26400.0,"10, North Park Street, Hanover, Grafton County, New Hampshire, 03755, United States",dormitory,building,,us,55.0
117,51,404.8004465126925,0.3370528280705183,0.0002806434871528,1,01:04:2013 ,21,12,43.7086503,-72.2836295,1364825532,True,1.0,1201.0,"Class of 1978 Life Sciences Center, 78, College Street, Hanover, Grafton County, New Hampshire, 03755, United States",university,building,Class of 1978 Life Sciences Center,us,8.0
118,51,1.935383674994556,0.0016128197291621,1.3440164409684412e-06,1,01:04:2013 ,21,52,43.7086271,-72.2836304,1364827931,False,0.0,2399.0,"Class of 1978 Life Sciences Center, 78, College Street, Hanover, Grafton County, New Hampshire, 03755, United States",university,building,Class of 1978 Life Sciences Center,us,8.0
9,51,276.7614216206923,0.1153172590086218,4.804885792025909e-05,1,01:04:2013 ,22,32,43.7066108,-72.2870016,1364830331,True,1.0,2400.0,"Dartmouth College, College Street, Hanover, Grafton County, New Hampshire, 03755, United States",university,amenity,Dartmouth College,us,62.0
155,51,17.871612108794043,0.0148682297078153,1.2369575464072664e-05,2,02:04:2013 ,6,32,43.7067236,-72.2866129,1364859133,False,0.0,28802.0,"Dartmouth College, College Street, Hanover, Grafton County, New Hampshire, 03755, United States",university,amenity,Dartmouth College,us,1.0
68,51,144.93613122234615,0.1209817455946128,0.0001009864320489,2,02:04:2013 ,6,52,43.7056677,-72.2831567,1364860331,True,1.0,1198.0,"10, North Park Street, Hanover, Grafton County, New Hampshire, 03755, United States",dormitory,building,,us,55.0
69,51,0.9608447896395184,0.0008007039913662,6.672533261385544e-07,2,02:04:2013 ,21,32,43.7056564,-72.2831711,1364913131,False,0.0,52800.0,"10, North Park Street, Hanover, Grafton County, New Hampshire, 03755, United States",dormitory,building,,us,55.0
161,51,23.156347959813885,0.0192969566331782,1.6080797194315198e-05,2,02:04:2013 ,21,52,43.7058251,-72.2832868,1364914331,True,1.0,1200.0,"16, North Park Street, Hanover, Grafton County, New Hampshire, 03755, United States",dormitory,building,,us,1.0
10,51,107.65545404663852,0.0448564391860993,1.869018299420808e-05,2,02:04:2013 ,22,32,43.7066094,-72.2870079,1364916731,True,1.0,2400.0,"Dartmouth College, College Street, Hanover, Grafton County, New Hampshire, 03755, United States",university,amenity,Dartmouth College,us,62.0
11,51,1.0020184675127886,0.0008350153895939,6.95846157994992e-07,3,03:04:2013 ,11,52,43.706613,-72.2870594,1364964731,False,0.0,48000.0,"Dartmouth College, College Street, Hanover, Grafton County, New Hampshire, 03755, United States",university,amenity,Dartmouth College,us,62.0
167,51,201.76175812202328,0.1681347984350194,0.0001401123320291,3,03:04:2013 ,12,12,43.7080829,-72.2844634,1364965931,True,1.0,1200.0,"Vail Dartmouth Medical School, College Street, Hanover, Grafton County, New Hampshire, 03755, United States",bus_stop,highway,Vail Dartmouth Medical School,us,1.0
70,51,335.8678825369127,0.2798899021140939,0.000233241585095,3,03:04:2013 ,12,32,43.705636,-72.2831828,1364967131,True,1.0,1200.0,"10, North Park Street, Hanover, Grafton County, New Hampshire, 03755, United States",dormitory,building,,us,55.0
71,51,1.7981521715618265,0.0014984601429681,1.248716785806824e-06,4,04:04:2013 ,0,32,43.7056809,-72.2832108,1365010331,False,0.0,43200.0,"10, North Park Street, Hanover, Grafton County, New Hampshire, 03755, United States",dormitory,building,,us,55.0
127,51,457.7420977973298,0.3814517481644415,0.0003178764568037,4,04:04:2013 ,0,52,43.7090157,-72.2840807,1365011531,True,1.0,1200.0,"Life Sciences Greenhouse, 78, College Street, Hanover, Grafton County, New Hampshire, 03755, United States",house,place,Life Sciences Greenhouse,us,24.0
171,51,9.95141572831509,0.0082928464402625,6.91070536688548e-06,4,04:04:2013 ,1,52,43.7091062,-72.283967,1365015131,False,0.0,3600.0,"Life Sciences Greenhouse, 78, College Street, Hanover, Grafton County, New Hampshire, 03755, United States",house,place,Life Sciences Greenhouse,us,5.0
12,51,342.83890149534375,0.2856990845794531,0.0002380825704828,4,04:04:2013 ,2,12,43.7066085,-72.2870412,1365016331,True,1.0,1200.0,"Dartmouth College, College Street, Hanover, Grafton County, New Hampshire, 03755, United States",university,amenity,Dartmouth College,us,62.0
13,51,3.4041176368099224,0.0028367646973416,2.363970581118001e-06,4,04:04:2013 ,12,52,43.7065915,-72.2870644,1365054731,False,0.0,38400.0,"Dartmouth College, College Street, Hanover, Grafton County, New Hampshire, 03755, United States",university,amenity,Dartmouth College,us,62.0
72,51,129.45290602982718,0.1078774216915226,8.98978514096022e-05,4,04:04:2013 ,13,12,43.7056484,-72.2831837,1365055931,True,1.0,1200.0,"10, North Park Street, Hanover, Grafton County, New Hampshire, 03755, United States",dormitory,building,,us,55.0
73,51,2.209943204956755,0.0018416193374639,1.534682781219969e-06,4,04:04:2013 ,22,52,43.7056455,-72.2832103,1365090731,False,0.0,34800.0,"10, North Park Street, Hanover, Grafton County, New Hampshire, 03755, United States",dormitory,building,,us,55.0
119,51,409.79688298577446,0.3414974024881453,0.0002845811687401,4,04:04:2013 ,23,12,43.708631,-72.2836048,1365091931,True,1.0,1200.0,"Class of 1978 Life Sciences Center, 78, College Street, Hanover, Grafton County, New Hampshire, 03755, United States",university,building,Class of 1978 Life Sciences Center,us,8.0
120,51,1.2765295057466453,0.0010637745881222,8.864788234351703e-07,4,04:04:2013 ,23,52,43.7086459,-72.2836162,1365094331,False,0.0,2400.0,"Class of 1978 Life Sciences Center, 78, College Street, Hanover, Grafton County, New Hampshire, 03755, United States",university,building,Class of 1978 Life Sciences Center,us,8.0
14,51,282.2930833804578,0.2352442361503815,0.0001960368634586,5,05:04:2013 ,0,12,43.7065893,-72.2870293,1365095531,True,1.0,1200.0,"Dartmouth College, College Street, Hanover, Grafton County, New Hampshire, 03755, United States",university,amenity,Dartmouth College,us,62.0
15,51,1.0981025034896736,0.0009150854195747,7.6257118297894e-07,5,05:04:2013 ,12,12,43.7066013,-72.287004,1365138731,False,0.0,43200.0,"Dartmouth College, College Street, Hanover, Grafton County, New Hampshire, 03755, United States",university,amenity,Dartmouth College,us,62.0
74,51,133.29627824405395,0.1110802318700449,9.256685989170411e-05,5,05:04:2013 ,12,32,43.7056302,-72.2832228,1365139931,True,1.0,1200.0,"10, North Park Street, Hanover, Grafton County, New Hampshire, 03755, United States",dormitory,building,,us,55.0
75,51,3.047250580245757,0.0025393754835381,2.116146236281776e-06,5,05:04:2013 ,20,52,43.7056659,-72.2831761,1365169931,False,0.0,30000.0,"10, North Park Street, Hanover, Grafton County, New Hampshire, 03755, United States",dormitory,building,,us,55.0
121,51,404.7318961481451,0.3372765801234542,0.0002810638167695,5,05:04:2013 ,21,12,43.7086145,-72.2836257,1365171131,True,1.0,1200.0,"Class of 1978 Life Sciences Center, 78, College Street, Hanover, Grafton County, New Hampshire, 03755, United States",university,building,Class of 1978 Life Sciences Center,us,8.0
122,51,1.2902557349327253,0.0010752131124439,8.960109270366148e-07,5,05:04:2013 ,21,52,43.7086219,-72.283619,1365173531,False,0.0,2400.0,"Class of 1978 Life Sciences Center, 78, College Street, Hanover, Grafton County, New Hampshire, 03755, United States",university,building,Class of 1978 Life Sciences Center,us,8.0
76,51,410.8263806076545,0.1711776585865227,7.132402441105114e-05,5,05:04:2013 ,22,32,43.7056289,-72.2833186,1365175931,True,1.0,2400.0,"10, North Park Street, Hanover, Grafton County, New Hampshire, 03755, United States",dormitory,building,,us,55.0
77,51,0.1784426527223784,0.0001487022106019,1.23918508834985e-07,6,06:04:2013 ,0,32,43.7056048,-72.2832722,1365183131,False,0.0,7200.0,"10, North Park Street, Hanover, Grafton County, New Hampshire, 03755, United States",dormitory,building,,us,55.0
128,51,466.18384393226097,0.3884865366102175,0.0003237387805085,6,06:04:2013 ,0,52,43.7090011,-72.284069,1365184331,True,1.0,1200.0,"Life Sciences Greenhouse, 78, College Street, Hanover, Grafton County, New Hampshire, 03755, United States",house,place,Life Sciences Greenhouse,us,24.0
129,51,7.974862490379672,0.006645718741983,5.5380989516525504e-06,6,06:04:2013 ,1,52,43.7090138,-72.2840731,1365187931,False,0.0,3600.0,"Life Sciences Greenhouse, 78, College Street, Hanover, Grafton County, New Hampshire, 03755, United States",house,place,Life Sciences Greenhouse,us,24.0
16,51,328.5362919856421,0.2737802433213684,0.0002281502027678,6,06:04:2013 ,2,12,43.7066203,-72.2870358,1365189131,True,1.0,1200.0,"Dartmouth College, College Street, Hanover, Grafton County, New Hampshire, 03755, United States",university,amenity,Dartmouth College,us,62.0
17,51,1.5647959673395615,0.0013039966394496,1.0866638662080289e-06,6,06:04:2013 ,6,52,43.7066031,-72.2870737,1365205931,False,0.0,16800.0,"Dartmouth College, College Street, Hanover, Grafton County, New Hampshire, 03755, United States",university,amenity,Dartmouth College,us,62.0
78,51,139.3770532379434,0.0193579240608254,2.6886005640035384e-06,6,06:04:2013 ,8,52,43.7055877,-72.283312,1365213131,True,1.0,7200.0,"10, North Park Street, Hanover, Grafton County, New Hampshire, 03755, United States",dormitory,building,,us,55.0
79,51,0.01372635349735,1.1438627914458376e-05,9.532189928715312e-09,0,07:04:2013 ,4,12,43.7056507,-72.2831919,1365282731,False,0.0,69600.0,"10, North Park Street, Hanover, Grafton County, New Hampshire, 03755, United States",dormitory,building,,us,55.0
18,51,128.39598065292355,0.0534760435872234,2.2272404659401697e-05,0,07:04:2013 ,4,52,43.7065861,-72.2870388,1365285132,True,1.0,2401.0,"Dartmouth College, College Street, Hanover, Grafton County, New Hampshire, 03755, United States",university,amenity,Dartmouth College,us,62.0
19,51,3.0609604955934806,0.0025508004129945,2.125667010828806e-06,0,07:04:2013 ,13,12,43.7065998,-72.2870312,1365315131,False,0.0,29999.0,"Dartmouth College, College Street, Hanover, Grafton County, New Hampshire, 03755, United States",university,amenity,Dartmouth College,us,62.0
80,51,128.19007547499348,0.0534125314479139,2.225522143663081e-05,0,07:04:2013 ,13,52,43.7056659,-72.2832089,1365317531,True,1.0,2400.0,"10, North Park Street, Hanover, Grafton County, New Hampshire, 03755, United States",dormitory,building,,us,55.0
81,51,6.616102692707292,0.0055134189105894,4.594515758824508e-06,1,08:04:2013 ,6,32,43.7056285,-72.2832069,1365377531,False,0.0,60000.0,"10, North Park Street, Hanover, Grafton County, New Hampshire, 03755, United States",dormitory,building,,us,55.0
20,51,138.85542273950796,0.0578564261414616,2.4106844225609023e-05,1,08:04:2013 ,7,12,43.7066401,-72.2870445,1365379931,True,1.0,2400.0,"Dartmouth College, College Street, Hanover, Grafton County, New Hampshire, 03755, United States",university,amenity,Dartmouth College,us,62.0
21,51,1.5236171657289268,0.0012696809714407,1.0580674762006435e-06,1,08:04:2013 ,13,52,43.7065986,-72.2870702,1365403931,False,0.0,24000.0,"Dartmouth College, College Street, Hanover, Grafton County, New Hampshire, 03755, United States",university,amenity,Dartmouth College,us,62.0
149,51,24.15824297110589,0.0201318691425882,1.6776557618823535e-05,1,08:04:2013 ,14,12,43.7067746,-72.2833895,1365405131,True,1.0,1200.0,"22, North Park Street, Hanover, Grafton County, New Hampshire, 03755, United States",dormitory,building,,us,4.0
82,51,150.19328195296782,0.1251610682941398,0.0001043008902451,1,08:04:2013 ,14,32,43.7056804,-72.2832349,1365406331,True,1.0,1200.0,"10, North Park Street, Hanover, Grafton County, New Hampshire, 03755, United States",dormitory,building,,us,55.0
83,51,5.065024140922186,0.0042208534507684,3.517377875640407e-06,1,08:04:2013 ,20,32,43.705653,-72.2831539,1365427931,False,0.0,21600.0,"10, North Park Street, Hanover, Grafton County, New Hampshire, 03755, United States",dormitory,building,,us,55.0
123,51,405.81628946392993,0.1690901206099708,7.045421692082116e-05,1,08:04:2013 ,21,12,43.7086095,-72.2836074,1365430331,True,1.0,2400.0,"Class of 1978 Life Sciences Center, 78, College Street, Hanover, Grafton County, New Hampshire, 03755, United States",university,building,Class of 1978 Life Sciences Center,us,8.0
124,51,3.1158304942287813,0.0025965254118573,2.1637711765477648e-06,1,08:04:2013 ,21,52,43.7086291,-72.2836243,1365432731,False,0.0,2400.0,"Class of 1978 Life Sciences Center, 78, College Street, Hanover, Grafton County, New Hampshire, 03755, United States",university,building,Class of 1978 Life Sciences Center,us,8.0
84,51,414.7521019535295,0.1728133758139706,7.200557325582108e-05,1,08:04:2013 ,22,32,43.7056075,-72.2832736,1365435131,True,1.0,2400.0,"10, North Park Street, Hanover, Grafton County, New Hampshire, 03755, United States",dormitory,building,,us,55.0
85,51,3.5825786802580657,0.0029854822335483,2.487901861290324e-06,2,09:04:2013 ,0,32,43.7056271,-72.2832454,1365442331,False,0.0,7200.0,"10, North Park Street, Hanover, Grafton County, New Hampshire, 03755, United States",dormitory,building,,us,55.0
130,51,463.3424838655147,0.3861187365545955,0.0003217656137954,2,09:04:2013 ,0,52,43.7090027,-72.2839974,1365443531,True,1.0,1200.0,"Life Sciences Greenhouse, 78, College Street, Hanover, Grafton County, New Hampshire, 03755, United States",house,place,Life Sciences Greenhouse,us,24.0
131,51,1.660857561149466,0.0013840479676245,1.1533733063537957e-06,2,09:04:2013 ,1,52,43.7090005,-72.2841004,1365447131,False,0.0,3600.0,"Life Sciences Greenhouse, 78, College Street, Hanover, Grafton County, New Hampshire, 03755, United States",house,place,Life Sciences Greenhouse,us,24.0
22,51,327.8088236692596,0.273174019724383,0.0002276450164369,2,09:04:2013 ,2,12,43.7066123,-72.2870621,1365448331,True,1.0,1200.0,"Dartmouth College, College Street, Hanover, Grafton County, New Hampshire, 03755, United States",university,amenity,Dartmouth College,us,62.0
23,51,0.1921679404032673,0.000160139950336,1.3344995861338013e-07,2,09:04:2013 ,12,32,43.7065945,-72.2870656,1365485531,False,0.0,37200.0,"Dartmouth College, College Street, Hanover, Grafton County, New Hampshire, 03755, United States",university,amenity,Dartmouth College,us,62.0
86,51,128.6155962547966,0.0535898317728319,2.2329096572013298e-05,2,09:04:2013 ,13,12,43.7056575,-72.2831839,1365487931,True,1.0,2400.0,"10, North Park Street, Hanover, Grafton County, New Hampshire, 03755, United States",dormitory,building,,us,55.0
87,51,3.102156768505812,0.0025829781586226,2.1506895575542528e-06,3,10:04:2013 ,0,32,43.7056218,-72.2832644,1365528732,False,0.0,40801.0,"10, North Park Street, Hanover, Grafton County, New Hampshire, 03755, United States",dormitory,building,,us,55.0
24,51,136.81021237724804,0.1141035966449107,9.516563523345354e-05,3,10:04:2013 ,0,52,43.7066185,-72.2870738,1365529931,True,1.0,1199.0,"Dartmouth College, College Street, Hanover, Grafton County, New Hampshire, 03755, United States",university,amenity,Dartmouth College,us,62.0
25,51,3.513928167128848,0.0029282734726073,2.440227893839477e-06,3,10:04:2013 ,13,12,43.7066023,-72.2870293,1365574331,False,0.0,44400.0,"Dartmouth College, College Street, Hanover, Grafton County, New Hampshire, 03755, United States",university,amenity,Dartmouth College,us,62.0
88,51,137.40045821781845,0.114500381848182,9.541698487348503e-05,3,10:04:2013 ,13,32,43.7056013,-72.2832262,1365575531,True,1.0,1200.0,"10, North Park Street, Hanover, Grafton County, New Hampshire, 03755, United States",dormitory,building,,us,55.0
89,51,0.0137263540148135,1.1438628345677996e-05,9.532190288064996e-09,4,11:04:2013 ,0,32,43.7056514,-72.2831774,1365615131,False,0.0,39600.0,"10, North Park Street, Hanover, Grafton County, New Hampshire, 03755, United States",dormitory,building,,us,55.0
132,51,450.23399737196746,0.3751949978099729,0.0003126624981749,4,11:04:2013 ,0,52,43.7089315,-72.2840507,1365616331,True,1.0,1200.0,"Life Sciences Greenhouse, 78, College Street, Hanover, Grafton County, New Hampshire, 03755, United States",house,place,Life Sciences Greenhouse,us,24.0
133,51,2.662862804850589,0.0022190523373754,1.8492102811462425e-06,4,11:04:2013 ,1,52,43.7089789,-72.2841107,1365619931,False,0.0,3600.0,"Life Sciences Greenhouse, 78, College Street, Hanover, Grafton County, New Hampshire, 03755, United States",house,place,Life Sciences Greenhouse,us,24.0
26,51,328.7285243401644,0.273940436950137,0.0002282836974584,4,11:04:2013 ,2,12,43.706584,-72.2870617,1365621131,True,1.0,1200.0,"Dartmouth College, College Street, Hanover, Grafton County, New Hampshire, 03755, United States",university,amenity,Dartmouth College,us,62.0
27,51,2.7178034057924414,0.0022648361714937,1.887363476244751e-06,4,11:04:2013 ,22,32,43.7066065,-72.2870583,1365694331,False,0.0,73200.0,"Dartmouth College, College Street, Hanover, Grafton County, New Hampshire, 03755, United States",university,amenity,Dartmouth College,us,62.0
134,51,318.65352629610584,0.1327723026233774,5.53217927597406e-05,4,11:04:2013 ,23,12,43.708928,-72.2840667,1365696731,True,1.0,2400.0,"Life Sciences Greenhouse, 78, College Street, Hanover, Grafton County, New Hampshire, 03755, United States",house,place,Life Sciences Greenhouse,us,24.0
135,51,0.8784703541770814,0.0007320586284809,6.100488570674177e-07,4,11:04:2013 ,23,52,43.7089552,-72.2840771,1365699131,False,0.0,2400.0,"Life Sciences Greenhouse, 78, College Street, Hanover, Grafton County, New Hampshire, 03755, United States",house,place,Life Sciences Greenhouse,us,24.0
28,51,321.60462766630195,0.268003856388585,0.0002233365469904,5,12:04:2013 ,0,12,43.7066122,-72.2870593,1365700331,True,1.0,1200.0,"Dartmouth College, College Street, Hanover, Grafton County, New Hampshire, 03755, United States",university,amenity,Dartmouth College,us,62.0
29,51,5.668953947850648,0.0047241282898755,3.936773574896283e-06,5,12:04:2013 ,15,12,43.7065838,-72.2869176,1365754332,False,0.0,54001.0,"Dartmouth College, College Street, Hanover, Grafton County, New Hampshire, 03755, United States",university,amenity,Dartmouth College,us,62.0
90,51,142.14979334971835,0.1184581611247652,9.871513427063776e-05,5,12:04:2013 ,15,32,43.7055482,-72.2831473,1365755532,True,1.0,1200.0,"10, North Park Street, Hanover, Grafton County, New Hampshire, 03755, United States",dormitory,building,,us,55.0
91,51,3.006073409011008,0.0025050611741758,2.0875509784798666e-06,6,13:04:2013 ,0,32,43.7055319,-72.283202,1365787932,False,0.0,32400.0,"10, North Park Street, Hanover, Grafton County, New Hampshire, 03755, United States",dormitory,building,,us,55.0
172,51,495.1872702499127,0.4126560585415939,0.0003438800487846,6,13:04:2013 ,0,52,43.7091395,-72.2839086,1365789132,True,1.0,1200.0,"Life Sciences Greenhouse, 78, College Street, Hanover, Grafton County, New Hampshire, 03755, United States",house,place,Life Sciences Greenhouse,us,5.0
136,51,24.80304871889515,0.0206692072657459,1.7224339388121634e-05,6,13:04:2013 ,1,12,43.7089588,-72.2840741,1365790332,True,1.0,1200.0,"Life Sciences Greenhouse, 78, College Street, Hanover, Grafton County, New Hampshire, 03755, United States",house,place,Life Sciences Greenhouse,us,24.0
173,51,23.44416623624498,0.0195368051968708,1.6280670997392347e-05,6,13:04:2013 ,1,32,43.7091296,-72.283881,1365791532,True,1.0,1200.0,"Life Sciences Greenhouse, 78, College Street, Hanover, Grafton County, New Hampshire, 03755, United States",house,place,Life Sciences Greenhouse,us,5.0
30,51,346.3802365756245,0.1443250985731768,6.01354577388237e-05,6,13:04:2013 ,2,12,43.7066061,-72.2870774,1365793932,True,1.0,2400.0,"Dartmouth College, College Street, Hanover, Grafton County, New Hampshire, 03755, United States",university,amenity,Dartmouth College,us,62.0
31,51,3.431570099032547,0.0028572606986116,2.3790680254884366e-06,6,13:04:2013 ,13,52,43.7066215,-72.2870517,1365835933,False,0.0,42001.0,"Dartmouth College, College Street, Hanover, Grafton County, New Hampshire, 03755, United States",university,amenity,Dartmouth College,us,62.0
92,51,143.8792845785509,0.1199994033182242,0.0001000829051861,6,13:04:2013 ,14,12,43.7055733,-72.283155,1365837132,True,1.0,1199.0,"10, North Park Street, Hanover, Grafton County, New Hampshire, 03755, United States",dormitory,building,,us,55.0
93,51,3.719842716217528,0.0030998689301812,2.583224108484394e-06,0,14:04:2013 ,2,52,43.7056033,-72.2831646,1365882732,False,0.0,45600.0,"10, North Park Street, Hanover, Grafton County, New Hampshire, 03755, United States",dormitory,building,,us,55.0
32,51,137.46908807761454,0.1144621882411445,9.530573542143588e-05,0,14:04:2013 ,3,12,43.7066048,-72.2870488,1365883933,True,1.0,1201.0,"Dartmouth College, College Street, Hanover, Grafton County, New Hampshire, 03755, United States",university,amenity,Dartmouth College,us,62.0
33,51,1.907952862643492,0.0015899607188695,1.324967265724647e-06,1,15:04:2013 ,13,32,43.7066264,-72.287055,1366007532,False,0.0,123599.0,"Dartmouth College, College Street, Hanover, Grafton County, New Hampshire, 03755, United States",university,amenity,Dartmouth College,us,62.0
164,51,189.9984160774121,0.1583320133978434,0.0001319433444982,1,15:04:2013 ,13,52,43.7080106,-72.284832,1366008732,True,1.0,1200.0,"Anonymous Hall, 64, College Street, Hanover, Grafton County, New Hampshire, 03755, United States",university,building,Anonymous Hall,us,2.0
94,51,332.0795435968462,0.2767329529973718,0.0002306107941644,1,15:04:2013 ,14,12,43.7055913,-72.2831811,1366009932,True,1.0,1200.0,"10, North Park Street, Hanover, Grafton County, New Hampshire, 03755, United States",dormitory,building,,us,55.0
95,51,0.0686318179824463,2.8608511038952225e-05,1.1925181758629522e-08,2,16:04:2013 ,0,32,43.7055297,-72.283212,1366047132,False,0.0,37200.0,"10, North Park Street, Hanover, Grafton County, New Hampshire, 03755, United States",dormitory,building,,us,55.0
174,51,494.7480416288404,0.4122900346907003,0.0003435750289089,2,16:04:2013 ,0,52,43.7091341,-72.2839089,1366048332,True,1.0,1200.0,"Life Sciences Greenhouse, 78, College Street, Hanover, Grafton County, New Hampshire, 03755, United States",house,place,Life Sciences Greenhouse,us,5.0
137,51,1.4000613510512538,0.0011667177925427,9.722648271189264e-07,2,16:04:2013 ,1,32,43.7090618,-72.2839519,1366050732,False,0.0,2400.0,"Life Sciences Greenhouse, 78, College Street, Hanover, Grafton County, New Hampshire, 03755, United States",house,place,Life Sciences Greenhouse,us,24.0
168,51,51.48662265833544,0.0428697940535682,3.569508247591026e-05,2,16:04:2013 ,1,52,43.7086867,-72.28431,1366051933,True,1.0,1201.0,"Dewey Field Road, Hanover, Grafton County, New Hampshire, 03755, United States",bicycle_parking,amenity,,us,1.0
34,51,278.9026280664671,0.2326127006392553,0.0001940055885231,2,16:04:2013 ,2,12,43.7066548,-72.2870458,1366053132,True,1.0,1199.0,"Dartmouth College, College Street, Hanover, Grafton County, New Hampshire, 03755, United States",university,amenity,Dartmouth College,us,62.0
35,51,12.339921506761977,0.0108150057026835,9.478532605331804e-06,3,17:04:2013 ,6,11,43.7067199,-72.2869649,1366153873,False,0.0,100741.0,"Dartmouth College, College Street, Hanover, Grafton County, New Hampshire, 03755, United States",university,amenity,Dartmouth College,us,62.0
156,51,22.15419272027032,0.0175966582369105,1.3976694389920968e-05,3,17:04:2013 ,6,32,43.7068813,-72.2869631,1366155132,True,1.0,1259.0,"Dartmouth College, College Street, Hanover, Grafton County, New Hampshire, 03755, United States",university,amenity,Dartmouth College,us,3.0
153,51,3.006050993767241,0.002505042494806,2.0875354123383618e-06,3,17:04:2013 ,6,52,43.7068594,-72.2869257,1366156332,False,0.0,1200.0,"Dartmouth College, College Street, Hanover, Grafton County, New Hampshire, 03755, United States",university,amenity,Dartmouth College,us,1.0
36,51,33.43719489621163,0.0278643290801763,2.32202742334803e-05,3,17:04:2013 ,7,12,43.7066158,-72.2870443,1366157532,True,1.0,1200.0,"Dartmouth College, College Street, Hanover, Grafton County, New Hampshire, 03755, United States",university,amenity,Dartmouth College,us,62.0
37,51,2.676624540189773,0.0022305204501581,1.8587670417984536e-06,3,17:04:2013 ,13,12,43.706628,-72.2870925,1366179132,False,0.0,21600.0,"Dartmouth College, College Street, Hanover, Grafton County, New Hampshire, 03755, United States",university,amenity,Dartmouth College,us,62.0
96,51,141.62815643123034,0.1180234636926919,9.835288641057662e-05,3,17:04:2013 ,13,32,43.7055962,-72.283156,1366180332,True,1.0,1200.0,"10, North Park Street, Hanover, Grafton County, New Hampshire, 03755, United States",dormitory,building,,us,55.0
97,51,5.874880677339616,0.004895733897783,4.079778248152511e-06,3,17:04:2013 ,20,52,43.7055976,-72.2831783,1366206732,False,0.0,26400.0,"10, North Park Street, Hanover, Grafton County, New Hampshire, 03755, United States",dormitory,building,,us,55.0
138,51,459.0600176557667,0.4019789996985698,0.0003519956214523,3,17:04:2013 ,21,11,43.708942,-72.2840548,1366207874,True,1.0,1142.0,"Life Sciences Greenhouse, 78, College Street, Hanover, Grafton County, New Hampshire, 03755, United States",house,place,Life Sciences Greenhouse,us,24.0
139,51,0.9196486555662252,0.0007663738796385,6.386448996987676e-07,3,17:04:2013 ,21,52,43.708954,-72.2840361,1366210332,False,0.0,2458.0,"Life Sciences Greenhouse, 78, College Street, Hanover, Grafton County, New Hampshire, 03755, United States",house,place,Life Sciences Greenhouse,us,24.0
38,51,322.49683806608994,0.2687473650550749,0.0002239561375458,3,17:04:2013 ,22,12,43.7066045,-72.2870017,1366211532,True,1.0,1200.0,"Dartmouth College, College Street, Hanover, Grafton County, New Hampshire, 03755, United States",university,amenity,Dartmouth College,us,62.0
39,51,0.9745658541699312,0.0008121382118082,6.767818431735632e-07,4,18:04:2013 ,12,52,43.7066154,-72.2870608,1366264332,False,0.0,52800.0,"Dartmouth College, College Street, Hanover, Grafton County, New Hampshire, 03755, United States",university,amenity,Dartmouth College,us,62.0
159,51,62.18012707531117,0.0518167725627593,4.318064380229943e-05,4,18:04:2013 ,13,12,43.7061624,-72.2833569,1366265532,True,1.0,1200.0,"North Park Street, Hanover, Grafton County, New Hampshire, 03755, United States",parking,amenity,,us,2.0
98,51,75.54975360558055,0.0629581280046504,5.2465106670542055e-05,4,18:04:2013 ,13,32,43.705612,-72.283172,1366266732,True,1.0,1200.0,"10, North Park Street, Hanover, Grafton County, New Hampshire, 03755, United States",dormitory,building,,us,55.0
99,51,1.6608892916393565,0.0013840744096994,1.1533953414162197e-06,4,18:04:2013 ,22,52,43.7055992,-72.2831365,1366300332,False,0.0,33600.0,"10, North Park Street, Hanover, Grafton County, New Hampshire, 03755, United States",dormitory,building,,us,55.0
140,51,462.8209647480433,0.3856841372900361,0.0003214034477416,4,18:04:2013 ,23,12,43.708971,-72.2841106,1366301532,True,1.0,1200.0,"Life Sciences Greenhouse, 78, College Street, Hanover, Grafton County, New Hampshire, 03755, United States",house,place,Life Sciences Greenhouse,us,24.0
141,51,1.7157626654114038,0.0014298022211761,1.1915018509801415e-06,4,18:04:2013 ,23,52,43.7089379,-72.2841192,1366303932,False,0.0,2400.0,"Life Sciences Greenhouse, 78, College Street, Hanover, Grafton County, New Hampshire, 03755, United States",house,place,Life Sciences Greenhouse,us,24.0
40,51,317.6103113340435,0.2646752594450362,0.0002205627162041,5,19:04:2013 ,0,12,43.706624,-72.2870637,1366305132,True,1.0,1200.0,"Dartmouth College, College Street, Hanover, Grafton County, New Hampshire, 03755, United States",university,amenity,Dartmouth College,us,62.0
150,51,13.16350127013868,0.0109695843917822,9.141320326485192e-06,5,19:04:2013 ,13,32,43.706679,-72.2834401,1366353132,False,0.0,48000.0,"22, North Park Street, Hanover, Grafton County, New Hampshire, 03755, United States",dormitory,building,,us,4.0
100,51,148.02459791814985,0.1233538315984582,0.0001027948596653,5,19:04:2013 ,13,52,43.7056006,-72.2831826,1366354332,True,1.0,1200.0,"10, North Park Street, Hanover, Grafton County, New Hampshire, 03755, United States",dormitory,building,,us,55.0
101,51,3.102156549190952,0.0012925652288295,5.385688453456514e-07,5,19:04:2013 ,20,52,43.7056344,-72.2831716,1366379532,False,0.0,25200.0,"10, North Park Street, Hanover, Grafton County, New Hampshire, 03755, United States",dormitory,building,,us,55.0
142,51,455.9303722956419,0.3995884069199316,0.0003502089455915,5,19:04:2013 ,21,11,43.708956,-72.2841408,1366380673,True,1.0,1141.0,"Life Sciences Greenhouse, 78, College Street, Hanover, Grafton County, New Hampshire, 03755, United States",house,place,Life Sciences Greenhouse,us,24.0
143,51,6.437541034617655,0.005364617528848,4.470514607373371e-06,5,19:04:2013 ,21,52,43.7089216,-72.2841091,1366383132,False,0.0,2459.0,"Life Sciences Greenhouse, 78, College Street, Hanover, Grafton County, New Hampshire, 03755, United States",house,place,Life Sciences Greenhouse,us,24.0
151,51,316.60832195698,0.2638402682974833,0.0002198668902479,5,19:04:2013 ,22,12,43.706615,-72.2834516,1366384332,True,1.0,1200.0,"22, North Park Street, Hanover, Grafton County, New Hampshire, 03755, United States",dormitory,building,,us,4.0
102,51,141.90269396508006,0.1182522449709,9.854353747575004e-05,5,19:04:2013 ,22,32,43.7055812,-72.2832095,1366385532,True,1.0,1200.0,"10, North Park Street, Hanover, Grafton County, New Hampshire, 03755, United States",dormitory,building,,us,55.0
103,51,1.1667405871956749,0.000972283822663,8.102365188858853e-07,5,19:04:2013 ,23,32,43.7055828,-72.2831856,1366389132,False,0.0,3600.0,"10, North Park Street, Hanover, Grafton County, New Hampshire, 03755, United States",dormitory,building,,us,55.0
41,51,139.45941476021562,0.1162161789668463,9.68468158057053e-05,5,19:04:2013 ,23,52,43.7065988,-72.2870505,1366390332,True,1.0,1200.0,"Dartmouth College, College Street, Hanover, Grafton County, New Hampshire, 03755, United States",university,amenity,Dartmouth College,us,62.0
42,51,1.578522279081254,0.0013154352325677,1.0961960271397597e-06,6,20:04:2013 ,11,12,43.706611,-72.2870431,1366431132,False,0.0,40800.0,"Dartmouth College, College Street, Hanover, Grafton County, New Hampshire, 03755, United States",university,amenity,Dartmouth College,us,62.0
104,51,134.03749416867907,0.1141716304673586,9.72501111306292e-05,6,20:04:2013 ,11,31,43.7056345,-72.2831202,1366432306,True,1.0,1174.0,"10, North Park Street, Hanover, Grafton County, New Hampshire, 03755, United States",dormitory,building,,us,55.0
105,51,1.2628248148828394,0.0010523540124023,8.769616770019718e-07,6,20:04:2013 ,23,52,43.7056152,-72.2831642,1366476732,False,0.0,44426.0,"10, North Park Street, Hanover, Grafton County, New Hampshire, 03755, United States",dormitory,building,,us,55.0
152,51,148.97169865914765,0.0620715411079781,2.586314212832425e-05,0,21:04:2013 ,0,32,43.7067005,-72.2834813,1366479132,True,1.0,2400.0,"22, North Park Street, Hanover, Grafton County, New Hampshire, 03755, United States",dormitory,building,,us,4.0
43,51,17.36373950999641,0.014469782924997,1.2058152437497508e-05,0,21:04:2013 ,2,12,43.7067255,-72.286996,1366485132,False,0.0,6000.0,"Dartmouth College, College Street, Hanover, Grafton County, New Hampshire, 03755, United States",university,amenity,Dartmouth College,us,62.0
44,51,24.254333628970016,0.0202119446908083,1.684328724234029e-05,0,21:04:2013 ,2,32,43.7065488,-72.2870146,1366486332,True,1.0,1200.0,"Dartmouth College, College Street, Hanover, Grafton County, New Hampshire, 03755, United States",university,amenity,Dartmouth College,us,62.0
45,51,6.629793077545151,0.0055248275646209,4.6040229705174655e-06,0,21:04:2013 ,6,52,43.7066427,-72.287022,1366501932,False,0.0,15600.0,"Dartmouth College, College Street, Hanover, Grafton County, New Hampshire, 03755, United States",university,amenity,Dartmouth College,us,62.0
106,51,142.3281889727178,0.1186068241439315,9.883902011994292e-05,0,21:04:2013 ,7,12,43.7056058,-72.2831883,1366503132,True,1.0,1200.0,"10, North Park Street, Hanover, Grafton County, New Hampshire, 03755, United States",dormitory,building,,us,55.0
107,51,6.382755850253605,0.0053189632085446,4.4324693404538924e-06,1,22:04:2013 ,18,12,43.705643,-72.2831368,1366629132,False,0.0,126000.0,"10, North Park Street, Hanover, Grafton County, New Hampshire, 03755, United States",dormitory,building,,us,55.0
46,51,134.1335717255248,0.0047602232850282,1.689340366608066e-07,2,23:04:2013 ,2,1,43.7066202,-72.287043,1366657310,True,1.0,28178.0,"Dartmouth College, College Street, Hanover, Grafton County, New Hampshire, 03755, United States",university,amenity,Dartmouth College,us,62.0
47,51,3.5825593340785744,0.0029854661117321,2.4878884264434544e-06,2,23:04:2013 ,13,1,43.7065885,-72.2870451,1366696911,False,0.0,39601.0,"Dartmouth College, College Street, Hanover, Grafton County, New Hampshire, 03755, United States",university,amenity,Dartmouth College,us,62.0
108,51,133.99633203593993,0.0558318050149749,2.3263252089572904e-05,2,23:04:2013 ,13,41,43.7056123,-72.2831563,1366699311,True,1.0,2400.0,"10, North Park Street, Hanover, Grafton County, New Hampshire, 03755, United States",dormitory,building,,us,55.0
109,51,1.866784407473012,0.0015556536728941,1.2963780607451474e-06,2,23:04:2013 ,21,21,43.705636,-72.2831169,1366726911,False,0.0,27600.0,"10, North Park Street, Hanover, Grafton County, New Hampshire, 03755, United States",dormitory,building,,us,55.0
48,51,131.5530362091354,0.0548137650871397,2.283906878630823e-05,2,23:04:2013 ,22,1,43.7065944,-72.2870607,1366729311,True,1.0,2400.0,"Dartmouth College, College Street, Hanover, Grafton County, New Hampshire, 03755, United States",university,amenity,Dartmouth College,us,62.0
49,51,7.069034171477947,0.0058908618095649,4.909051507970797e-06,3,24:04:2013 ,6,1,43.7066406,-72.2870254,1366758111,False,0.0,28800.0,"Dartmouth College, College Street, Hanover, Grafton County, New Hampshire, 03755, United States",university,amenity,Dartmouth College,us,62.0
157,51,39.66891111311954,0.0330574259275996,2.7547854939666342e-05,3,24:04:2013 ,6,21,43.7069296,-72.2869042,1366759311,True,1.0,1200.0,"Dartmouth College, College Street, Hanover, Grafton County, New Hampshire, 03755, United States",university,amenity,Dartmouth College,us,3.0
158,51,1.4687091075140033,0.0012239242562616,1.0199368802180578e-06,3,24:04:2013 ,7,1,43.7069655,-72.2869419,1366761711,False,0.0,2400.0,"Dartmouth College, College Street, Hanover, Grafton County, New Hampshire, 03755, United States",university,amenity,Dartmouth College,us,3.0
50,51,51.92646993662333,0.0108180145701298,2.253753035443721e-06,3,24:04:2013 ,8,21,43.7065872,-72.2870593,1366766511,True,1.0,4800.0,"Dartmouth College, College Street, Hanover, Grafton County, New Hampshire, 03755, United States",university,amenity,Dartmouth College,us,62.0
51,51,0.57650374965167,0.0004804197913763,4.00349826146993e-07,3,24:04:2013 ,12,41,43.7066192,-72.2870474,1366782111,False,0.0,15600.0,"Dartmouth College, College Street, Hanover, Grafton County, New Hampshire, 03755, United States",university,amenity,Dartmouth College,us,62.0
110,51,135.87681962012522,0.113230683016771,9.435890251397585e-05,3,24:04:2013 ,13,1,43.7056293,-72.2831025,1366783311,True,1.0,1200.0,"10, North Park Street, Hanover, Grafton County, New Hampshire, 03755, United States",dormitory,building,,us,55.0
111,51,1.6608893308277752,0.0013840744423564,1.1533953686303996e-06,4,25:04:2013 ,0,21,43.7056072,-72.2831662,1366824111,False,0.0,40800.0,"10, North Park Street, Hanover, Grafton County, New Hampshire, 03755, United States",dormitory,building,,us,55.0
52,51,139.85745774390588,0.1165478814532549,9.712323454437907e-05,4,25:04:2013 ,0,41,43.7066261,-72.2870478,1366825311,True,1.0,1200.0,"Dartmouth College, College Street, Hanover, Grafton County, New Hampshire, 03755, United States",university,amenity,Dartmouth College,us,62.0
53,51,6.080741068155635,0.005067284223463,4.222736852885857e-06,4,25:04:2013 ,7,21,43.7066648,-72.287029,1366849311,False,0.0,24000.0,"Dartmouth College, College Street, Hanover, Grafton County, New Hampshire, 03755, United States",university,amenity,Dartmouth College,us,62.0
112,51,153.89949218542856,0.1282495768211904,0.0001068746473509,4,25:04:2013 ,7,41,43.7055436,-72.2831438,1366850511,True,1.0,1200.0,"10, North Park Street, Hanover, Grafton County, New Hampshire, 03755, United States",dormitory,building,,us,55.0
113,51,1.2353719332491786,0.0010705129404238,9.27654194474782e-07,4,25:04:2013 ,10,21,43.7056395,-72.2831455,1366860065,False,0.0,9554.0,"10, North Park Street, Hanover, Grafton County, New Hampshire, 03755, United States",dormitory,building,,us,55.0
54,51,130.77063558020288,0.0005788949635462,2.562650073025452e-09,0,28:04:2013 ,1,6,43.7065922,-72.2870153,1367085962,True,1.0,225897.0,"Dartmouth College, College Street, Hanover, Grafton County, New Hampshire, 03755, United States",university,amenity,Dartmouth College,us,62.0
55,51,6.108194532177425,0.0050901621101478,4.241801758456545e-06,0,28:04:2013 ,11,46,43.7066384,-72.2870187,1367124362,False,0.0,38400.0,"Dartmouth College, College Street, Hanover, Grafton County, New Hampshire, 03755, United States",university,amenity,Dartmouth College,us,62.0
160,51,60.8761193368542,0.0507300994473784,4.227508287281541e-05,0,28:04:2013 ,12,6,43.7061949,-72.2833028,1367125562,True,1.0,1200.0,"North Park Street, Hanover, Grafton County, New Hampshire, 03755, United States",parking,amenity,,us,2.0
114,51,75.57719252430745,0.0629809937702562,5.248416147521351e-05,0,28:04:2013 ,12,26,43.7056443,-72.283172,1367126762,True,1.0,1200.0,"10, North Park Street, Hanover, Grafton County, New Hampshire, 03755, United States",dormitory,building,,us,55.0
115,51,0.7961286572945901,0.0006634405477454,5.528671231212432e-07,0,28:04:2013 ,21,46,43.7056235,-72.283168,1367160362,False,0.0,33600.0,"10, North Park Street, Hanover, Grafton County, New Hampshire, 03755, United States",dormitory,building,,us,55.0
162,51,23.01911048793048,0.0191825920732753,1.5985493394396164e-05,0,28:04:2013 ,22,6,43.7054558,-72.2831656,1367161562,True,1.0,1200.0,"10, North Park Street, Hanover, Grafton County, New Hampshire, 03755, United States",dormitory,building,,us,1.0
116,51,10.130058448802696,0.0084417153740022,7.034762811668538e-06,0,28:04:2013 ,22,26,43.7055296,-72.2831426,1367162762,False,0.0,1200.0,"10, North Park Street, Hanover, Grafton County, New Hampshire, 03755, United States",dormitory,building,,us,55.0
56,51,151.56603705714377,0.0631525154404765,2.6313548100198573e-05,0,28:04:2013 ,23,6,43.7066338,-72.2870344,1367165162,True,1.0,2400.0,"Dartmouth College, College Street, Hanover, Grafton County, New Hampshire, 03755, United States",university,amenity,Dartmouth College,us,62.0
57,51,1.9628581484394445,0.003271430247399,5.452383745665124e-06,6,11:05:2013 ,0,29,43.7065971,-72.2870407,1368206996,False,0.0,1041834.0,"Dartmouth College, College Street, Hanover, Grafton County, New Hampshire, 03755, United States",university,amenity,Dartmouth College,us,62.0
154,51,20.49334659653035,0.0340421039809474,5.654834548330137e-05,6,11:05:2013 ,0,39,43.7064478,-72.2865944,1368207598,True,1.0,602.0,"Dartmouth College, College Street, Hanover, Grafton County, New Hampshire, 03755, United States",university,amenity,Dartmouth College,us,1.0
144,51,350.5396004219356,0.2928484548220013,0.0002446520090409,6,11:05:2013 ,0,59,43.708977,-72.2839654,1368208796,True,1.0,1198.0,"Life Sciences Greenhouse, 78, College Street, Hanover, Grafton County, New Hampshire, 03755, United States",house,place,Life Sciences Greenhouse,us,24.0
145,51,3.225633223528098,0.0053760553725468,8.96009228757805e-06,6,11:05:2013 ,1,29,43.7089758,-72.2839732,1368210596,False,0.0,1800.0,"Life Sciences Greenhouse, 78, College Street, Hanover, Grafton County, New Hampshire, 03755, United States",house,place,Life Sciences Greenhouse,us,24.0
175,51,30.81507039610595,0.0513584506601765,8.559741776696097e-05,6,11:05:2013 ,1,39,43.7092003,-72.2838218,1368211196,True,1.0,600.0,"Life Sciences Greenhouse, 78, College Street, Hanover, Grafton County, New Hampshire, 03755, United States",house,place,Life Sciences Greenhouse,us,5.0
146,51,22.689221780267268,0.0378153696337787,6.302561605629796e-05,6,11:05:2013 ,1,49,43.709035,-72.2839514,1368211796,True,1.0,600.0,"Life Sciences Greenhouse, 78, College Street, Hanover, Grafton County, New Hampshire, 03755, United States",house,place,Life Sciences Greenhouse,us,24.0
165,51,617.2976667270951,0.3427527299983871,0.0001903124541912,6,11:05:2013 ,2,19,43.7045378,-72.2948911,1368213597,True,1.0,1801.0,"The Irving Institute for Energy & Society, 10, Thayer Drive, Hanover, Grafton County, New Hampshire, 03755, United States",university,building,The Irving Institute for Energy & Society,us,2.0
166,51,0.3157081048133672,0.0005261801746889,8.76966957814909e-07,6,11:05:2013 ,3,19,43.7045458,-72.294893,1368217196,False,0.0,3599.0,"The Irving Institute for Energy & Society, 10, Thayer Drive, Hanover, Grafton County, New Hampshire, 03755, United States",university,building,The Irving Institute for Energy & Society,us,2.0
169,51,22.03094527684469,0.036657146883269,6.099358882407495e-05,6,11:05:2013 ,3,29,43.7043853,-72.2950171,1368217797,True,1.0,601.0,"The Irving Institute for Energy & Society, 10, Thayer Drive, Hanover, Grafton County, New Hampshire, 03755, United States",university,building,The Irving Institute for Energy & Society,us,2.0
170,51,0.3568878617064241,0.3568878617064241,0.3568878617064241,6,11:05:2013 ,3,39,43.7043297,-72.2949859,1368218397,False,0.0,600.0,"The Irving Institute for Energy & Society, 10, Thayer Drive, Hanover, Grafton County, New Hampshire, 03755, United States",university,building,The Irving Institute for Energy & Society,us,2.0
58,51,314.7730647041444,0.2625296619717635,0.0002189571826286,6,11:05:2013 ,3,59,43.7066229,-72.2870333,1368219596,True,1.0,1199.0,"Dartmouth College, College Street, Hanover, Grafton County, New Hampshire, 03755, United States",university,amenity,Dartmouth College,us,62.0
59,51,0.4941460408010188,0.0008222063906838,1.3680638780098028e-06,1,13:05:2013 ,22,54,43.7066299,-72.2871018,1368460468,False,0.0,240872.0,"Dartmouth College, College Street, Hanover, Grafton County, New Hampshire, 03755, United States",university,amenity,Dartmouth College,us,62.0
147,51,320.6712209991292,0.0485791881531781,7.35936799775461e-06,2,14:05:2013 ,0,44,43.7089661,-72.2840113,1368467069,True,1.0,6601.0,"Life Sciences Greenhouse, 78, College Street, Hanover, Grafton County, New Hampshire, 03755, United States",house,place,Life Sciences Greenhouse,us,24.0
148,51,0.0686305030183261,0.0001143841716972,1.906402861620171e-07,2,14:05:2013 ,1,54,43.7089435,-72.2839878,1368471269,False,0.0,4200.0,"Life Sciences Greenhouse, 78, College Street, Hanover, Grafton County, New Hampshire, 03755, United States",house,place,Life Sciences Greenhouse,us,24.0
178,51,1153.7608778387005,0.9606668424968364,0.0007998891278075,2,14:05:2013 ,2,14,43.7005381,-72.2896676,1368472470,True,1.0,1201.0,"Nugget Arcade, 43-57, South Main Street, Hanover, Grafton County, New Hampshire, 03755, United States",yes,building,Nugget Arcade,us,1.0
60,51,838.0722562662759,0.698976026910989,0.0005829658272818,2,14:05:2013 ,2,34,43.7066436,-72.2871172,1368473669,True,1.0,1199.0,"Dartmouth College, College Street, Hanover, Grafton County, New Hampshire, 03755, United States",university,amenity,Dartmouth College,us,62.0
61,51,5.408153676696019,0.00901358946116,1.5022649101933385e-05,4,16:05:2013 ,5,51,43.7066156,-72.2870873,1368658276,False,0.0,184607.0,"Dartmouth College, College Street, Hanover, Grafton County, New Hampshire, 03755, United States",university,amenity,Dartmouth College,us,62.0
